MDC_Number,CPU_cost,RAM_cost,disk_cost
0,0.5591716707309855,0.6878013016638922,0.8954104834685459
1,0.5029688768332882,0.5431321342966675,0.6270351419017393
2,0.9560883066179788,0.576266762888509,0.6041463804778651
3,0.972438555599082,0.9014237519048518,0.7925716443991878
4,0.9445135612341891,0.9933774158585817,0.969356782394071
5,0.8619823511795586,0.5145199768862843,0.7910572952017167
