MDC_Number, CPU_capacity, RAM_capacity,disk_capacity
0,2.7121874078634787,2.5551666894131637,2.194791893239836
1,2.7121874078634787,2.5551666894131637,2.194791893239836
2,2.7121874078634787,2.5551666894131637,2.194791893239836
3,2.7121874078634787,2.5551666894131637,2.194791893239836
4,2.7121874078634787,2.5551666894131637,2.194791893239836
5,2.7121874078634787,2.5551666894131637,2.194791893239836
