MDC_Number,CPU_cost,RAM_cost,disk_cost
0,0.8982264774994348,0.7054111457279888,0.991705690432436
1,0.542669730236105,0.9552150147245415,0.7148949571956363
2,0.9551959151364127,0.8648386203458986,0.5507853390855368
3,0.8047514020676735,0.689329754084352,0.9180309674223188
4,0.7233192405948634,0.7733710455827323,0.9118515474737786
5,0.9764778118906619,0.5580205169804591,0.7178439791928932
