MDC_Number,CPU_cost,RAM_cost,disk_cost
0,0.8382020617065811,0.771611928455545,0.5264829450894047
1,0.9839272008710107,0.5060267005094361,0.687174180954109
2,0.5699759716118269,0.8122301099643656,0.9437462285392777
3,0.5144280862666322,0.6858115741251547,0.7241922147779536
4,0.7344123331545946,0.5400592806112291,0.5572061252867481
5,0.7586472127400639,0.901719707150576,0.9294218572797593
