MDC_Number, CPU_capacity, RAM_capacity,disk_capacity
0,2.8038364128375703,2.5866650772080195,2.6171631929180212
1,2.8038364128375703,2.5866650772080195,2.6171631929180212
2,2.8038364128375703,2.5866650772080195,2.6171631929180212
3,2.8038364128375703,2.5866650772080195,2.6171631929180212
4,2.8038364128375703,2.5866650772080195,2.6171631929180212
5,2.8038364128375703,2.5866650772080195,2.6171631929180212
