MDC_Number, CPU_capacity, RAM_capacity,disk_capacity
0,2.123653088116414,3.2147412475846457,2.721867550782246
1,2.123653088116414,3.2147412475846457,2.721867550782246
2,2.123653088116414,3.2147412475846457,2.721867550782246
3,2.123653088116414,3.2147412475846457,2.721867550782246
4,2.123653088116414,3.2147412475846457,2.721867550782246
5,2.123653088116414,3.2147412475846457,2.721867550782246
