MDC_Number, CPU_capacity, RAM_capacity,disk_capacity
0,2.740165906982871,2.64297150094151,2.481647013446831
1,2.740165906982871,2.64297150094151,2.481647013446831
2,2.740165906982871,2.64297150094151,2.481647013446831
3,2.740165906982871,2.64297150094151,2.481647013446831
4,2.740165906982871,2.64297150094151,2.481647013446831
5,2.740165906982871,2.64297150094151,2.481647013446831
