MDC_Number, CPU_capacity, RAM_capacity,disk_capacity
0,2.4266519757436855,2.733979403170524,2.6444546775333353
1,2.4266519757436855,2.733979403170524,2.6444546775333353
2,2.4266519757436855,2.733979403170524,2.6444546775333353
3,2.4266519757436855,2.733979403170524,2.6444546775333353
4,2.4266519757436855,2.733979403170524,2.6444546775333353
5,2.4266519757436855,2.733979403170524,2.6444546775333353
