MDC_Number, CPU_capacity, RAM_capacity,disk_capacity
0,2.480677720725352,2.783574932698054,2.061704694432236
1,2.480677720725352,2.783574932698054,2.061704694432236
2,2.480677720725352,2.783574932698054,2.061704694432236
3,2.480677720725352,2.783574932698054,2.061704694432236
4,2.480677720725352,2.783574932698054,2.061704694432236
5,2.480677720725352,2.783574932698054,2.061704694432236
