MDC_Number, CPU_capacity, RAM_capacity,disk_capacity
0,2.223821560715342,2.519285360604478,2.476229577800965
1,2.223821560715342,2.519285360604478,2.476229577800965
2,2.223821560715342,2.519285360604478,2.476229577800965
3,2.223821560715342,2.519285360604478,2.476229577800965
4,2.223821560715342,2.519285360604478,2.476229577800965
5,2.223821560715342,2.519285360604478,2.476229577800965
