MDC_Number, CPU_capacity, RAM_capacity,disk_capacity
0,2.753486812612096,2.7322289062013314,2.6512764944392724
1,2.753486812612096,2.7322289062013314,2.6512764944392724
2,2.753486812612096,2.7322289062013314,2.6512764944392724
3,2.753486812612096,2.7322289062013314,2.6512764944392724
4,2.753486812612096,2.7322289062013314,2.6512764944392724
5,2.753486812612096,2.7322289062013314,2.6512764944392724
