MDC_Number,CPU_cost,RAM_cost,disk_cost
0,0.9661275194423521,0.8226041780121807,0.7078523054151885
1,0.7109565963669136,0.7242522256573327,0.967619930471058
2,0.7756520466699621,0.7636968144249223,0.5563502569778083
3,0.8642314481382779,0.6195722780261542,0.5667123240216501
4,0.5231172150102616,0.6301958153737985,0.7922461998757442
5,0.6062431560246441,0.9796981511508684,0.5762184597480706
