MDC_Number, CPU_capacity, RAM_capacity,disk_capacity
0,2.706867167663663,2.7778682961202046,2.5569780601157137
1,2.706867167663663,2.7778682961202046,2.5569780601157137
2,2.706867167663663,2.7778682961202046,2.5569780601157137
3,2.706867167663663,2.7778682961202046,2.5569780601157137
4,2.706867167663663,2.7778682961202046,2.5569780601157137
5,2.706867167663663,2.7778682961202046,2.5569780601157137
