MDC_Number, CPU_capacity, RAM_capacity,disk_capacity
0,2.5927090946612474,2.380782562133711,2.287132549404968
1,2.5927090946612474,2.380782562133711,2.287132549404968
2,2.5927090946612474,2.380782562133711,2.287132549404968
3,2.5927090946612474,2.380782562133711,2.287132549404968
4,2.5927090946612474,2.380782562133711,2.287132549404968
5,2.5927090946612474,2.380782562133711,2.287132549404968
