MDC_Number,CPU_cost,RAM_cost,disk_cost
0,0.8676720358792093,0.5930441899129941,0.8237227283727733
1,0.6878096107400541,0.5764826193208148,0.6827572742566611
2,0.923841288950818,0.5752888215859302,0.5970740721871197
3,0.5026485776559328,0.5445261548777924,0.5686656388661611
4,0.6503848599579634,0.8704562149721213,0.8779952033457952
5,0.9929874950878087,0.6233751301600812,0.9696635799913256
