MDC_Number, CPU_capacity, RAM_capacity,disk_capacity
0,2.3892918903785647,2.316575281805501,2.4811201551386333
1,2.3892918903785647,2.316575281805501,2.4811201551386333
2,2.3892918903785647,2.316575281805501,2.4811201551386333
3,2.3892918903785647,2.316575281805501,2.4811201551386333
4,2.3892918903785647,2.316575281805501,2.4811201551386333
5,2.3892918903785647,2.316575281805501,2.4811201551386333
