MDC_Number, CPU_capacity, RAM_capacity,disk_capacity
0,2.5761231645380396,2.645414979921952,2.716102278666781
1,2.5761231645380396,2.645414979921952,2.716102278666781
2,2.5761231645380396,2.645414979921952,2.716102278666781
3,2.5761231645380396,2.645414979921952,2.716102278666781
4,2.5761231645380396,2.645414979921952,2.716102278666781
5,2.5761231645380396,2.645414979921952,2.716102278666781
