MDC_Number, CPU_capacity, RAM_capacity,disk_capacity
0,2.5994812981878908,2.4527237368854444,2.5057827539547333
1,2.5994812981878908,2.4527237368854444,2.5057827539547333
2,2.5994812981878908,2.4527237368854444,2.5057827539547333
3,2.5994812981878908,2.4527237368854444,2.5057827539547333
4,2.5994812981878908,2.4527237368854444,2.5057827539547333
5,2.5994812981878908,2.4527237368854444,2.5057827539547333
