MDC_Number, CPU_capacity, RAM_capacity,disk_capacity
0,2.3726418684131123,2.375389268267822,2.409457182684305
1,2.3726418684131123,2.375389268267822,2.409457182684305
2,2.3726418684131123,2.375389268267822,2.409457182684305
3,2.3726418684131123,2.375389268267822,2.409457182684305
4,2.3726418684131123,2.375389268267822,2.409457182684305
5,2.3726418684131123,2.375389268267822,2.409457182684305
