MDC_Number, CPU_capacity, RAM_capacity,disk_capacity
0,1.897234917989485,2.5737363132316586,2.470801394571403
1,1.897234917989485,2.5737363132316586,2.470801394571403
2,1.897234917989485,2.5737363132316586,2.470801394571403
3,1.897234917989485,2.5737363132316586,2.470801394571403
4,1.897234917989485,2.5737363132316586,2.470801394571403
5,1.897234917989485,2.5737363132316586,2.470801394571403
