MDC_Number,CPU_cost,RAM_cost,disk_cost
0,0.9435867419023518,0.7926080248412202,0.541767363549869
1,0.7249938364656988,0.9314104759695743,0.6652360139510349
2,0.8308278313441612,0.7921818497966218,0.9905847752697283
3,0.7086164172337568,0.9194344807766529,0.7076278378697182
4,0.6250833259100343,0.6081253326524767,0.6829861372999062
5,0.9158959528456625,0.8014397938139524,0.8420978792644722
