MDC_Number, CPU_capacity, RAM_capacity,disk_capacity
0,2.8046223983875738,2.458689252617314,2.4121581957644085
1,2.8046223983875738,2.458689252617314,2.4121581957644085
2,2.8046223983875738,2.458689252617314,2.4121581957644085
3,2.8046223983875738,2.458689252617314,2.4121581957644085
4,2.8046223983875738,2.458689252617314,2.4121581957644085
5,2.8046223983875738,2.458689252617314,2.4121581957644085
