MDC_Number,CPU_cost,RAM_cost,disk_cost
0,0.700304737978418,0.8504171686069437,0.6243972299898746
1,0.8566045207958536,0.5805635267845408,0.5471699239278256
2,0.8092421925876336,0.899376930571631,0.5699896149774106
3,0.8298671381303377,0.936438097637674,0.8207174356661279
4,0.7383554836166928,0.5235503166748335,0.5615049721732699
5,0.7725439184862113,0.5990609896706094,0.533400214044556
