MDC_Number,CPU_cost,RAM_cost,disk_cost
0,0.5544671045722175,0.9171189103186856,0.6469027010946852
1,0.599593661635476,0.7553482573924484,0.5233927191841135
2,0.5605047359229199,0.6574836338199852,0.5015528384552029
3,0.9130995844280001,0.7026922376726994,0.8085364599834501
4,0.638524750829476,0.6361275590553971,0.9562245603423862
5,0.8069529336873114,0.7477343689886359,0.9956611615628559
