MDC_Number, CPU_capacity, RAM_capacity,disk_capacity
0,2.0013403654327595,2.121370777546491,2.4467597912752255
1,2.0013403654327595,2.121370777546491,2.4467597912752255
2,2.0013403654327595,2.121370777546491,2.4467597912752255
3,2.0013403654327595,2.121370777546491,2.4467597912752255
4,2.0013403654327595,2.121370777546491,2.4467597912752255
5,2.0013403654327595,2.121370777546491,2.4467597912752255
