MDC_Number,CPU_cost,RAM_cost,disk_cost
0,0.897135049783909,0.7688039425028967,0.5365193894677189
1,0.9794124844133878,0.8757289809331903,0.8721215097833426
2,0.6737641879421236,0.9353922879364591,0.6026966560423855
3,0.6450741631205867,0.5524977211981057,0.9021534711402123
4,0.7928026410298514,0.626263568723266,0.6660821099648592
5,0.7135597837511354,0.7106815663048778,0.8411016323960585
