MDC_Number, CPU_capacity, RAM_capacity,disk_capacity
0,2.616937454723543,2.774728945404512,2.841913636819625
1,2.616937454723543,2.774728945404512,2.841913636819625
2,2.616937454723543,2.774728945404512,2.841913636819625
3,2.616937454723543,2.774728945404512,2.841913636819625
4,2.616937454723543,2.774728945404512,2.841913636819625
5,2.616937454723543,2.774728945404512,2.841913636819625
