MDC_Number, CPU_capacity, RAM_capacity,disk_capacity
0,2.4642559792382634,2.424424702456648,3.0993584073338805
1,2.4642559792382634,2.424424702456648,3.0993584073338805
2,2.4642559792382634,2.424424702456648,3.0993584073338805
3,2.4642559792382634,2.424424702456648,3.0993584073338805
4,2.4642559792382634,2.424424702456648,3.0993584073338805
5,2.4642559792382634,2.424424702456648,3.0993584073338805
