MDC_Number, CPU_capacity, RAM_capacity,disk_capacity
0,2.4744519375235847,2.431878021742737,2.6956268092174205
1,2.4744519375235847,2.431878021742737,2.6956268092174205
2,2.4744519375235847,2.431878021742737,2.6956268092174205
3,2.4744519375235847,2.431878021742737,2.6956268092174205
4,2.4744519375235847,2.431878021742737,2.6956268092174205
5,2.4744519375235847,2.431878021742737,2.6956268092174205
