MDC_Number, CPU_capacity, RAM_capacity,disk_capacity
0,2.253320219231994,2.4222653873146465,2.804775572217327
1,2.253320219231994,2.4222653873146465,2.804775572217327
2,2.253320219231994,2.4222653873146465,2.804775572217327
3,2.253320219231994,2.4222653873146465,2.804775572217327
4,2.253320219231994,2.4222653873146465,2.804775572217327
5,2.253320219231994,2.4222653873146465,2.804775572217327
