MDC_Number,CPU_cost,RAM_cost,disk_cost
0,0.6767997298414883,0.9838958358268248,0.7702132280635032
1,0.5822036789490942,0.9246631029168291,0.7250235638963579
2,0.839230833379213,0.5355197761276306,0.6444500544886804
3,0.8396063104483464,0.7620972472736615,0.6129627509604489
4,0.8037376269916832,0.8330745844758594,0.917649585461521
5,0.9160922831319696,0.9449636028755828,0.5086616577891209
