MDC_Number, CPU_capacity, RAM_capacity,disk_capacity
0,2.612716450445711,2.600020863046742,2.575208693405561
1,2.612716450445711,2.600020863046742,2.575208693405561
2,2.612716450445711,2.600020863046742,2.575208693405561
3,2.612716450445711,2.600020863046742,2.575208693405561
4,2.612716450445711,2.600020863046742,2.575208693405561
5,2.612716450445711,2.600020863046742,2.575208693405561
