MDC_Number, CPU_capacity, RAM_capacity,disk_capacity
0,2.7362039120631154,2.7693064959503544,3.083460079795151
1,2.7362039120631154,2.7693064959503544,3.083460079795151
2,2.7362039120631154,2.7693064959503544,3.083460079795151
3,2.7362039120631154,2.7693064959503544,3.083460079795151
4,2.7362039120631154,2.7693064959503544,3.083460079795151
5,2.7362039120631154,2.7693064959503544,3.083460079795151
