MDC_Number,CPU_cost,RAM_cost,disk_cost
0,0.7771356461294823,0.6480803478493815,0.5017346411224692
1,0.9472659266314929,0.8070997962915678,0.9478657393122847
2,0.8425555829738526,0.5485483595435086,0.9219875460554823
3,0.5019447080512778,0.7810766861696092,0.8710693792049857
4,0.528748740899885,0.7053216127529496,0.8104929707579438
5,0.8985703110309011,0.7302981046459098,0.6134301028436988
