MDC_Number,CPU_cost,RAM_cost,disk_cost
0,0.9750279465292044,0.781912327115583,0.6286420321829959
1,0.6609488492707734,0.8616162636552427,0.8080878163603
2,0.7054250646080322,0.7689897521532089,0.9786482558118679
3,0.5481640806412109,0.687946320919323,0.9614368746832755
4,0.9367991723549762,0.6301483295476507,0.8356775355863869
5,0.6227838020722726,0.84683187601227,0.7978902607038516
