MDC_Number,CPU_cost,RAM_cost,disk_cost
0,0.9748596327607456,0.9066757535814864,0.7999275923817417
1,0.74055090870712,0.7072122594195527,0.9022847422570177
2,0.6823680235818004,0.500792374977763,0.8176855451509776
3,0.7772005952888705,0.7700547785441929,0.7753781325536253
4,0.9705067556527274,0.8932221927212642,0.590391996730152
5,0.7067000213448893,0.6655687259813652,0.5458007037581464
