MDC_Number, CPU_capacity, RAM_capacity,disk_capacity
0,2.711833480492378,2.4669266546577338,2.679768503909395
1,2.711833480492378,2.4669266546577338,2.679768503909395
2,2.711833480492378,2.4669266546577338,2.679768503909395
3,2.711833480492378,2.4669266546577338,2.679768503909395
4,2.711833480492378,2.4669266546577338,2.679768503909395
5,2.711833480492378,2.4669266546577338,2.679768503909395
