MDC_Number, CPU_capacity, RAM_capacity,disk_capacity
0,2.69563214754065,2.65020594126567,2.603785261556337
1,2.69563214754065,2.65020594126567,2.603785261556337
2,2.69563214754065,2.65020594126567,2.603785261556337
3,2.69563214754065,2.65020594126567,2.603785261556337
4,2.69563214754065,2.65020594126567,2.603785261556337
5,2.69563214754065,2.65020594126567,2.603785261556337
