MDC_Number, CPU_capacity, RAM_capacity,disk_capacity
0,2.7103079352029833,2.9008155887902034,2.402307164634705
1,2.7103079352029833,2.9008155887902034,2.402307164634705
2,2.7103079352029833,2.9008155887902034,2.402307164634705
3,2.7103079352029833,2.9008155887902034,2.402307164634705
4,2.7103079352029833,2.9008155887902034,2.402307164634705
5,2.7103079352029833,2.9008155887902034,2.402307164634705
