MDC_Number,CPU_cost,RAM_cost,disk_cost
0,0.5736389276660301,0.6721801859290519,0.8540733034496304
1,0.5585793265892333,0.7958745654222448,0.7924074277826161
2,0.7479324545738766,0.8103779995834888,0.5500716837640133
3,0.9542281376857662,0.6221348335015633,0.9369334237789357
4,0.7278183997132636,0.593686537598531,0.8515813835081936
5,0.7296694320654376,0.5196840212877727,0.510217787663501
