MDC_Number, CPU_capacity, RAM_capacity,disk_capacity
0,2.229064061470461,1.9476891829596115,2.4040281055523773
1,2.229064061470461,1.9476891829596115,2.4040281055523773
2,2.229064061470461,1.9476891829596115,2.4040281055523773
3,2.229064061470461,1.9476891829596115,2.4040281055523773
4,2.229064061470461,1.9476891829596115,2.4040281055523773
5,2.229064061470461,1.9476891829596115,2.4040281055523773
