MDC_Number, CPU_capacity, RAM_capacity,disk_capacity
0,2.441059484368162,2.1571574539485048,2.35293200776875
1,2.441059484368162,2.1571574539485048,2.35293200776875
2,2.441059484368162,2.1571574539485048,2.35293200776875
3,2.441059484368162,2.1571574539485048,2.35293200776875
4,2.441059484368162,2.1571574539485048,2.35293200776875
5,2.441059484368162,2.1571574539485048,2.35293200776875
