MDC_Number,CPU_cost,RAM_cost,disk_cost
0,0.7563586551061564,0.7056453083934985,0.8582221368694471
1,0.8189133470700878,0.9667668423224236,0.5105100573645727
2,0.7691901858937276,0.8327260860107193,0.5193235638794571
3,0.8052617170542837,0.7719418547693548,0.8440458047621519
4,0.5283472711397186,0.7851812174302435,0.6306934993968887
5,0.8476017961984748,0.7614190863054755,0.7548519452458717
