MDC_Number, CPU_capacity, RAM_capacity,disk_capacity
0,2.468679533726704,2.4465799973010145,1.9706254936947174
1,2.468679533726704,2.4465799973010145,1.9706254936947174
2,2.468679533726704,2.4465799973010145,1.9706254936947174
3,2.468679533726704,2.4465799973010145,1.9706254936947174
4,2.468679533726704,2.4465799973010145,1.9706254936947174
5,2.468679533726704,2.4465799973010145,1.9706254936947174
