MDC_Number,CPU_cost,RAM_cost,disk_cost
0,0.5024112189206389,0.9404439617500526,0.511161735652627
1,0.7335819970501953,0.9761629449533991,0.5539357955479909
2,0.884047823583672,0.9487004728906825,0.8306429117503251
3,0.7617939283473381,0.5244985072164746,0.582321533529526
4,0.8422945126840543,0.7453011203355802,0.7200600350467452
5,0.7257282954298656,0.8894207460972227,0.9214760031159916
