MDC_Number,CPU_cost,RAM_cost,disk_cost
0,0.8089848402841893,0.7032928168916157,0.9869558007674687
1,0.8801645364607779,0.7423868327382092,0.6917437743738861
2,0.7687017632408653,0.9134296629602223,0.9731466727386445
3,0.6014967954494208,0.7214056601130707,0.7120040525213879
4,0.5172934857863313,0.6573102297653266,0.583208743431396
5,0.7533718917992032,0.6841220109458266,0.7214326278445281
