MDC_Number, CPU_capacity, RAM_capacity,disk_capacity
0,2.7039617459095107,2.376828440940413,2.796266197650751
1,2.7039617459095107,2.376828440940413,2.796266197650751
2,2.7039617459095107,2.376828440940413,2.796266197650751
3,2.7039617459095107,2.376828440940413,2.796266197650751
4,2.7039617459095107,2.376828440940413,2.796266197650751
5,2.7039617459095107,2.376828440940413,2.796266197650751
