MDC_Number, CPU_capacity, RAM_capacity,disk_capacity
0,1.3795863324258038,1.4951157767748713,2.0124172080499254
1,1.3795863324258038,1.4951157767748713,2.0124172080499254
2,1.3795863324258038,1.4951157767748713,2.0124172080499254
3,1.3795863324258038,1.4951157767748713,2.0124172080499254
4,1.3795863324258038,1.4951157767748713,2.0124172080499254
5,1.3795863324258038,1.4951157767748713,2.0124172080499254
