MDC_Number, CPU_capacity, RAM_capacity,disk_capacity
0,1.8190334604070655,1.545763773068972,1.750677290948065
1,1.8190334604070655,1.545763773068972,1.750677290948065
2,1.8190334604070655,1.545763773068972,1.750677290948065
3,1.8190334604070655,1.545763773068972,1.750677290948065
4,1.8190334604070655,1.545763773068972,1.750677290948065
5,1.8190334604070655,1.545763773068972,1.750677290948065
