MDC_Number, CPU_capacity, RAM_capacity,disk_capacity
0,1.6032064661615522,1.6666802759006611,1.6132948357394175
1,1.6032064661615522,1.6666802759006611,1.6132948357394175
2,1.6032064661615522,1.6666802759006611,1.6132948357394175
3,1.6032064661615522,1.6666802759006611,1.6132948357394175
4,1.6032064661615522,1.6666802759006611,1.6132948357394175
5,1.6032064661615522,1.6666802759006611,1.6132948357394175
