MDC_Number, CPU_capacity, RAM_capacity,disk_capacity
0,1.8683849806562998,1.5448833665787716,1.7828977487928659
1,1.8683849806562998,1.5448833665787716,1.7828977487928659
2,1.8683849806562998,1.5448833665787716,1.7828977487928659
3,1.8683849806562998,1.5448833665787716,1.7828977487928659
4,1.8683849806562998,1.5448833665787716,1.7828977487928659
5,1.8683849806562998,1.5448833665787716,1.7828977487928659
