MDC_Number, CPU_capacity, RAM_capacity,disk_capacity
0,1.6489731069113351,1.7128436798694868,1.8044021710708567
1,1.6489731069113351,1.7128436798694868,1.8044021710708567
2,1.6489731069113351,1.7128436798694868,1.8044021710708567
3,1.6489731069113351,1.7128436798694868,1.8044021710708567
4,1.6489731069113351,1.7128436798694868,1.8044021710708567
5,1.6489731069113351,1.7128436798694868,1.8044021710708567
