MDC_Number, CPU_capacity, RAM_capacity,disk_capacity
0,1.5315633185017448,1.5046113162545902,1.6364100042420344
1,1.5315633185017448,1.5046113162545902,1.6364100042420344
2,1.5315633185017448,1.5046113162545902,1.6364100042420344
3,1.5315633185017448,1.5046113162545902,1.6364100042420344
4,1.5315633185017448,1.5046113162545902,1.6364100042420344
5,1.5315633185017448,1.5046113162545902,1.6364100042420344
