MDC_Number, CPU_capacity, RAM_capacity,disk_capacity
0,1.7737912483026408,1.719150766529146,1.8156387810089687
1,1.7737912483026408,1.719150766529146,1.8156387810089687
2,1.7737912483026408,1.719150766529146,1.8156387810089687
3,1.7737912483026408,1.719150766529146,1.8156387810089687
4,1.7737912483026408,1.719150766529146,1.8156387810089687
5,1.7737912483026408,1.719150766529146,1.8156387810089687
