MDC_Number, CPU_capacity, RAM_capacity,disk_capacity
0,2.0512924341494676,1.742598570606684,1.8046030967406126
1,2.0512924341494676,1.742598570606684,1.8046030967406126
2,2.0512924341494676,1.742598570606684,1.8046030967406126
3,2.0512924341494676,1.742598570606684,1.8046030967406126
4,2.0512924341494676,1.742598570606684,1.8046030967406126
5,2.0512924341494676,1.742598570606684,1.8046030967406126
