MDC_Number, CPU_capacity, RAM_capacity,disk_capacity
0,1.9438847906946777,1.6101594538542903,1.6179973329363813
1,1.9438847906946777,1.6101594538542903,1.6179973329363813
2,1.9438847906946777,1.6101594538542903,1.6179973329363813
3,1.9438847906946777,1.6101594538542903,1.6179973329363813
4,1.9438847906946777,1.6101594538542903,1.6179973329363813
5,1.9438847906946777,1.6101594538542903,1.6179973329363813
