MDC_Number, CPU_capacity, RAM_capacity,disk_capacity
0,1.627372989578775,1.4381049692990033,1.5686213385125
1,1.627372989578775,1.4381049692990033,1.5686213385125
2,1.627372989578775,1.4381049692990033,1.5686213385125
3,1.627372989578775,1.4381049692990033,1.5686213385125
4,1.627372989578775,1.4381049692990033,1.5686213385125
5,1.627372989578775,1.4381049692990033,1.5686213385125
