MDC_Number, CPU_capacity, RAM_capacity,disk_capacity
0,1.463949898692631,1.4825809848167646,1.5431284494129325
1,1.463949898692631,1.4825809848167646,1.5431284494129325
2,1.463949898692631,1.4825809848167646,1.5431284494129325
3,1.463949898692631,1.4825809848167646,1.5431284494129325
4,1.463949898692631,1.4825809848167646,1.5431284494129325
5,1.463949898692631,1.4825809848167646,1.5431284494129325
