MDC_Number, CPU_capacity, RAM_capacity,disk_capacity
0,1.8551435619618744,1.5598102536830731,1.735575636304814
1,1.8551435619618744,1.5598102536830731,1.735575636304814
2,1.8551435619618744,1.5598102536830731,1.735575636304814
3,1.8551435619618744,1.5598102536830731,1.735575636304814
4,1.8551435619618744,1.5598102536830731,1.735575636304814
5,1.8551435619618744,1.5598102536830731,1.735575636304814
