MDC_Number, CPU_capacity, RAM_capacity,disk_capacity
0,1.4802415746031239,1.6295986489881433,1.8306957730963256
1,1.4802415746031239,1.6295986489881433,1.8306957730963256
2,1.4802415746031239,1.6295986489881433,1.8306957730963256
3,1.4802415746031239,1.6295986489881433,1.8306957730963256
4,1.4802415746031239,1.6295986489881433,1.8306957730963256
5,1.4802415746031239,1.6295986489881433,1.8306957730963256
