MDC_Number, CPU_capacity, RAM_capacity,disk_capacity
0,1.7021123955652098,1.7415992880786366,1.7684713044460159
1,1.7021123955652098,1.7415992880786366,1.7684713044460159
2,1.7021123955652098,1.7415992880786366,1.7684713044460159
3,1.7021123955652098,1.7415992880786366,1.7684713044460159
4,1.7021123955652098,1.7415992880786366,1.7684713044460159
5,1.7021123955652098,1.7415992880786366,1.7684713044460159
