MDC_Number,CPU_cost,RAM_cost,disk_cost
0,0.9727579983157131,0.5838991599253154,0.9188512981006318
1,0.6930346841074042,0.9246713610862546,0.7476457215082053
2,0.7221666559492868,0.9116566657202898,0.6428290027700789
3,0.9693389382149361,0.6187171345988651,0.9855030315092126
4,0.6631782634871033,0.8122596748284646,0.7419243512289069
5,0.7640077935147375,0.620585022426596,0.7817890109182797
