MDC_Number, CPU_capacity, RAM_capacity,disk_capacity
0,1.5742876988285364,1.8934473665781806,1.7659254455543327
1,1.5742876988285364,1.8934473665781806,1.7659254455543327
2,1.5742876988285364,1.8934473665781806,1.7659254455543327
3,1.5742876988285364,1.8934473665781806,1.7659254455543327
4,1.5742876988285364,1.8934473665781806,1.7659254455543327
5,1.5742876988285364,1.8934473665781806,1.7659254455543327
