MDC_Number, CPU_capacity, RAM_capacity,disk_capacity
0,1.7593824169917125,2.1283818341706042,1.5535805987808105
1,1.7593824169917125,2.1283818341706042,1.5535805987808105
2,1.7593824169917125,2.1283818341706042,1.5535805987808105
3,1.7593824169917125,2.1283818341706042,1.5535805987808105
4,1.7593824169917125,2.1283818341706042,1.5535805987808105
5,1.7593824169917125,2.1283818341706042,1.5535805987808105
