MDC_Number, CPU_capacity, RAM_capacity,disk_capacity
0,1.7757637283148342,1.8310068713379302,1.8939947481540074
1,1.7757637283148342,1.8310068713379302,1.8939947481540074
2,1.7757637283148342,1.8310068713379302,1.8939947481540074
3,1.7757637283148342,1.8310068713379302,1.8939947481540074
4,1.7757637283148342,1.8310068713379302,1.8939947481540074
5,1.7757637283148342,1.8310068713379302,1.8939947481540074
