MDC_Number, CPU_capacity, RAM_capacity,disk_capacity
0,1.7046673028837998,1.7913725818751622,1.8001810262955784
1,1.7046673028837998,1.7913725818751622,1.8001810262955784
2,1.7046673028837998,1.7913725818751622,1.8001810262955784
3,1.7046673028837998,1.7913725818751622,1.8001810262955784
4,1.7046673028837998,1.7913725818751622,1.8001810262955784
5,1.7046673028837998,1.7913725818751622,1.8001810262955784
