MDC_Number, CPU_capacity, RAM_capacity,disk_capacity
0,1.9629048268753277,1.6043460898945068,1.530357032417138
1,1.9629048268753277,1.6043460898945068,1.530357032417138
2,1.9629048268753277,1.6043460898945068,1.530357032417138
3,1.9629048268753277,1.6043460898945068,1.530357032417138
4,1.9629048268753277,1.6043460898945068,1.530357032417138
5,1.9629048268753277,1.6043460898945068,1.530357032417138
