MDC_Number, CPU_capacity, RAM_capacity,disk_capacity
0,1.5550837875813985,1.5011378497411758,1.671112373201002
1,1.5550837875813985,1.5011378497411758,1.671112373201002
2,1.5550837875813985,1.5011378497411758,1.671112373201002
3,1.5550837875813985,1.5011378497411758,1.671112373201002
4,1.5550837875813985,1.5011378497411758,1.671112373201002
5,1.5550837875813985,1.5011378497411758,1.671112373201002
