MDC_Number, CPU_capacity, RAM_capacity,disk_capacity
0,1.8375583977521115,1.7922860942705694,1.6215140093569322
1,1.8375583977521115,1.7922860942705694,1.6215140093569322
2,1.8375583977521115,1.7922860942705694,1.6215140093569322
3,1.8375583977521115,1.7922860942705694,1.6215140093569322
4,1.8375583977521115,1.7922860942705694,1.6215140093569322
5,1.8375583977521115,1.7922860942705694,1.6215140093569322
