MDC_Number, CPU_capacity, RAM_capacity,disk_capacity
0,1.6724135765261832,1.7134338685484611,1.8606215854865722
1,1.6724135765261832,1.7134338685484611,1.8606215854865722
2,1.6724135765261832,1.7134338685484611,1.8606215854865722
3,1.6724135765261832,1.7134338685484611,1.8606215854865722
4,1.6724135765261832,1.7134338685484611,1.8606215854865722
5,1.6724135765261832,1.7134338685484611,1.8606215854865722
