MDC_Number, CPU_capacity, RAM_capacity,disk_capacity
0,1.9776813097613024,1.668706912109282,1.6750540500021314
1,1.9776813097613024,1.668706912109282,1.6750540500021314
2,1.9776813097613024,1.668706912109282,1.6750540500021314
3,1.9776813097613024,1.668706912109282,1.6750540500021314
4,1.9776813097613024,1.668706912109282,1.6750540500021314
5,1.9776813097613024,1.668706912109282,1.6750540500021314
