MDC_Number, CPU_capacity, RAM_capacity,disk_capacity
0,1.9688624754307593,1.693693103178482,1.5416777918659097
1,1.9688624754307593,1.693693103178482,1.5416777918659097
2,1.9688624754307593,1.693693103178482,1.5416777918659097
3,1.9688624754307593,1.693693103178482,1.5416777918659097
4,1.9688624754307593,1.693693103178482,1.5416777918659097
5,1.9688624754307593,1.693693103178482,1.5416777918659097
