MDC_Number, CPU_capacity, RAM_capacity,disk_capacity
0,1.6376071744266114,1.7721082205751355,1.8695734351605862
1,1.6376071744266114,1.7721082205751355,1.8695734351605862
2,1.6376071744266114,1.7721082205751355,1.8695734351605862
3,1.6376071744266114,1.7721082205751355,1.8695734351605862
4,1.6376071744266114,1.7721082205751355,1.8695734351605862
5,1.6376071744266114,1.7721082205751355,1.8695734351605862
