MDC_Number, CPU_capacity, RAM_capacity,disk_capacity
0,1.642837319492176,1.6162831349710989,2.0662389382225874
1,1.642837319492176,1.6162831349710989,2.0662389382225874
2,1.642837319492176,1.6162831349710989,2.0662389382225874
3,1.642837319492176,1.6162831349710989,2.0662389382225874
4,1.642837319492176,1.6162831349710989,2.0662389382225874
5,1.642837319492176,1.6162831349710989,2.0662389382225874
