MDC_Number, CPU_capacity, RAM_capacity,disk_capacity
0,1.6629201136410363,1.8304023705664143,1.9246767332576273
1,1.6629201136410363,1.8304023705664143,1.9246767332576273
2,1.6629201136410363,1.8304023705664143,1.9246767332576273
3,1.6629201136410363,1.8304023705664143,1.9246767332576273
4,1.6629201136410363,1.8304023705664143,1.9246767332576273
5,1.6629201136410363,1.8304023705664143,1.9246767332576273
