MDC_Number, CPU_capacity, RAM_capacity,disk_capacity
0,1.681407876545755,1.500842956791427,1.6068470894748677
1,1.681407876545755,1.500842956791427,1.6068470894748677
2,1.681407876545755,1.500842956791427,1.6068470894748677
3,1.681407876545755,1.500842956791427,1.6068470894748677
4,1.681407876545755,1.500842956791427,1.6068470894748677
5,1.681407876545755,1.500842956791427,1.6068470894748677
