MDC_Number, CPU_capacity, RAM_capacity,disk_capacity
0,1.8422683030700473,1.757457792735747,1.7756067036946732
1,1.8422683030700473,1.757457792735747,1.7756067036946732
2,1.8422683030700473,1.757457792735747,1.7756067036946732
3,1.8422683030700473,1.757457792735747,1.7756067036946732
4,1.8422683030700473,1.757457792735747,1.7756067036946732
5,1.8422683030700473,1.757457792735747,1.7756067036946732
