MDC_Number,CPU_cost,RAM_cost,disk_cost
0,0.5780331512196919,0.5516668976253611,0.5081947943262315
1,0.7554648882149902,0.8821844712752673,0.9816447857428123
2,0.954619147085367,0.7514320049445868,0.5886068250659063
3,0.9111600652853111,0.9863380088629218,0.9560138030332379
4,0.5859781842072964,0.7164797662793984,0.8099401493191779
5,0.7044395032242132,0.9621612347362267,0.8800267030976134
