MDC_Number, CPU_capacity, RAM_capacity,disk_capacity
0,1.806871956801989,1.933877059193469,1.60153810975647
1,1.806871956801989,1.933877059193469,1.60153810975647
2,1.806871956801989,1.933877059193469,1.60153810975647
3,1.806871956801989,1.933877059193469,1.60153810975647
4,1.806871956801989,1.933877059193469,1.60153810975647
5,1.806871956801989,1.933877059193469,1.60153810975647
