MDC_Number, CPU_capacity, RAM_capacity,disk_capacity
0,1.5690274631888919,1.563950611175127,1.827548674287034
1,1.5690274631888919,1.563950611175127,1.827548674287034
2,1.5690274631888919,1.563950611175127,1.827548674287034
3,1.5690274631888919,1.563950611175127,1.827548674287034
4,1.5690274631888919,1.563950611175127,1.827548674287034
5,1.5690274631888919,1.563950611175127,1.827548674287034
