MDC_Number, CPU_capacity, RAM_capacity,disk_capacity
0,1.67029793155603,1.6810202773844716,1.894082751992423
1,1.67029793155603,1.6810202773844716,1.894082751992423
2,1.67029793155603,1.6810202773844716,1.894082751992423
3,1.67029793155603,1.6810202773844716,1.894082751992423
4,1.67029793155603,1.6810202773844716,1.894082751992423
5,1.67029793155603,1.6810202773844716,1.894082751992423
