MDC_Number, CPU_capacity, RAM_capacity,disk_capacity
0,1.776352222287503,1.5815439378450105,1.66819563695674
1,1.776352222287503,1.5815439378450105,1.66819563695674
2,1.776352222287503,1.5815439378450105,1.66819563695674
3,1.776352222287503,1.5815439378450105,1.66819563695674
4,1.776352222287503,1.5815439378450105,1.66819563695674
5,1.776352222287503,1.5815439378450105,1.66819563695674
