MDC_Number, CPU_capacity, RAM_capacity,disk_capacity
0,1.6053768253941076,1.9709410892208314,1.5080179542136705
1,1.6053768253941076,1.9709410892208314,1.5080179542136705
2,1.6053768253941076,1.9709410892208314,1.5080179542136705
3,1.6053768253941076,1.9709410892208314,1.5080179542136705
4,1.6053768253941076,1.9709410892208314,1.5080179542136705
5,1.6053768253941076,1.9709410892208314,1.5080179542136705
