MDC_Number, CPU_capacity, RAM_capacity,disk_capacity
0,1.8179015685253153,1.4595488320081202,1.7052831926371015
1,1.8179015685253153,1.4595488320081202,1.7052831926371015
2,1.8179015685253153,1.4595488320081202,1.7052831926371015
3,1.8179015685253153,1.4595488320081202,1.7052831926371015
4,1.8179015685253153,1.4595488320081202,1.7052831926371015
5,1.8179015685253153,1.4595488320081202,1.7052831926371015
