MDC_Number, CPU_capacity, RAM_capacity,disk_capacity
0,1.4478461523542672,1.6017514929887557,1.8139172238174455
1,1.4478461523542672,1.6017514929887557,1.8139172238174455
2,1.4478461523542672,1.6017514929887557,1.8139172238174455
3,1.4478461523542672,1.6017514929887557,1.8139172238174455
4,1.4478461523542672,1.6017514929887557,1.8139172238174455
5,1.4478461523542672,1.6017514929887557,1.8139172238174455
