MDC_Number, CPU_capacity, RAM_capacity,disk_capacity
0,1.7393572098696968,1.6116811688643222,1.7843869249854802
1,1.7393572098696968,1.6116811688643222,1.7843869249854802
2,1.7393572098696968,1.6116811688643222,1.7843869249854802
3,1.7393572098696968,1.6116811688643222,1.7843869249854802
4,1.7393572098696968,1.6116811688643222,1.7843869249854802
5,1.7393572098696968,1.6116811688643222,1.7843869249854802
