MDC_Number,CPU_cost,RAM_cost,disk_cost
0,0.8423385648783042,0.759206537312924,0.6520413812750665
1,0.7713109283074402,0.5833000418472869,0.6072763322344474
2,0.7954536197430389,0.5376362139159845,0.8419266136211989
3,0.9968987400720877,0.9102054049970485,0.5857849185445557
4,0.9904849364715163,0.6277777331141585,0.5352093399853137
5,0.8516949081468186,0.8407731308354351,0.9977932444851094
