MDC_Number, CPU_capacity, RAM_capacity,disk_capacity
0,1.5817612456087415,1.5835928455118813,1.6063047884562036
1,1.5817612456087415,1.5835928455118813,1.6063047884562036
2,1.5817612456087415,1.5835928455118813,1.6063047884562036
3,1.5817612456087415,1.5835928455118813,1.6063047884562036
4,1.5817612456087415,1.5835928455118813,1.6063047884562036
5,1.5817612456087415,1.5835928455118813,1.6063047884562036
