MDC_Number, CPU_capacity, RAM_capacity,disk_capacity
0,1.794119602157264,1.9303789871198345,1.9166609193011386
1,1.794119602157264,1.9303789871198345,1.9166609193011386
2,1.794119602157264,1.9303789871198345,1.9166609193011386
3,1.794119602157264,1.9303789871198345,1.9166609193011386
4,1.794119602157264,1.9303789871198345,1.9166609193011386
5,1.794119602157264,1.9303789871198345,1.9166609193011386
