MDC_Number, CPU_capacity, RAM_capacity,disk_capacity
0,1.8241359413754106,1.8462043306335698,2.055640053196768
1,1.8241359413754106,1.8462043306335698,2.055640053196768
2,1.8241359413754106,1.8462043306335698,2.055640053196768
3,1.8241359413754106,1.8462043306335698,2.055640053196768
4,1.8241359413754106,1.8462043306335698,2.055640053196768
5,1.8241359413754106,1.8462043306335698,2.055640053196768
