MDC_Number, CPU_capacity, RAM_capacity,disk_capacity
0,1.4836539956864534,1.5982384723052656,1.4797057705908159
1,1.4836539956864534,1.5982384723052656,1.4797057705908159
2,1.4836539956864534,1.5982384723052656,1.4797057705908159
3,1.4836539956864534,1.5982384723052656,1.4797057705908159
4,1.4836539956864534,1.5982384723052656,1.4797057705908159
5,1.4836539956864534,1.5982384723052656,1.4797057705908159
