MDC_Number, CPU_capacity, RAM_capacity,disk_capacity
0,1.4157687254109428,2.143160831723097,1.8145783671881643
1,1.4157687254109428,2.143160831723097,1.8145783671881643
2,1.4157687254109428,2.143160831723097,1.8145783671881643
3,1.4157687254109428,2.143160831723097,1.8145783671881643
4,1.4157687254109428,2.143160831723097,1.8145783671881643
5,1.4157687254109428,2.143160831723097,1.8145783671881643
