MDC_Number, CPU_capacity, RAM_capacity,disk_capacity
0,1.6389384541032048,1.671458537900887,1.9401250104975736
1,1.6389384541032048,1.671458537900887,1.9401250104975736
2,1.6389384541032048,1.671458537900887,1.9401250104975736
3,1.6389384541032048,1.671458537900887,1.9401250104975736
4,1.6389384541032048,1.671458537900887,1.9401250104975736
5,1.6389384541032048,1.671458537900887,1.9401250104975736
