MDC_Number, CPU_capacity, RAM_capacity,disk_capacity
0,1.5396374641206008,1.5200293757407524,1.5115601641710406
1,1.5396374641206008,1.5200293757407524,1.5115601641710406
2,1.5396374641206008,1.5200293757407524,1.5115601641710406
3,1.5396374641206008,1.5200293757407524,1.5115601641710406
4,1.5396374641206008,1.5200293757407524,1.5115601641710406
5,1.5396374641206008,1.5200293757407524,1.5115601641710406
