MDC_Number, CPU_capacity, RAM_capacity,disk_capacity
0,1.413386843499783,1.7699124887298656,1.437757785318083
1,1.413386843499783,1.7699124887298656,1.437757785318083
2,1.413386843499783,1.7699124887298656,1.437757785318083
3,1.413386843499783,1.7699124887298656,1.437757785318083
4,1.413386843499783,1.7699124887298656,1.437757785318083
5,1.413386843499783,1.7699124887298656,1.437757785318083
