MDC_Number, CPU_capacity, RAM_capacity,disk_capacity
0,1.5921038642471523,1.4788185726060838,1.862695425873486
1,1.5921038642471523,1.4788185726060838,1.862695425873486
2,1.5921038642471523,1.4788185726060838,1.862695425873486
3,1.5921038642471523,1.4788185726060838,1.862695425873486
4,1.5921038642471523,1.4788185726060838,1.862695425873486
5,1.5921038642471523,1.4788185726060838,1.862695425873486
