MDC_Number, CPU_capacity, RAM_capacity,disk_capacity
0,1.6706445573629833,1.4095224439119307,1.7077454991682832
1,1.6706445573629833,1.4095224439119307,1.7077454991682832
2,1.6706445573629833,1.4095224439119307,1.7077454991682832
3,1.6706445573629833,1.4095224439119307,1.7077454991682832
4,1.6706445573629833,1.4095224439119307,1.7077454991682832
5,1.6706445573629833,1.4095224439119307,1.7077454991682832
