MDC_Number, CPU_capacity, RAM_capacity,disk_capacity
0,1.6496198115869145,1.8962040771867859,1.549682477866476
1,1.6496198115869145,1.8962040771867859,1.549682477866476
2,1.6496198115869145,1.8962040771867859,1.549682477866476
3,1.6496198115869145,1.8962040771867859,1.549682477866476
4,1.6496198115869145,1.8962040771867859,1.549682477866476
5,1.6496198115869145,1.8962040771867859,1.549682477866476
