MDC_Number, CPU_capacity, RAM_capacity,disk_capacity
0,1.7320894998435632,1.6981214621607124,1.6965018557595049
1,1.7320894998435632,1.6981214621607124,1.6965018557595049
2,1.7320894998435632,1.6981214621607124,1.6965018557595049
3,1.7320894998435632,1.6981214621607124,1.6965018557595049
4,1.7320894998435632,1.6981214621607124,1.6965018557595049
5,1.7320894998435632,1.6981214621607124,1.6965018557595049
