MDC_Number, CPU_capacity, RAM_capacity,disk_capacity
0,1.5131189409268408,1.6830498854406475,1.9950083022406593
1,1.5131189409268408,1.6830498854406475,1.9950083022406593
2,1.5131189409268408,1.6830498854406475,1.9950083022406593
3,1.5131189409268408,1.6830498854406475,1.9950083022406593
4,1.5131189409268408,1.6830498854406475,1.9950083022406593
5,1.5131189409268408,1.6830498854406475,1.9950083022406593
