MDC_Number, CPU_capacity, RAM_capacity,disk_capacity
0,1.751443952450391,1.6791790025552058,1.6380698497094308
1,1.751443952450391,1.6791790025552058,1.6380698497094308
2,1.751443952450391,1.6791790025552058,1.6380698497094308
3,1.751443952450391,1.6791790025552058,1.6380698497094308
4,1.751443952450391,1.6791790025552058,1.6380698497094308
5,1.751443952450391,1.6791790025552058,1.6380698497094308
