MDC_Number,CPU_cost,RAM_cost,disk_cost
0,0.8628055820567515,0.7027526394381244,0.8185923423339121
1,0.5104825547820205,0.6236593296270336,0.64670743952322
2,0.8849181841792189,0.5116613380460914,0.684826964217984
3,0.9341276838270904,0.6813394529547092,0.9539167459413389
4,0.5830122036102713,0.8922299092381143,0.7389912824604596
5,0.9837574356317424,0.5763445273739316,0.5270102713608315
