MDC_Number, CPU_capacity, RAM_capacity,disk_capacity
0,1.873569521957129,1.72389468676062,1.7064309404890743
1,1.873569521957129,1.72389468676062,1.7064309404890743
2,1.873569521957129,1.72389468676062,1.7064309404890743
3,1.873569521957129,1.72389468676062,1.7064309404890743
4,1.873569521957129,1.72389468676062,1.7064309404890743
5,1.873569521957129,1.72389468676062,1.7064309404890743
