MDC_Number, CPU_capacity, RAM_capacity,disk_capacity
0,1.7587677702108597,2.267455492274938,1.766438318068283
1,1.7587677702108597,2.267455492274938,1.766438318068283
2,1.7587677702108597,2.267455492274938,1.766438318068283
3,1.7587677702108597,2.267455492274938,1.766438318068283
4,1.7587677702108597,2.267455492274938,1.766438318068283
5,1.7587677702108597,2.267455492274938,1.766438318068283
