MDC_Number, CPU_capacity, RAM_capacity,disk_capacity
0,1.7630600395779972,1.597725109877171,1.7254989303828734
1,1.7630600395779972,1.597725109877171,1.7254989303828734
2,1.7630600395779972,1.597725109877171,1.7254989303828734
3,1.7630600395779972,1.597725109877171,1.7254989303828734
4,1.7630600395779972,1.597725109877171,1.7254989303828734
5,1.7630600395779972,1.597725109877171,1.7254989303828734
