MDC_Number, CPU_capacity, RAM_capacity,disk_capacity
0,1.733150248448337,1.654233920889581,1.6193032705572248
1,1.733150248448337,1.654233920889581,1.6193032705572248
2,1.733150248448337,1.654233920889581,1.6193032705572248
3,1.733150248448337,1.654233920889581,1.6193032705572248
4,1.733150248448337,1.654233920889581,1.6193032705572248
5,1.733150248448337,1.654233920889581,1.6193032705572248
