MDC_Number, CPU_capacity, RAM_capacity,disk_capacity
0,1.6877259842967423,1.593072079721761,1.4975685212149354
1,1.6877259842967423,1.593072079721761,1.4975685212149354
2,1.6877259842967423,1.593072079721761,1.4975685212149354
3,1.6877259842967423,1.593072079721761,1.4975685212149354
4,1.6877259842967423,1.593072079721761,1.4975685212149354
5,1.6877259842967423,1.593072079721761,1.4975685212149354
