MDC_Number, CPU_capacity, RAM_capacity,disk_capacity
0,1.5378991483944846,1.6491775244606144,1.731451733185276
1,1.5378991483944846,1.6491775244606144,1.731451733185276
2,1.5378991483944846,1.6491775244606144,1.731451733185276
3,1.5378991483944846,1.6491775244606144,1.731451733185276
4,1.5378991483944846,1.6491775244606144,1.731451733185276
5,1.5378991483944846,1.6491775244606144,1.731451733185276
