MDC_Number, CPU_capacity, RAM_capacity,disk_capacity
0,1.5263388957577102,1.546672554002769,1.5065971340354183
1,1.5263388957577102,1.546672554002769,1.5065971340354183
2,1.5263388957577102,1.546672554002769,1.5065971340354183
3,1.5263388957577102,1.546672554002769,1.5065971340354183
4,1.5263388957577102,1.546672554002769,1.5065971340354183
5,1.5263388957577102,1.546672554002769,1.5065971340354183
