MDC_Number, CPU_capacity, RAM_capacity,disk_capacity
0,1.6457863558178027,1.6310533315340099,1.3137503291298118
1,1.6457863558178027,1.6310533315340099,1.3137503291298118
2,1.6457863558178027,1.6310533315340099,1.3137503291298118
3,1.6457863558178027,1.6310533315340099,1.3137503291298118
4,1.6457863558178027,1.6310533315340099,1.3137503291298118
5,1.6457863558178027,1.6310533315340099,1.3137503291298118
