MDC_Number, CPU_capacity, RAM_capacity,disk_capacity
0,2.1389914972875643,1.5167740813431925,1.8629031163110703
1,2.1389914972875643,1.5167740813431925,1.8629031163110703
2,2.1389914972875643,1.5167740813431925,1.8629031163110703
3,2.1389914972875643,1.5167740813431925,1.8629031163110703
4,2.1389914972875643,1.5167740813431925,1.8629031163110703
5,2.1389914972875643,1.5167740813431925,1.8629031163110703
