MDC_Number, CPU_capacity, RAM_capacity,disk_capacity
0,1.8303236583031293,1.9877174593298605,1.7505457398604323
1,1.8303236583031293,1.9877174593298605,1.7505457398604323
2,1.8303236583031293,1.9877174593298605,1.7505457398604323
3,1.8303236583031293,1.9877174593298605,1.7505457398604323
4,1.8303236583031293,1.9877174593298605,1.7505457398604323
5,1.8303236583031293,1.9877174593298605,1.7505457398604323
