MDC_Number, CPU_capacity, RAM_capacity,disk_capacity
0,1.654096764004727,1.4691989260494047,1.9275920076677062
1,1.654096764004727,1.4691989260494047,1.9275920076677062
2,1.654096764004727,1.4691989260494047,1.9275920076677062
3,1.654096764004727,1.4691989260494047,1.9275920076677062
4,1.654096764004727,1.4691989260494047,1.9275920076677062
5,1.654096764004727,1.4691989260494047,1.9275920076677062
