MDC_Number, CPU_capacity, RAM_capacity,disk_capacity
0,1.5847203583494975,1.742074021409782,1.757050544725235
1,1.5847203583494975,1.742074021409782,1.757050544725235
2,1.5847203583494975,1.742074021409782,1.757050544725235
3,1.5847203583494975,1.742074021409782,1.757050544725235
4,1.5847203583494975,1.742074021409782,1.757050544725235
5,1.5847203583494975,1.742074021409782,1.757050544725235
