MDC_Number, CPU_capacity, RAM_capacity,disk_capacity
0,1.6595386187270127,1.6403417470717245,1.5355407620158523
1,1.6595386187270127,1.6403417470717245,1.5355407620158523
2,1.6595386187270127,1.6403417470717245,1.5355407620158523
3,1.6595386187270127,1.6403417470717245,1.5355407620158523
4,1.6595386187270127,1.6403417470717245,1.5355407620158523
5,1.6595386187270127,1.6403417470717245,1.5355407620158523
