MDC_Number, CPU_capacity, RAM_capacity,disk_capacity
0,1.5609645574325703,1.623239683152126,1.8065980607205785
1,1.5609645574325703,1.623239683152126,1.8065980607205785
2,1.5609645574325703,1.623239683152126,1.8065980607205785
3,1.5609645574325703,1.623239683152126,1.8065980607205785
4,1.5609645574325703,1.623239683152126,1.8065980607205785
5,1.5609645574325703,1.623239683152126,1.8065980607205785
