MDC_Number, CPU_capacity, RAM_capacity,disk_capacity
0,1.689118742992734,1.8216990955556025,1.7751631959462384
1,1.689118742992734,1.8216990955556025,1.7751631959462384
2,1.689118742992734,1.8216990955556025,1.7751631959462384
3,1.689118742992734,1.8216990955556025,1.7751631959462384
4,1.689118742992734,1.8216990955556025,1.7751631959462384
5,1.689118742992734,1.8216990955556025,1.7751631959462384
