MDC_Number, CPU_capacity, RAM_capacity,disk_capacity
0,1.869224275225047,1.7244433848053466,1.7447754619453477
1,1.869224275225047,1.7244433848053466,1.7447754619453477
2,1.869224275225047,1.7244433848053466,1.7447754619453477
3,1.869224275225047,1.7244433848053466,1.7447754619453477
4,1.869224275225047,1.7244433848053466,1.7447754619453477
5,1.869224275225047,1.7244433848053466,1.7447754619453477
