MDC_Number, CPU_capacity, RAM_capacity,disk_capacity
0,1.6746556371488368,1.4599290148251487,1.500197368446087
1,1.6746556371488368,1.4599290148251487,1.500197368446087
2,1.6746556371488368,1.4599290148251487,1.500197368446087
3,1.6746556371488368,1.4599290148251487,1.500197368446087
4,1.6746556371488368,1.4599290148251487,1.500197368446087
5,1.6746556371488368,1.4599290148251487,1.500197368446087
