MDC_Number, CPU_capacity, RAM_capacity,disk_capacity
0,1.965747900889812,1.5606668719721555,1.6869991454580753
1,1.965747900889812,1.5606668719721555,1.6869991454580753
2,1.965747900889812,1.5606668719721555,1.6869991454580753
3,1.965747900889812,1.5606668719721555,1.6869991454580753
4,1.965747900889812,1.5606668719721555,1.6869991454580753
5,1.965747900889812,1.5606668719721555,1.6869991454580753
