MDC_Number, CPU_capacity, RAM_capacity,disk_capacity
0,1.816426608229836,1.4694395762187702,1.6774352766196037
1,1.816426608229836,1.4694395762187702,1.6774352766196037
2,1.816426608229836,1.4694395762187702,1.6774352766196037
3,1.816426608229836,1.4694395762187702,1.6774352766196037
4,1.816426608229836,1.4694395762187702,1.6774352766196037
5,1.816426608229836,1.4694395762187702,1.6774352766196037
