MDC_Number, CPU_capacity, RAM_capacity,disk_capacity
0,1.8047167747882569,1.5680085196476596,1.9916202635289608
1,1.8047167747882569,1.5680085196476596,1.9916202635289608
2,1.8047167747882569,1.5680085196476596,1.9916202635289608
3,1.8047167747882569,1.5680085196476596,1.9916202635289608
4,1.8047167747882569,1.5680085196476596,1.9916202635289608
5,1.8047167747882569,1.5680085196476596,1.9916202635289608
