MDC_Number, CPU_capacity, RAM_capacity,disk_capacity
0,1.8662225832879689,1.649704633329776,1.520478018413409
1,1.8662225832879689,1.649704633329776,1.520478018413409
2,1.8662225832879689,1.649704633329776,1.520478018413409
3,1.8662225832879689,1.649704633329776,1.520478018413409
4,1.8662225832879689,1.649704633329776,1.520478018413409
5,1.8662225832879689,1.649704633329776,1.520478018413409
