MDC_Number, CPU_capacity, RAM_capacity,disk_capacity
0,1.5547521266265032,1.5279630440746415,1.9790898675388844
1,1.5547521266265032,1.5279630440746415,1.9790898675388844
2,1.5547521266265032,1.5279630440746415,1.9790898675388844
3,1.5547521266265032,1.5279630440746415,1.9790898675388844
4,1.5547521266265032,1.5279630440746415,1.9790898675388844
5,1.5547521266265032,1.5279630440746415,1.9790898675388844
