MDC_Number, CPU_capacity, RAM_capacity,disk_capacity
0,1.6496346250157232,1.6212520144951583,1.7970845394782804
1,1.6496346250157232,1.6212520144951583,1.7970845394782804
2,1.6496346250157232,1.6212520144951583,1.7970845394782804
3,1.6496346250157232,1.6212520144951583,1.7970845394782804
4,1.6496346250157232,1.6212520144951583,1.7970845394782804
5,1.6496346250157232,1.6212520144951583,1.7970845394782804
