MDC_Number, CPU_capacity, RAM_capacity,disk_capacity
0,1.8358253172725574,1.5153081846106495,1.6808912076928948
1,1.8358253172725574,1.5153081846106495,1.6808912076928948
2,1.8358253172725574,1.5153081846106495,1.6808912076928948
3,1.8358253172725574,1.5153081846106495,1.6808912076928948
4,1.8358253172725574,1.5153081846106495,1.6808912076928948
5,1.8358253172725574,1.5153081846106495,1.6808912076928948
