MDC_Number, CPU_capacity, RAM_capacity,disk_capacity
0,1.6004728310477234,1.716183016674068,1.769064070259502
1,1.6004728310477234,1.716183016674068,1.769064070259502
2,1.6004728310477234,1.716183016674068,1.769064070259502
3,1.6004728310477234,1.716183016674068,1.769064070259502
4,1.6004728310477234,1.716183016674068,1.769064070259502
5,1.6004728310477234,1.716183016674068,1.769064070259502
