MDC_Number, CPU_capacity, RAM_capacity,disk_capacity
0,1.6214618234094418,1.7335725724842181,1.7505391480540042
1,1.6214618234094418,1.7335725724842181,1.7505391480540042
2,1.6214618234094418,1.7335725724842181,1.7505391480540042
3,1.6214618234094418,1.7335725724842181,1.7505391480540042
4,1.6214618234094418,1.7335725724842181,1.7505391480540042
5,1.6214618234094418,1.7335725724842181,1.7505391480540042
