MDC_Number, CPU_capacity, RAM_capacity,disk_capacity
0,1.8542627798815179,1.567551007314288,1.9142402341876275
1,1.8542627798815179,1.567551007314288,1.9142402341876275
2,1.8542627798815179,1.567551007314288,1.9142402341876275
3,1.8542627798815179,1.567551007314288,1.9142402341876275
4,1.8542627798815179,1.567551007314288,1.9142402341876275
5,1.8542627798815179,1.567551007314288,1.9142402341876275
