MDC_Number, CPU_capacity, RAM_capacity,disk_capacity
0,1.4738623119081817,1.6080495181189243,1.8282687223510135
1,1.4738623119081817,1.6080495181189243,1.8282687223510135
2,1.4738623119081817,1.6080495181189243,1.8282687223510135
3,1.4738623119081817,1.6080495181189243,1.8282687223510135
4,1.4738623119081817,1.6080495181189243,1.8282687223510135
5,1.4738623119081817,1.6080495181189243,1.8282687223510135
