MDC_Number, CPU_capacity, RAM_capacity,disk_capacity
0,1.8061557239820478,1.5354454606327304,1.7100183193097298
1,1.8061557239820478,1.5354454606327304,1.7100183193097298
2,1.8061557239820478,1.5354454606327304,1.7100183193097298
3,1.8061557239820478,1.5354454606327304,1.7100183193097298
4,1.8061557239820478,1.5354454606327304,1.7100183193097298
5,1.8061557239820478,1.5354454606327304,1.7100183193097298
