MDC_Number, CPU_capacity, RAM_capacity,disk_capacity
0,1.9298116366097178,1.635733581979193,1.6500555094887543
1,1.9298116366097178,1.635733581979193,1.6500555094887543
2,1.9298116366097178,1.635733581979193,1.6500555094887543
3,1.9298116366097178,1.635733581979193,1.6500555094887543
4,1.9298116366097178,1.635733581979193,1.6500555094887543
5,1.9298116366097178,1.635733581979193,1.6500555094887543
