MDC_Number, CPU_capacity, RAM_capacity,disk_capacity
0,1.753719205602457,1.2931399953709173,2.0342507140722517
1,1.753719205602457,1.2931399953709173,2.0342507140722517
2,1.753719205602457,1.2931399953709173,2.0342507140722517
3,1.753719205602457,1.2931399953709173,2.0342507140722517
4,1.753719205602457,1.2931399953709173,2.0342507140722517
5,1.753719205602457,1.2931399953709173,2.0342507140722517
