MDC_Number, CPU_capacity, RAM_capacity,disk_capacity
0,1.3342269102885065,1.4142471850309941,1.6311731941834837
1,1.3342269102885065,1.4142471850309941,1.6311731941834837
2,1.3342269102885065,1.4142471850309941,1.6311731941834837
3,1.3342269102885065,1.4142471850309941,1.6311731941834837
4,1.3342269102885065,1.4142471850309941,1.6311731941834837
5,1.3342269102885065,1.4142471850309941,1.6311731941834837
