MDC_Number, CPU_capacity, RAM_capacity,disk_capacity
0,1.7657590989413903,1.6949689217401436,1.670703555296781
1,1.7657590989413903,1.6949689217401436,1.670703555296781
2,1.7657590989413903,1.6949689217401436,1.670703555296781
3,1.7657590989413903,1.6949689217401436,1.670703555296781
4,1.7657590989413903,1.6949689217401436,1.670703555296781
5,1.7657590989413903,1.6949689217401436,1.670703555296781
