MDC_Number, CPU_capacity, RAM_capacity,disk_capacity
0,1.4825477071435618,1.6795235737363186,1.6508197185339768
1,1.4825477071435618,1.6795235737363186,1.6508197185339768
2,1.4825477071435618,1.6795235737363186,1.6508197185339768
3,1.4825477071435618,1.6795235737363186,1.6508197185339768
4,1.4825477071435618,1.6795235737363186,1.6508197185339768
5,1.4825477071435618,1.6795235737363186,1.6508197185339768
