MDC_Number, CPU_capacity, RAM_capacity,disk_capacity
0,1.9263724272510634,1.5962427182968386,1.844765119355425
1,1.9263724272510634,1.5962427182968386,1.844765119355425
2,1.9263724272510634,1.5962427182968386,1.844765119355425
3,1.9263724272510634,1.5962427182968386,1.844765119355425
4,1.9263724272510634,1.5962427182968386,1.844765119355425
5,1.9263724272510634,1.5962427182968386,1.844765119355425
