MDC_Number, CPU_capacity, RAM_capacity,disk_capacity
0,1.612367562502237,1.7698841786979518,1.7671140251973267
1,1.612367562502237,1.7698841786979518,1.7671140251973267
2,1.612367562502237,1.7698841786979518,1.7671140251973267
3,1.612367562502237,1.7698841786979518,1.7671140251973267
4,1.612367562502237,1.7698841786979518,1.7671140251973267
5,1.612367562502237,1.7698841786979518,1.7671140251973267
