MDC_Number, CPU_capacity, RAM_capacity,disk_capacity
0,1.6759364559126095,1.8444243448316617,1.6088075551124223
1,1.6759364559126095,1.8444243448316617,1.6088075551124223
2,1.6759364559126095,1.8444243448316617,1.6088075551124223
3,1.6759364559126095,1.8444243448316617,1.6088075551124223
4,1.6759364559126095,1.8444243448316617,1.6088075551124223
5,1.6759364559126095,1.8444243448316617,1.6088075551124223
