MDC_Number, CPU_capacity, RAM_capacity,disk_capacity
0,1.8370579971445204,1.677460510500865,1.8615078315845264
1,1.8370579971445204,1.677460510500865,1.8615078315845264
2,1.8370579971445204,1.677460510500865,1.8615078315845264
3,1.8370579971445204,1.677460510500865,1.8615078315845264
4,1.8370579971445204,1.677460510500865,1.8615078315845264
5,1.8370579971445204,1.677460510500865,1.8615078315845264
