MDC_Number, CPU_capacity, RAM_capacity,disk_capacity
0,1.8611940745811126,1.831581041790086,1.7769297645573634
1,1.8611940745811126,1.831581041790086,1.7769297645573634
2,1.8611940745811126,1.831581041790086,1.7769297645573634
3,1.8611940745811126,1.831581041790086,1.7769297645573634
4,1.8611940745811126,1.831581041790086,1.7769297645573634
5,1.8611940745811126,1.831581041790086,1.7769297645573634
