MDC_Number, CPU_capacity, RAM_capacity,disk_capacity
0,1.5227481638064329,1.5458695756646983,1.664631281730571
1,1.5227481638064329,1.5458695756646983,1.664631281730571
2,1.5227481638064329,1.5458695756646983,1.664631281730571
3,1.5227481638064329,1.5458695756646983,1.664631281730571
4,1.5227481638064329,1.5458695756646983,1.664631281730571
5,1.5227481638064329,1.5458695756646983,1.664631281730571
