MDC_Number, CPU_capacity, RAM_capacity,disk_capacity
0,1.7944123343988068,1.9200331212114818,1.5999014658723378
1,1.7944123343988068,1.9200331212114818,1.5999014658723378
2,1.7944123343988068,1.9200331212114818,1.5999014658723378
3,1.7944123343988068,1.9200331212114818,1.5999014658723378
4,1.7944123343988068,1.9200331212114818,1.5999014658723378
5,1.7944123343988068,1.9200331212114818,1.5999014658723378
