MDC_Number, CPU_capacity, RAM_capacity,disk_capacity
0,1.7652218927729575,1.7573812913327704,1.4449965020197995
1,1.7652218927729575,1.7573812913327704,1.4449965020197995
2,1.7652218927729575,1.7573812913327704,1.4449965020197995
3,1.7652218927729575,1.7573812913327704,1.4449965020197995
4,1.7652218927729575,1.7573812913327704,1.4449965020197995
5,1.7652218927729575,1.7573812913327704,1.4449965020197995
