MDC_Number,CPU_cost,RAM_cost,disk_cost
0,0.5446147977502456,0.9649401685839085,0.723312230776197
1,0.6248526388333191,0.634298133143528,0.6142393978235862
2,0.6312125730241811,0.5767641189097487,0.9719797860694713
3,0.8841156488108386,0.862275927936355,0.8723742040062575
4,0.7882102509719489,0.7136879692528976,0.8989218320528387
5,0.9270616894783521,0.9158961792057503,0.8525866519728553
