MDC_Number, CPU_capacity, RAM_capacity,disk_capacity
0,1.6948161340826464,1.54121235587523,1.8387801035574638
1,1.6948161340826464,1.54121235587523,1.8387801035574638
2,1.6948161340826464,1.54121235587523,1.8387801035574638
3,1.6948161340826464,1.54121235587523,1.8387801035574638
4,1.6948161340826464,1.54121235587523,1.8387801035574638
5,1.6948161340826464,1.54121235587523,1.8387801035574638
