MDC_Number, CPU_capacity, RAM_capacity,disk_capacity
0,1.8026339738676798,1.7521356874226357,2.0260963993793135
1,1.8026339738676798,1.7521356874226357,2.0260963993793135
2,1.8026339738676798,1.7521356874226357,2.0260963993793135
3,1.8026339738676798,1.7521356874226357,2.0260963993793135
4,1.8026339738676798,1.7521356874226357,2.0260963993793135
5,1.8026339738676798,1.7521356874226357,2.0260963993793135
