MDC_Number, CPU_capacity, RAM_capacity,disk_capacity
0,1.8812345309231049,1.8147659613864027,1.6025287620222899
1,1.8812345309231049,1.8147659613864027,1.6025287620222899
2,1.8812345309231049,1.8147659613864027,1.6025287620222899
3,1.8812345309231049,1.8147659613864027,1.6025287620222899
4,1.8812345309231049,1.8147659613864027,1.6025287620222899
5,1.8812345309231049,1.8147659613864027,1.6025287620222899
