MDC_Number, CPU_capacity, RAM_capacity,disk_capacity
0,1.568730106379907,1.6231431613170857,1.8818738756417748
1,1.568730106379907,1.6231431613170857,1.8818738756417748
2,1.568730106379907,1.6231431613170857,1.8818738756417748
3,1.568730106379907,1.6231431613170857,1.8818738756417748
4,1.568730106379907,1.6231431613170857,1.8818738756417748
5,1.568730106379907,1.6231431613170857,1.8818738756417748
