MDC_Number, CPU_capacity, RAM_capacity,disk_capacity
0,1.762675128691274,1.2521040167202664,2.0399461664636154
1,1.762675128691274,1.2521040167202664,2.0399461664636154
2,1.762675128691274,1.2521040167202664,2.0399461664636154
3,1.762675128691274,1.2521040167202664,2.0399461664636154
4,1.762675128691274,1.2521040167202664,2.0399461664636154
5,1.762675128691274,1.2521040167202664,2.0399461664636154
