MDC_Number, CPU_capacity, RAM_capacity,disk_capacity
0,1.5811643638584265,1.6615894574617127,1.493349936891203
1,1.5811643638584265,1.6615894574617127,1.493349936891203
2,1.5811643638584265,1.6615894574617127,1.493349936891203
3,1.5811643638584265,1.6615894574617127,1.493349936891203
4,1.5811643638584265,1.6615894574617127,1.493349936891203
5,1.5811643638584265,1.6615894574617127,1.493349936891203
