MDC_Number, CPU_capacity, RAM_capacity,disk_capacity
0,1.6177679838291237,1.822652935447016,1.7629697850222237
1,1.6177679838291237,1.822652935447016,1.7629697850222237
2,1.6177679838291237,1.822652935447016,1.7629697850222237
3,1.6177679838291237,1.822652935447016,1.7629697850222237
4,1.6177679838291237,1.822652935447016,1.7629697850222237
5,1.6177679838291237,1.822652935447016,1.7629697850222237
