MDC_Number,CPU_cost,RAM_cost,disk_cost
0,0.8508974931807256,0.8937007288784953,0.9035044407223001
1,0.5193238830542234,0.7776464041779196,0.8475787715570162
2,0.791512611239007,0.9503089607714019,0.9855533333107478
3,0.7849439022739748,0.5836641530288157,0.91267823183186
4,0.5910755146120678,0.7145725773406282,0.8225459795171839
5,0.5964372722971567,0.797556145325873,0.7632928378990834
