MDC_Number, CPU_capacity, RAM_capacity,disk_capacity
0,1.6903465838972718,1.813679362896994,1.8050020436363046
1,1.6903465838972718,1.813679362896994,1.8050020436363046
2,1.6903465838972718,1.813679362896994,1.8050020436363046
3,1.6903465838972718,1.813679362896994,1.8050020436363046
4,1.6903465838972718,1.813679362896994,1.8050020436363046
5,1.6903465838972718,1.813679362896994,1.8050020436363046
