MDC_Number, CPU_capacity, RAM_capacity,disk_capacity
0,1.6887397219689415,1.8344809072143133,1.630096264211841
1,1.6887397219689415,1.8344809072143133,1.630096264211841
2,1.6887397219689415,1.8344809072143133,1.630096264211841
3,1.6887397219689415,1.8344809072143133,1.630096264211841
4,1.6887397219689415,1.8344809072143133,1.630096264211841
5,1.6887397219689415,1.8344809072143133,1.630096264211841
