MDC_Number, CPU_capacity, RAM_capacity,disk_capacity
0,1.7397089978977196,1.7274449883932566,1.8203315383070846
1,1.7397089978977196,1.7274449883932566,1.8203315383070846
2,1.7397089978977196,1.7274449883932566,1.8203315383070846
3,1.7397089978977196,1.7274449883932566,1.8203315383070846
4,1.7397089978977196,1.7274449883932566,1.8203315383070846
5,1.7397089978977196,1.7274449883932566,1.8203315383070846
