MDC_Number, CPU_capacity, RAM_capacity,disk_capacity
0,1.5910173772049596,1.6012032258403182,1.7082577682674593
1,1.5910173772049596,1.6012032258403182,1.7082577682674593
2,1.5910173772049596,1.6012032258403182,1.7082577682674593
3,1.5910173772049596,1.6012032258403182,1.7082577682674593
4,1.5910173772049596,1.6012032258403182,1.7082577682674593
5,1.5910173772049596,1.6012032258403182,1.7082577682674593
