MDC_Number,CPU_cost,RAM_cost,disk_cost
0,0.8186972559722019,0.9101096283524703,0.7805196682512056
1,0.6821221631868353,0.7102315774288064,0.909637107172308
2,0.8648648722114549,0.5244849806389109,0.7060434684394028
3,0.8992240851573127,0.7490164937164498,0.8587274502832988
4,0.8910177258504415,0.9658231725850024,0.8325059027298829
5,0.9760456579799526,0.8969602366392193,0.5075377940555361
