MDC_Number, CPU_capacity, RAM_capacity,disk_capacity
0,2.145997779703427,1.4248103681829116,1.7568371949010446
1,2.145997779703427,1.4248103681829116,1.7568371949010446
2,2.145997779703427,1.4248103681829116,1.7568371949010446
3,2.145997779703427,1.4248103681829116,1.7568371949010446
4,2.145997779703427,1.4248103681829116,1.7568371949010446
5,2.145997779703427,1.4248103681829116,1.7568371949010446
