MDC_Number, CPU_capacity, RAM_capacity,disk_capacity
0,1.8609295439743818,1.6919986016268478,1.8252231691206693
1,1.8609295439743818,1.6919986016268478,1.8252231691206693
2,1.8609295439743818,1.6919986016268478,1.8252231691206693
3,1.8609295439743818,1.6919986016268478,1.8252231691206693
4,1.8609295439743818,1.6919986016268478,1.8252231691206693
5,1.8609295439743818,1.6919986016268478,1.8252231691206693
