MDC_Number, CPU_capacity, RAM_capacity,disk_capacity
0,1.6940533060772933,1.826784358180482,1.689424524225382
1,1.6940533060772933,1.826784358180482,1.689424524225382
2,1.6940533060772933,1.826784358180482,1.689424524225382
3,1.6940533060772933,1.826784358180482,1.689424524225382
4,1.6940533060772933,1.826784358180482,1.689424524225382
5,1.6940533060772933,1.826784358180482,1.689424524225382
