MDC_Number, CPU_capacity, RAM_capacity,disk_capacity
0,1.64391687665923,1.7798527070059347,1.8164950584175121
1,1.64391687665923,1.7798527070059347,1.8164950584175121
2,1.64391687665923,1.7798527070059347,1.8164950584175121
3,1.64391687665923,1.7798527070059347,1.8164950584175121
4,1.64391687665923,1.7798527070059347,1.8164950584175121
5,1.64391687665923,1.7798527070059347,1.8164950584175121
