MDC_Number, CPU_capacity, RAM_capacity,disk_capacity
0,2.0324982226150623,1.96942168569592,1.6725531079572313
1,2.0324982226150623,1.96942168569592,1.6725531079572313
2,2.0324982226150623,1.96942168569592,1.6725531079572313
3,2.0324982226150623,1.96942168569592,1.6725531079572313
4,2.0324982226150623,1.96942168569592,1.6725531079572313
5,2.0324982226150623,1.96942168569592,1.6725531079572313
