MDC_Number, CPU_capacity, RAM_capacity,disk_capacity
0,1.709693436282256,1.9360741774602321,1.726856560573204
1,1.709693436282256,1.9360741774602321,1.726856560573204
2,1.709693436282256,1.9360741774602321,1.726856560573204
3,1.709693436282256,1.9360741774602321,1.726856560573204
4,1.709693436282256,1.9360741774602321,1.726856560573204
5,1.709693436282256,1.9360741774602321,1.726856560573204
