MDC_Number, CPU_capacity, RAM_capacity,disk_capacity
0,1.8742767842593135,1.6545232418673816,1.7706775359530917
1,1.8742767842593135,1.6545232418673816,1.7706775359530917
2,1.8742767842593135,1.6545232418673816,1.7706775359530917
3,1.8742767842593135,1.6545232418673816,1.7706775359530917
4,1.8742767842593135,1.6545232418673816,1.7706775359530917
5,1.8742767842593135,1.6545232418673816,1.7706775359530917
