MDC_Number, CPU_capacity, RAM_capacity,disk_capacity
0,1.7174154430253599,1.763609986614635,1.8107348524445208
1,1.7174154430253599,1.763609986614635,1.8107348524445208
2,1.7174154430253599,1.763609986614635,1.8107348524445208
3,1.7174154430253599,1.763609986614635,1.8107348524445208
4,1.7174154430253599,1.763609986614635,1.8107348524445208
5,1.7174154430253599,1.763609986614635,1.8107348524445208
