MDC_Number, CPU_capacity, RAM_capacity,disk_capacity
0,1.8796516900199625,1.7704829331840608,1.55407030783513
1,1.8796516900199625,1.7704829331840608,1.55407030783513
2,1.8796516900199625,1.7704829331840608,1.55407030783513
3,1.8796516900199625,1.7704829331840608,1.55407030783513
4,1.8796516900199625,1.7704829331840608,1.55407030783513
5,1.8796516900199625,1.7704829331840608,1.55407030783513
