MDC_Number, CPU_capacity, RAM_capacity,disk_capacity
0,1.6599729142917141,2.0131355031137494,1.9636566524398618
1,1.6599729142917141,2.0131355031137494,1.9636566524398618
2,1.6599729142917141,2.0131355031137494,1.9636566524398618
3,1.6599729142917141,2.0131355031137494,1.9636566524398618
4,1.6599729142917141,2.0131355031137494,1.9636566524398618
5,1.6599729142917141,2.0131355031137494,1.9636566524398618
