MDC_Number, CPU_capacity, RAM_capacity,disk_capacity
0,1.8021822275646042,1.5802754075166343,1.3425117621677478
1,1.8021822275646042,1.5802754075166343,1.3425117621677478
2,1.8021822275646042,1.5802754075166343,1.3425117621677478
3,1.8021822275646042,1.5802754075166343,1.3425117621677478
4,1.8021822275646042,1.5802754075166343,1.3425117621677478
5,1.8021822275646042,1.5802754075166343,1.3425117621677478
