MDC_Number, CPU_capacity, RAM_capacity,disk_capacity
0,1.7417584410131273,1.7415789352797444,1.8459667254963599
1,1.7417584410131273,1.7415789352797444,1.8459667254963599
2,1.7417584410131273,1.7415789352797444,1.8459667254963599
3,1.7417584410131273,1.7415789352797444,1.8459667254963599
4,1.7417584410131273,1.7415789352797444,1.8459667254963599
5,1.7417584410131273,1.7415789352797444,1.8459667254963599
