MDC_Number, CPU_capacity, RAM_capacity,disk_capacity
0,1.4294537824713354,1.7196868866923745,1.6585840917103578
1,1.4294537824713354,1.7196868866923745,1.6585840917103578
2,1.4294537824713354,1.7196868866923745,1.6585840917103578
3,1.4294537824713354,1.7196868866923745,1.6585840917103578
4,1.4294537824713354,1.7196868866923745,1.6585840917103578
5,1.4294537824713354,1.7196868866923745,1.6585840917103578
