MDC_Number, CPU_capacity, RAM_capacity,disk_capacity
0,1.5944718946260878,1.9779030871770786,1.824173224857778
1,1.5944718946260878,1.9779030871770786,1.824173224857778
2,1.5944718946260878,1.9779030871770786,1.824173224857778
3,1.5944718946260878,1.9779030871770786,1.824173224857778
4,1.5944718946260878,1.9779030871770786,1.824173224857778
5,1.5944718946260878,1.9779030871770786,1.824173224857778
