MDC_Number, CPU_capacity, RAM_capacity,disk_capacity
0,1.582594955899488,1.793571135834511,1.7172639068318802
1,1.582594955899488,1.793571135834511,1.7172639068318802
2,1.582594955899488,1.793571135834511,1.7172639068318802
3,1.582594955899488,1.793571135834511,1.7172639068318802
4,1.582594955899488,1.793571135834511,1.7172639068318802
5,1.582594955899488,1.793571135834511,1.7172639068318802
