MDC_Number, CPU_capacity, RAM_capacity,disk_capacity
0,1.6896511882649066,2.0043717651976025,1.9588472705609608
1,1.6896511882649066,2.0043717651976025,1.9588472705609608
2,1.6896511882649066,2.0043717651976025,1.9588472705609608
3,1.6896511882649066,2.0043717651976025,1.9588472705609608
4,1.6896511882649066,2.0043717651976025,1.9588472705609608
5,1.6896511882649066,2.0043717651976025,1.9588472705609608
