MDC_Number, CPU_capacity, RAM_capacity,disk_capacity
0,1.423946247687336,1.6784341761909802,1.5389340667933449
1,1.423946247687336,1.6784341761909802,1.5389340667933449
2,1.423946247687336,1.6784341761909802,1.5389340667933449
3,1.423946247687336,1.6784341761909802,1.5389340667933449
4,1.423946247687336,1.6784341761909802,1.5389340667933449
5,1.423946247687336,1.6784341761909802,1.5389340667933449
