MDC_Number, CPU_capacity, RAM_capacity,disk_capacity
0,1.7656127468179297,1.53664717369806,1.7188191167108304
1,1.7656127468179297,1.53664717369806,1.7188191167108304
2,1.7656127468179297,1.53664717369806,1.7188191167108304
3,1.7656127468179297,1.53664717369806,1.7188191167108304
4,1.7656127468179297,1.53664717369806,1.7188191167108304
5,1.7656127468179297,1.53664717369806,1.7188191167108304
