MDC_Number, CPU_capacity, RAM_capacity,disk_capacity
0,1.8434100322541593,1.6411976646425264,1.736217984194683
1,1.8434100322541593,1.6411976646425264,1.736217984194683
2,1.8434100322541593,1.6411976646425264,1.736217984194683
3,1.8434100322541593,1.6411976646425264,1.736217984194683
4,1.8434100322541593,1.6411976646425264,1.736217984194683
5,1.8434100322541593,1.6411976646425264,1.736217984194683
