MDC_Number, CPU_capacity, RAM_capacity,disk_capacity
0,1.721018490002172,1.6708908797171114,1.779070502551112
1,1.721018490002172,1.6708908797171114,1.779070502551112
2,1.721018490002172,1.6708908797171114,1.779070502551112
3,1.721018490002172,1.6708908797171114,1.779070502551112
4,1.721018490002172,1.6708908797171114,1.779070502551112
5,1.721018490002172,1.6708908797171114,1.779070502551112
