MDC_Number, CPU_capacity, RAM_capacity,disk_capacity
0,1.728472729774165,1.5871883747558075,1.5247550329366453
1,1.728472729774165,1.5871883747558075,1.5247550329366453
2,1.728472729774165,1.5871883747558075,1.5247550329366453
3,1.728472729774165,1.5871883747558075,1.5247550329366453
4,1.728472729774165,1.5871883747558075,1.5247550329366453
5,1.728472729774165,1.5871883747558075,1.5247550329366453
