MDC_Number, CPU_capacity, RAM_capacity,disk_capacity
0,1.8382299760010736,1.808088532043341,1.740111536786325
1,1.8382299760010736,1.808088532043341,1.740111536786325
2,1.8382299760010736,1.808088532043341,1.740111536786325
3,1.8382299760010736,1.808088532043341,1.740111536786325
4,1.8382299760010736,1.808088532043341,1.740111536786325
5,1.8382299760010736,1.808088532043341,1.740111536786325
