MDC_Number, CPU_capacity, RAM_capacity,disk_capacity
0,1.9142601364597949,1.6957317319267031,1.7819344427912804
1,1.9142601364597949,1.6957317319267031,1.7819344427912804
2,1.9142601364597949,1.6957317319267031,1.7819344427912804
3,1.9142601364597949,1.6957317319267031,1.7819344427912804
4,1.9142601364597949,1.6957317319267031,1.7819344427912804
5,1.9142601364597949,1.6957317319267031,1.7819344427912804
