MDC_Number, CPU_capacity, RAM_capacity,disk_capacity
0,1.8544164306057422,1.9654984584963344,1.4981588119252829
1,1.8544164306057422,1.9654984584963344,1.4981588119252829
2,1.8544164306057422,1.9654984584963344,1.4981588119252829
3,1.8544164306057422,1.9654984584963344,1.4981588119252829
4,1.8544164306057422,1.9654984584963344,1.4981588119252829
5,1.8544164306057422,1.9654984584963344,1.4981588119252829
