MDC_Number, CPU_capacity, RAM_capacity,disk_capacity
0,1.7155482552970183,1.6396233671945433,1.5564171323859362
1,1.7155482552970183,1.6396233671945433,1.5564171323859362
2,1.7155482552970183,1.6396233671945433,1.5564171323859362
3,1.7155482552970183,1.6396233671945433,1.5564171323859362
4,1.7155482552970183,1.6396233671945433,1.5564171323859362
5,1.7155482552970183,1.6396233671945433,1.5564171323859362
