MDC_Number, CPU_capacity, RAM_capacity,disk_capacity
0,1.6859699379780293,1.865411698197946,1.7105842297957037
1,1.6859699379780293,1.865411698197946,1.7105842297957037
2,1.6859699379780293,1.865411698197946,1.7105842297957037
3,1.6859699379780293,1.865411698197946,1.7105842297957037
4,1.6859699379780293,1.865411698197946,1.7105842297957037
5,1.6859699379780293,1.865411698197946,1.7105842297957037
