MDC_Number, CPU_capacity, RAM_capacity,disk_capacity
0,1.7757597501541138,1.7186059301453256,1.8258264756849056
1,1.7757597501541138,1.7186059301453256,1.8258264756849056
2,1.7757597501541138,1.7186059301453256,1.8258264756849056
3,1.7757597501541138,1.7186059301453256,1.8258264756849056
4,1.7757597501541138,1.7186059301453256,1.8258264756849056
5,1.7757597501541138,1.7186059301453256,1.8258264756849056
