MDC_Number, CPU_capacity, RAM_capacity,disk_capacity
0,1.264823278659657,1.7158242088211058,1.647200929714269
1,1.264823278659657,1.7158242088211058,1.647200929714269
2,1.264823278659657,1.7158242088211058,1.647200929714269
3,1.264823278659657,1.7158242088211058,1.647200929714269
4,1.264823278659657,1.7158242088211058,1.647200929714269
5,1.264823278659657,1.7158242088211058,1.647200929714269
