MDC_Number, CPU_capacity, RAM_capacity,disk_capacity
0,1.68524755891844,1.5384894757504741,1.5129426207276715
1,1.68524755891844,1.5384894757504741,1.5129426207276715
2,1.68524755891844,1.5384894757504741,1.5129426207276715
3,1.68524755891844,1.5384894757504741,1.5129426207276715
4,1.68524755891844,1.5384894757504741,1.5129426207276715
5,1.68524755891844,1.5384894757504741,1.5129426207276715
