MDC_Number, CPU_capacity, RAM_capacity,disk_capacity
0,1.897507197098911,1.7587950201369957,1.8519795592100257
1,1.897507197098911,1.7587950201369957,1.8519795592100257
2,1.897507197098911,1.7587950201369957,1.8519795592100257
3,1.897507197098911,1.7587950201369957,1.8519795592100257
4,1.897507197098911,1.7587950201369957,1.8519795592100257
5,1.897507197098911,1.7587950201369957,1.8519795592100257
