MDC_Number, CPU_capacity, RAM_capacity,disk_capacity
0,1.706908585539637,1.7030526331951243,1.7268527001406566
1,1.706908585539637,1.7030526331951243,1.7268527001406566
2,1.706908585539637,1.7030526331951243,1.7268527001406566
3,1.706908585539637,1.7030526331951243,1.7268527001406566
4,1.706908585539637,1.7030526331951243,1.7268527001406566
5,1.706908585539637,1.7030526331951243,1.7268527001406566
