MDC_Number, CPU_capacity, RAM_capacity,disk_capacity
0,1.7418109669638075,1.7333472420311613,1.7168057956037075
1,1.7418109669638075,1.7333472420311613,1.7168057956037075
2,1.7418109669638075,1.7333472420311613,1.7168057956037075
3,1.7418109669638075,1.7333472420311613,1.7168057956037075
4,1.7418109669638075,1.7333472420311613,1.7168057956037075
5,1.7418109669638075,1.7333472420311613,1.7168057956037075
