MDC_Number, CPU_capacity, RAM_capacity,disk_capacity
0,2.026648487183849,1.679738217946709,1.3711444874286955
1,2.026648487183849,1.679738217946709,1.3711444874286955
2,2.026648487183849,1.679738217946709,1.3711444874286955
3,2.026648487183849,1.679738217946709,1.3711444874286955
4,2.026648487183849,1.679738217946709,1.3711444874286955
5,2.026648487183849,1.679738217946709,1.3711444874286955
