MDC_Number, CPU_capacity, RAM_capacity,disk_capacity
0,1.5928612602523766,1.5443835212036674,1.6540801034257555
1,1.5928612602523766,1.5443835212036674,1.6540801034257555
2,1.5928612602523766,1.5443835212036674,1.6540801034257555
3,1.5928612602523766,1.5443835212036674,1.6540801034257555
4,1.5928612602523766,1.5443835212036674,1.6540801034257555
5,1.5928612602523766,1.5443835212036674,1.6540801034257555
