MDC_Number, CPU_capacity, RAM_capacity,disk_capacity
0,1.5878554584957485,1.9555526640775118,1.76839249104688
1,1.5878554584957485,1.9555526640775118,1.76839249104688
2,1.5878554584957485,1.9555526640775118,1.76839249104688
3,1.5878554584957485,1.9555526640775118,1.76839249104688
4,1.5878554584957485,1.9555526640775118,1.76839249104688
5,1.5878554584957485,1.9555526640775118,1.76839249104688
