MDC_Number, CPU_capacity, RAM_capacity,disk_capacity
0,1.6537851471502347,1.855716621798703,1.3744697962881576
1,1.6537851471502347,1.855716621798703,1.3744697962881576
2,1.6537851471502347,1.855716621798703,1.3744697962881576
3,1.6537851471502347,1.855716621798703,1.3744697962881576
4,1.6537851471502347,1.855716621798703,1.3744697962881576
5,1.6537851471502347,1.855716621798703,1.3744697962881576
