MDC_Number, CPU_capacity, RAM_capacity,disk_capacity
0,1.9504846783376228,1.732171665431469,1.6487928445897797
1,1.9504846783376228,1.732171665431469,1.6487928445897797
2,1.9504846783376228,1.732171665431469,1.6487928445897797
3,1.9504846783376228,1.732171665431469,1.6487928445897797
4,1.9504846783376228,1.732171665431469,1.6487928445897797
5,1.9504846783376228,1.732171665431469,1.6487928445897797
