MDC_Number, CPU_capacity, RAM_capacity,disk_capacity
0,1.8697482655917161,1.6391261684115428,1.608105463842939
1,1.8697482655917161,1.6391261684115428,1.608105463842939
2,1.8697482655917161,1.6391261684115428,1.608105463842939
3,1.8697482655917161,1.6391261684115428,1.608105463842939
4,1.8697482655917161,1.6391261684115428,1.608105463842939
5,1.8697482655917161,1.6391261684115428,1.608105463842939
