MDC_Number, CPU_capacity, RAM_capacity,disk_capacity
0,1.756448065827992,1.715223415646406,1.6793800984499758
1,1.756448065827992,1.715223415646406,1.6793800984499758
2,1.756448065827992,1.715223415646406,1.6793800984499758
3,1.756448065827992,1.715223415646406,1.6793800984499758
4,1.756448065827992,1.715223415646406,1.6793800984499758
5,1.756448065827992,1.715223415646406,1.6793800984499758
