MDC_Number, CPU_capacity, RAM_capacity,disk_capacity
0,1.4860427076469742,1.298459455306408,1.602685403701585
1,1.4860427076469742,1.298459455306408,1.602685403701585
2,1.4860427076469742,1.298459455306408,1.602685403701585
3,1.4860427076469742,1.298459455306408,1.602685403701585
4,1.4860427076469742,1.298459455306408,1.602685403701585
5,1.4860427076469742,1.298459455306408,1.602685403701585
