MDC_Number, CPU_capacity, RAM_capacity,disk_capacity
0,1.721056154972754,1.6919605745049335,1.7566509332086835
1,1.721056154972754,1.6919605745049335,1.7566509332086835
2,1.721056154972754,1.6919605745049335,1.7566509332086835
3,1.721056154972754,1.6919605745049335,1.7566509332086835
4,1.721056154972754,1.6919605745049335,1.7566509332086835
5,1.721056154972754,1.6919605745049335,1.7566509332086835
