MDC_Number, CPU_capacity, RAM_capacity,disk_capacity
0,1.8078889869949188,1.6446177697718227,1.7865123359395967
1,1.8078889869949188,1.6446177697718227,1.7865123359395967
2,1.8078889869949188,1.6446177697718227,1.7865123359395967
3,1.8078889869949188,1.6446177697718227,1.7865123359395967
4,1.8078889869949188,1.6446177697718227,1.7865123359395967
5,1.8078889869949188,1.6446177697718227,1.7865123359395967
