MDC_Number, CPU_capacity, RAM_capacity,disk_capacity
0,1.656928147826038,1.9600769951410453,1.7175211952162508
1,1.656928147826038,1.9600769951410453,1.7175211952162508
2,1.656928147826038,1.9600769951410453,1.7175211952162508
3,1.656928147826038,1.9600769951410453,1.7175211952162508
4,1.656928147826038,1.9600769951410453,1.7175211952162508
5,1.656928147826038,1.9600769951410453,1.7175211952162508
