MDC_Number, CPU_capacity, RAM_capacity,disk_capacity
0,1.8824131829473059,1.594840826169645,1.792466555507764
1,1.8824131829473059,1.594840826169645,1.792466555507764
2,1.8824131829473059,1.594840826169645,1.792466555507764
3,1.8824131829473059,1.594840826169645,1.792466555507764
4,1.8824131829473059,1.594840826169645,1.792466555507764
5,1.8824131829473059,1.594840826169645,1.792466555507764
