MDC_Number, CPU_capacity, RAM_capacity,disk_capacity
0,1.5022134794879962,1.6148435915430976,1.8698503814782184
1,1.5022134794879962,1.6148435915430976,1.8698503814782184
2,1.5022134794879962,1.6148435915430976,1.8698503814782184
3,1.5022134794879962,1.6148435915430976,1.8698503814782184
4,1.5022134794879962,1.6148435915430976,1.8698503814782184
5,1.5022134794879962,1.6148435915430976,1.8698503814782184
