MDC_Number, CPU_capacity, RAM_capacity,disk_capacity
0,1.8045781117757753,1.85191219741347,1.7046520400771425
1,1.8045781117757753,1.85191219741347,1.7046520400771425
2,1.8045781117757753,1.85191219741347,1.7046520400771425
3,1.8045781117757753,1.85191219741347,1.7046520400771425
4,1.8045781117757753,1.85191219741347,1.7046520400771425
5,1.8045781117757753,1.85191219741347,1.7046520400771425
