MDC_Number, CPU_capacity, RAM_capacity,disk_capacity
0,1.6923466697508556,1.935451281400739,1.832359676079652
1,1.6923466697508556,1.935451281400739,1.832359676079652
2,1.6923466697508556,1.935451281400739,1.832359676079652
3,1.6923466697508556,1.935451281400739,1.832359676079652
4,1.6923466697508556,1.935451281400739,1.832359676079652
5,1.6923466697508556,1.935451281400739,1.832359676079652
