MDC_Number, CPU_capacity, RAM_capacity,disk_capacity
0,1.9583464368845829,1.8591724302756312,1.7540747492925608
1,1.9583464368845829,1.8591724302756312,1.7540747492925608
2,1.9583464368845829,1.8591724302756312,1.7540747492925608
3,1.9583464368845829,1.8591724302756312,1.7540747492925608
4,1.9583464368845829,1.8591724302756312,1.7540747492925608
5,1.9583464368845829,1.8591724302756312,1.7540747492925608
