MDC_Number,CPU_cost,RAM_cost,disk_cost
0,0.5650892730830761,0.7859207390945926,0.5191732864569263
1,0.5835811249108307,0.8156232573442005,0.7145000496310621
2,0.7433440665235305,0.8021423082438079,0.9256759311900621
3,0.9503461847582735,0.654105932373624,0.5853472542216818
4,0.5127066684025204,0.754450311885321,0.8930362784198997
5,0.714568245537597,0.5072779263526321,0.6217329230527432
