MDC_Number,CPU_cost,RAM_cost,disk_cost
0,0.73613850632771,0.9168430089737576,0.7911397821832645
1,0.7078329521603104,0.5229235399498662,0.7038637218721768
2,0.7697710782525511,0.639550694173405,0.6162031640230567
3,0.5374714095653175,0.7646532137789361,0.5519619585661772
4,0.9554814732934188,0.6999346506084296,0.6172485138577031
5,0.9055965275420227,0.6684028059997216,0.833737258932119
