MDC_Number, CPU_capacity, RAM_capacity,disk_capacity
0,1.8356578750747308,1.8214859374675545,1.767517662959515
1,1.8356578750747308,1.8214859374675545,1.767517662959515
2,1.8356578750747308,1.8214859374675545,1.767517662959515
3,1.8356578750747308,1.8214859374675545,1.767517662959515
4,1.8356578750747308,1.8214859374675545,1.767517662959515
5,1.8356578750747308,1.8214859374675545,1.767517662959515
