MDC_Number, CPU_capacity, RAM_capacity,disk_capacity
0,1.902620430005059,1.634356041287257,1.4360503477175555
1,1.902620430005059,1.634356041287257,1.4360503477175555
2,1.902620430005059,1.634356041287257,1.4360503477175555
3,1.902620430005059,1.634356041287257,1.4360503477175555
4,1.902620430005059,1.634356041287257,1.4360503477175555
5,1.902620430005059,1.634356041287257,1.4360503477175555
