MDC_Number, CPU_capacity, RAM_capacity,disk_capacity
0,1.7685580351998489,1.9460318219951445,1.7947565107466337
1,1.7685580351998489,1.9460318219951445,1.7947565107466337
2,1.7685580351998489,1.9460318219951445,1.7947565107466337
3,1.7685580351998489,1.9460318219951445,1.7947565107466337
4,1.7685580351998489,1.9460318219951445,1.7947565107466337
5,1.7685580351998489,1.9460318219951445,1.7947565107466337
