MDC_Number, CPU_capacity, RAM_capacity,disk_capacity
0,1.7729521647145448,1.9081530652782703,1.8357493662659186
1,1.7729521647145448,1.9081530652782703,1.8357493662659186
2,1.7729521647145448,1.9081530652782703,1.8357493662659186
3,1.7729521647145448,1.9081530652782703,1.8357493662659186
4,1.7729521647145448,1.9081530652782703,1.8357493662659186
5,1.7729521647145448,1.9081530652782703,1.8357493662659186
