MDC_Number, CPU_capacity, RAM_capacity,disk_capacity
0,1.679769964997178,1.9307318295083293,1.794212564041484
1,1.679769964997178,1.9307318295083293,1.794212564041484
2,1.679769964997178,1.9307318295083293,1.794212564041484
3,1.679769964997178,1.9307318295083293,1.794212564041484
4,1.679769964997178,1.9307318295083293,1.794212564041484
5,1.679769964997178,1.9307318295083293,1.794212564041484
