MDC_Number, CPU_capacity, RAM_capacity,disk_capacity
0,1.6408339037638702,1.8751105775403805,1.8419698502903932
1,1.6408339037638702,1.8751105775403805,1.8419698502903932
2,1.6408339037638702,1.8751105775403805,1.8419698502903932
3,1.6408339037638702,1.8751105775403805,1.8419698502903932
4,1.6408339037638702,1.8751105775403805,1.8419698502903932
5,1.6408339037638702,1.8751105775403805,1.8419698502903932
