MDC_Number, CPU_capacity, RAM_capacity,disk_capacity
0,1.6199632155814094,1.603036018108994,1.6790203363718732
1,1.6199632155814094,1.603036018108994,1.6790203363718732
2,1.6199632155814094,1.603036018108994,1.6790203363718732
3,1.6199632155814094,1.603036018108994,1.6790203363718732
4,1.6199632155814094,1.603036018108994,1.6790203363718732
5,1.6199632155814094,1.603036018108994,1.6790203363718732
