MDC_Number, CPU_capacity, RAM_capacity,disk_capacity
0,1.6418878180461638,1.5546965368472068,1.550037761632313
1,1.6418878180461638,1.5546965368472068,1.550037761632313
2,1.6418878180461638,1.5546965368472068,1.550037761632313
3,1.6418878180461638,1.5546965368472068,1.550037761632313
4,1.6418878180461638,1.5546965368472068,1.550037761632313
5,1.6418878180461638,1.5546965368472068,1.550037761632313
