MDC_Number, CPU_capacity, RAM_capacity,disk_capacity
0,3.153818898238057,2.7654819631541097,2.3493955837935583
1,3.153818898238057,2.7654819631541097,2.3493955837935583
2,3.153818898238057,2.7654819631541097,2.3493955837935583
3,3.153818898238057,2.7654819631541097,2.3493955837935583
4,3.153818898238057,2.7654819631541097,2.3493955837935583
5,3.153818898238057,2.7654819631541097,2.3493955837935583
