MDC_Number, CPU_capacity, RAM_capacity,disk_capacity
0,2.6288735891039927,2.825976285200421,3.2722381675868815
1,2.6288735891039927,2.825976285200421,3.2722381675868815
2,2.6288735891039927,2.825976285200421,3.2722381675868815
3,2.6288735891039927,2.825976285200421,3.2722381675868815
4,2.6288735891039927,2.825976285200421,3.2722381675868815
5,2.6288735891039927,2.825976285200421,3.2722381675868815
