MDC_Number, CPU_capacity, RAM_capacity,disk_capacity
0,3.183308555712364,2.7050866028707006,3.0636852591591133
1,3.183308555712364,2.7050866028707006,3.0636852591591133
2,3.183308555712364,2.7050866028707006,3.0636852591591133
3,3.183308555712364,2.7050866028707006,3.0636852591591133
4,3.183308555712364,2.7050866028707006,3.0636852591591133
5,3.183308555712364,2.7050866028707006,3.0636852591591133
