MDC_Number, CPU_capacity, RAM_capacity,disk_capacity
0,2.4919059334528377,2.9372598083342147,2.6931346168883534
1,2.4919059334528377,2.9372598083342147,2.6931346168883534
2,2.4919059334528377,2.9372598083342147,2.6931346168883534
3,2.4919059334528377,2.9372598083342147,2.6931346168883534
4,2.4919059334528377,2.9372598083342147,2.6931346168883534
5,2.4919059334528377,2.9372598083342147,2.6931346168883534
