MDC_Number, CPU_capacity, RAM_capacity,disk_capacity
0,2.885702937094836,2.9974764397716016,3.157703799373999
1,2.885702937094836,2.9974764397716016,3.157703799373999
2,2.885702937094836,2.9974764397716016,3.157703799373999
3,2.885702937094836,2.9974764397716016,3.157703799373999
4,2.885702937094836,2.9974764397716016,3.157703799373999
5,2.885702937094836,2.9974764397716016,3.157703799373999
