MDC_Number, CPU_capacity, RAM_capacity,disk_capacity
0,3.4400588265571703,2.731167025951272,2.9522485045516316
1,3.4400588265571703,2.731167025951272,2.9522485045516316
2,3.4400588265571703,2.731167025951272,2.9522485045516316
3,3.4400588265571703,2.731167025951272,2.9522485045516316
4,3.4400588265571703,2.731167025951272,2.9522485045516316
5,3.4400588265571703,2.731167025951272,2.9522485045516316
