MDC_Number, CPU_capacity, RAM_capacity,disk_capacity
0,3.353722689768817,3.1150618791298896,2.910702755520211
1,3.353722689768817,3.1150618791298896,2.910702755520211
2,3.353722689768817,3.1150618791298896,2.910702755520211
3,3.353722689768817,3.1150618791298896,2.910702755520211
4,3.353722689768817,3.1150618791298896,2.910702755520211
5,3.353722689768817,3.1150618791298896,2.910702755520211
