MDC_Number, CPU_capacity, RAM_capacity,disk_capacity
0,2.731687975506998,2.8406694455162205,3.161546606261012
1,2.731687975506998,2.8406694455162205,3.161546606261012
2,2.731687975506998,2.8406694455162205,3.161546606261012
3,2.731687975506998,2.8406694455162205,3.161546606261012
4,2.731687975506998,2.8406694455162205,3.161546606261012
5,2.731687975506998,2.8406694455162205,3.161546606261012
