MDC_Number, CPU_capacity, RAM_capacity,disk_capacity
0,3.4350834470318232,2.8076056573153867,2.678124806729991
1,3.4350834470318232,2.8076056573153867,2.678124806729991
2,3.4350834470318232,2.8076056573153867,2.678124806729991
3,3.4350834470318232,2.8076056573153867,2.678124806729991
4,3.4350834470318232,2.8076056573153867,2.678124806729991
5,3.4350834470318232,2.8076056573153867,2.678124806729991
