MDC_Number, CPU_capacity, RAM_capacity,disk_capacity
0,2.47342697612462,3.0973468552772645,2.516076124306645
1,2.47342697612462,3.0973468552772645,2.516076124306645
2,2.47342697612462,3.0973468552772645,2.516076124306645
3,2.47342697612462,3.0973468552772645,2.516076124306645
4,2.47342697612462,3.0973468552772645,2.516076124306645
5,2.47342697612462,3.0973468552772645,2.516076124306645
