MDC_Number, CPU_capacity, RAM_capacity,disk_capacity
0,2.886860593777515,2.837191025366527,3.14489794408699
1,2.886860593777515,2.837191025366527,3.14489794408699
2,2.886860593777515,2.837191025366527,3.14489794408699
3,2.886860593777515,2.837191025366527,3.14489794408699
4,2.886860593777515,2.837191025366527,3.14489794408699
5,2.886860593777515,2.837191025366527,3.14489794408699
