MDC_Number, CPU_capacity, RAM_capacity,disk_capacity
0,3.053093697177467,3.2371837696385977,3.315565909622896
1,3.053093697177467,3.2371837696385977,3.315565909622896
2,3.053093697177467,3.2371837696385977,3.315565909622896
3,3.053093697177467,3.2371837696385977,3.315565909622896
4,3.053093697177467,3.2371837696385977,3.315565909622896
5,3.053093697177467,3.2371837696385977,3.315565909622896
