MDC_Number, CPU_capacity, RAM_capacity,disk_capacity
0,3.059980325857366,2.6790091009515242,3.2970502533112054
1,3.059980325857366,2.6790091009515242,3.2970502533112054
2,3.059980325857366,2.6790091009515242,3.2970502533112054
3,3.059980325857366,2.6790091009515242,3.2970502533112054
4,3.059980325857366,2.6790091009515242,3.2970502533112054
5,3.059980325857366,2.6790091009515242,3.2970502533112054
