MDC_Number, CPU_capacity, RAM_capacity,disk_capacity
0,2.961606672063997,3.387039742451293,3.2066294331393905
1,2.961606672063997,3.387039742451293,3.2066294331393905
2,2.961606672063997,3.387039742451293,3.2066294331393905
3,2.961606672063997,3.387039742451293,3.2066294331393905
4,2.961606672063997,3.387039742451293,3.2066294331393905
5,2.961606672063997,3.387039742451293,3.2066294331393905
