MDC_Number, CPU_capacity, RAM_capacity,disk_capacity
0,2.8714593315867725,3.2814435106956656,3.2234472380081876
1,2.8714593315867725,3.2814435106956656,3.2234472380081876
2,2.8714593315867725,3.2814435106956656,3.2234472380081876
3,2.8714593315867725,3.2814435106956656,3.2234472380081876
4,2.8714593315867725,3.2814435106956656,3.2234472380081876
5,2.8714593315867725,3.2814435106956656,3.2234472380081876
