MDC_Number, CPU_capacity, RAM_capacity,disk_capacity
0,2.9719682607958147,2.625894213474535,2.6799287647609535
1,2.9719682607958147,2.625894213474535,2.6799287647609535
2,2.9719682607958147,2.625894213474535,2.6799287647609535
3,2.9719682607958147,2.625894213474535,2.6799287647609535
4,2.9719682607958147,2.625894213474535,2.6799287647609535
5,2.9719682607958147,2.625894213474535,2.6799287647609535
