MDC_Number, CPU_capacity, RAM_capacity,disk_capacity
0,2.953520472519299,2.7878761395130818,2.6207449121261366
1,2.953520472519299,2.7878761395130818,2.6207449121261366
2,2.953520472519299,2.7878761395130818,2.6207449121261366
3,2.953520472519299,2.7878761395130818,2.6207449121261366
4,2.953520472519299,2.7878761395130818,2.6207449121261366
5,2.953520472519299,2.7878761395130818,2.6207449121261366
