MDC_Number, CPU_capacity, RAM_capacity,disk_capacity
0,2.8946693370082723,2.5710981205864583,3.373286013418485
1,2.8946693370082723,2.5710981205864583,3.373286013418485
2,2.8946693370082723,2.5710981205864583,3.373286013418485
3,2.8946693370082723,2.5710981205864583,3.373286013418485
4,2.8946693370082723,2.5710981205864583,3.373286013418485
5,2.8946693370082723,2.5710981205864583,3.373286013418485
