MDC_Number, CPU_capacity, RAM_capacity,disk_capacity
0,2.6710930675759927,2.7066769695048456,2.6365449845619815
1,2.6710930675759927,2.7066769695048456,2.6365449845619815
2,2.6710930675759927,2.7066769695048456,2.6365449845619815
3,2.6710930675759927,2.7066769695048456,2.6365449845619815
4,2.6710930675759927,2.7066769695048456,2.6365449845619815
5,2.6710930675759927,2.7066769695048456,2.6365449845619815
