MDC_Number, CPU_capacity, RAM_capacity,disk_capacity
0,2.802128502487154,3.349208423884258,2.838229358347816
1,2.802128502487154,3.349208423884258,2.838229358347816
2,2.802128502487154,3.349208423884258,2.838229358347816
3,2.802128502487154,3.349208423884258,2.838229358347816
4,2.802128502487154,3.349208423884258,2.838229358347816
5,2.802128502487154,3.349208423884258,2.838229358347816
