MDC_Number, CPU_capacity, RAM_capacity,disk_capacity
0,2.9226169621328815,2.8291435604139314,2.635150054140894
1,2.9226169621328815,2.8291435604139314,2.635150054140894
2,2.9226169621328815,2.8291435604139314,2.635150054140894
3,2.9226169621328815,2.8291435604139314,2.635150054140894
4,2.9226169621328815,2.8291435604139314,2.635150054140894
5,2.9226169621328815,2.8291435604139314,2.635150054140894
