MDC_Number, CPU_capacity, RAM_capacity,disk_capacity
0,2.9919635134939475,3.388129810555406,3.0219989810031067
1,2.9919635134939475,3.388129810555406,3.0219989810031067
2,2.9919635134939475,3.388129810555406,3.0219989810031067
3,2.9919635134939475,3.388129810555406,3.0219989810031067
4,2.9919635134939475,3.388129810555406,3.0219989810031067
5,2.9919635134939475,3.388129810555406,3.0219989810031067
