MDC_Number, CPU_capacity, RAM_capacity,disk_capacity
0,2.533730766619967,2.8030651127303226,3.174355141680529
1,2.533730766619967,2.8030651127303226,3.174355141680529
2,2.533730766619967,2.8030651127303226,3.174355141680529
3,2.533730766619967,2.8030651127303226,3.174355141680529
4,2.533730766619967,2.8030651127303226,3.174355141680529
5,2.533730766619967,2.8030651127303226,3.174355141680529
