MDC_Number, CPU_capacity, RAM_capacity,disk_capacity
0,3.4609422920822785,2.920237096191243,2.9313445875037294
1,3.4609422920822785,2.920237096191243,2.9313445875037294
2,3.4609422920822785,2.920237096191243,2.9313445875037294
3,3.4609422920822785,2.920237096191243,2.9313445875037294
4,3.4609422920822785,2.920237096191243,2.9313445875037294
5,3.4609422920822785,2.920237096191243,2.9313445875037294
