MDC_Number, CPU_capacity, RAM_capacity,disk_capacity
0,3.160772516968583,2.6870295561072775,2.992532058792027
1,3.160772516968583,2.6870295561072775,2.992532058792027
2,3.160772516968583,2.6870295561072775,2.992532058792027
3,3.160772516968583,2.6870295561072775,2.992532058792027
4,3.160772516968583,2.6870295561072775,2.992532058792027
5,3.160772516968583,2.6870295561072775,2.992532058792027
