MDC_Number,CPU_cost,RAM_cost,disk_cost
0,0.7307029828985476,0.7043582200942886,0.8811555264261537
1,0.775214943906702,0.9616514880059457,0.818490156302506
2,0.6561857319307167,0.7987491428535716,0.5926098090706053
3,0.8606239155125013,0.8995987495052935,0.7947228036422731
4,0.9013857716367445,0.5896473548703214,0.8842634093838693
5,0.995865545940892,0.7262132095836695,0.9243965983359438
