MDC_Number, CPU_capacity, RAM_capacity,disk_capacity
0,3.1968602248133497,3.083466751098428,2.8952548490213026
1,3.1968602248133497,3.083466751098428,2.8952548490213026
2,3.1968602248133497,3.083466751098428,2.8952548490213026
3,3.1968602248133497,3.083466751098428,2.8952548490213026
4,3.1968602248133497,3.083466751098428,2.8952548490213026
5,3.1968602248133497,3.083466751098428,2.8952548490213026
