MDC_Number, CPU_capacity, RAM_capacity,disk_capacity
0,2.7213966282674473,2.6269912370470574,2.9244466531017532
1,2.7213966282674473,2.6269912370470574,2.9244466531017532
2,2.7213966282674473,2.6269912370470574,2.9244466531017532
3,2.7213966282674473,2.6269912370470574,2.9244466531017532
4,2.7213966282674473,2.6269912370470574,2.9244466531017532
5,2.7213966282674473,2.6269912370470574,2.9244466531017532
