MDC_Number,CPU_cost,RAM_cost,disk_cost
0,0.9678851382407269,0.961966195063128,0.662216208802556
1,0.9704881488645531,0.647202884592551,0.8577999826339919
2,0.8187339109866467,0.8998070697330078,0.615628313123677
3,0.6928210954632268,0.990157917187818,0.5825757552049189
4,0.9459911231217671,0.8636201965795337,0.8921681462301911
5,0.7222747589180354,0.6993229495537976,0.5975179712093635
