MDC_Number, CPU_capacity, RAM_capacity,disk_capacity
0,2.703526119789178,2.887343271791983,2.726548824053333
1,2.703526119789178,2.887343271791983,2.726548824053333
2,2.703526119789178,2.887343271791983,2.726548824053333
3,2.703526119789178,2.887343271791983,2.726548824053333
4,2.703526119789178,2.887343271791983,2.726548824053333
5,2.703526119789178,2.887343271791983,2.726548824053333
