MDC_Number, CPU_capacity, RAM_capacity,disk_capacity
0,3.2942230701577846,2.7909714457968784,3.1368164721385865
1,3.2942230701577846,2.7909714457968784,3.1368164721385865
2,3.2942230701577846,2.7909714457968784,3.1368164721385865
3,3.2942230701577846,2.7909714457968784,3.1368164721385865
4,3.2942230701577846,2.7909714457968784,3.1368164721385865
5,3.2942230701577846,2.7909714457968784,3.1368164721385865
