MDC_Number, CPU_capacity, RAM_capacity,disk_capacity
0,3.174620080679585,2.695465014985846,3.1219421207410174
1,3.174620080679585,2.695465014985846,3.1219421207410174
2,3.174620080679585,2.695465014985846,3.1219421207410174
3,3.174620080679585,2.695465014985846,3.1219421207410174
4,3.174620080679585,2.695465014985846,3.1219421207410174
5,3.174620080679585,2.695465014985846,3.1219421207410174
