MDC_Number, CPU_capacity, RAM_capacity,disk_capacity
0,3.0737841151989858,3.00164097738121,2.9389151722874574
1,3.0737841151989858,3.00164097738121,2.9389151722874574
2,3.0737841151989858,3.00164097738121,2.9389151722874574
3,3.0737841151989858,3.00164097738121,2.9389151722874574
4,3.0737841151989858,3.00164097738121,2.9389151722874574
5,3.0737841151989858,3.00164097738121,2.9389151722874574
