MDC_Number, CPU_capacity, RAM_capacity,disk_capacity
0,2.9627152746858445,2.7448997014931824,2.933053362926942
1,2.9627152746858445,2.7448997014931824,2.933053362926942
2,2.9627152746858445,2.7448997014931824,2.933053362926942
3,2.9627152746858445,2.7448997014931824,2.933053362926942
4,2.9627152746858445,2.7448997014931824,2.933053362926942
5,2.9627152746858445,2.7448997014931824,2.933053362926942
