MDC_Number, CPU_capacity, RAM_capacity,disk_capacity
0,3.2570896305169468,3.2052668231326504,3.109627087975386
1,3.2570896305169468,3.2052668231326504,3.109627087975386
2,3.2570896305169468,3.2052668231326504,3.109627087975386
3,3.2570896305169468,3.2052668231326504,3.109627087975386
4,3.2570896305169468,3.2052668231326504,3.109627087975386
5,3.2570896305169468,3.2052668231326504,3.109627087975386
