MDC_Number,CPU_cost,RAM_cost,disk_cost
0,0.8105970593085581,0.5834383956364122,0.9890706439257989
1,0.9838811159173287,0.927266047581333,0.7170221327479882
2,0.7496018634266651,0.8888418263463971,0.9700960865824806
3,0.5538502929787357,0.7084090036249208,0.6514449271653604
4,0.5005748368538527,0.6132025549423815,0.9584912907825542
5,0.9273680223851783,0.7003265175344873,0.7511182016862816
