MDC_Number, CPU_capacity, RAM_capacity,disk_capacity
0,3.302056020348425,3.2262571968864986,2.758451247777647
1,3.302056020348425,3.2262571968864986,2.758451247777647
2,3.302056020348425,3.2262571968864986,2.758451247777647
3,3.302056020348425,3.2262571968864986,2.758451247777647
4,3.302056020348425,3.2262571968864986,2.758451247777647
5,3.302056020348425,3.2262571968864986,2.758451247777647
