MDC_Number, CPU_capacity, RAM_capacity,disk_capacity
0,2.7903258155956534,3.4613304025598874,3.1923031435011113
1,2.7903258155956534,3.4613304025598874,3.1923031435011113
2,2.7903258155956534,3.4613304025598874,3.1923031435011113
3,2.7903258155956534,3.4613304025598874,3.1923031435011113
4,2.7903258155956534,3.4613304025598874,3.1923031435011113
5,2.7903258155956534,3.4613304025598874,3.1923031435011113
