MDC_Number, CPU_capacity, RAM_capacity,disk_capacity
0,3.154622036894429,2.7729665144304816,3.262310563925876
1,3.154622036894429,2.7729665144304816,3.262310563925876
2,3.154622036894429,2.7729665144304816,3.262310563925876
3,3.154622036894429,2.7729665144304816,3.262310563925876
4,3.154622036894429,2.7729665144304816,3.262310563925876
5,3.154622036894429,2.7729665144304816,3.262310563925876
