MDC_Number, CPU_capacity, RAM_capacity,disk_capacity
0,2.9581065218202256,3.1739388850697394,3.158753576363533
1,2.9581065218202256,3.1739388850697394,3.158753576363533
2,2.9581065218202256,3.1739388850697394,3.158753576363533
3,2.9581065218202256,3.1739388850697394,3.158753576363533
4,2.9581065218202256,3.1739388850697394,3.158753576363533
5,2.9581065218202256,3.1739388850697394,3.158753576363533
