MDC_Number, CPU_capacity, RAM_capacity,disk_capacity
0,3.1620259244034807,3.3842848535885706,2.802691692073822
1,3.1620259244034807,3.3842848535885706,2.802691692073822
2,3.1620259244034807,3.3842848535885706,2.802691692073822
3,3.1620259244034807,3.3842848535885706,2.802691692073822
4,3.1620259244034807,3.3842848535885706,2.802691692073822
5,3.1620259244034807,3.3842848535885706,2.802691692073822
