MDC_Number, CPU_capacity, RAM_capacity,disk_capacity
0,3.0898223069313766,2.689132553971605,3.007933454243953
1,3.0898223069313766,2.689132553971605,3.007933454243953
2,3.0898223069313766,2.689132553971605,3.007933454243953
3,3.0898223069313766,2.689132553971605,3.007933454243953
4,3.0898223069313766,2.689132553971605,3.007933454243953
5,3.0898223069313766,2.689132553971605,3.007933454243953
