MDC_Number, CPU_capacity, RAM_capacity,disk_capacity
0,2.909406443500608,3.024629641842575,2.630047850694455
1,2.909406443500608,3.024629641842575,2.630047850694455
2,2.909406443500608,3.024629641842575,2.630047850694455
3,2.909406443500608,3.024629641842575,2.630047850694455
4,2.909406443500608,3.024629641842575,2.630047850694455
5,2.909406443500608,3.024629641842575,2.630047850694455
