MDC_Number,CPU_cost,RAM_cost,disk_cost
0,0.6809982218568055,0.5764206596741306,0.7340249438923386
1,0.9986628889945806,0.5799910008612251,0.6257070599909066
2,0.5691658724454279,0.8402406067481636,0.7766129481076438
3,0.7467579174448156,0.7982045153659869,0.9712154306899049
4,0.8778910787668689,0.69238365583725,0.8401417051282593
5,0.9305514548333329,0.797944214180564,0.5572758714918433
