MDC_Number, CPU_capacity, RAM_capacity,disk_capacity
0,2.9629718879129827,3.243138454431165,3.2774008706100313
1,2.9629718879129827,3.243138454431165,3.2774008706100313
2,2.9629718879129827,3.243138454431165,3.2774008706100313
3,2.9629718879129827,3.243138454431165,3.2774008706100313
4,2.9629718879129827,3.243138454431165,3.2774008706100313
5,2.9629718879129827,3.243138454431165,3.2774008706100313
