MDC_Number, CPU_capacity, RAM_capacity,disk_capacity
0,3.0943310112639364,3.247278481840555,2.692880089546186
1,3.0943310112639364,3.247278481840555,2.692880089546186
2,3.0943310112639364,3.247278481840555,2.692880089546186
3,3.0943310112639364,3.247278481840555,2.692880089546186
4,3.0943310112639364,3.247278481840555,2.692880089546186
5,3.0943310112639364,3.247278481840555,2.692880089546186
