MDC_Number, CPU_capacity, RAM_capacity,disk_capacity
0,3.203066402030476,3.478505553827256,3.063455044755756
1,3.203066402030476,3.478505553827256,3.063455044755756
2,3.203066402030476,3.478505553827256,3.063455044755756
3,3.203066402030476,3.478505553827256,3.063455044755756
4,3.203066402030476,3.478505553827256,3.063455044755756
5,3.203066402030476,3.478505553827256,3.063455044755756
