MDC_Number, CPU_capacity, RAM_capacity,disk_capacity
0,2.923021380223052,2.941785485422825,3.3146448159867403
1,2.923021380223052,2.941785485422825,3.3146448159867403
2,2.923021380223052,2.941785485422825,3.3146448159867403
3,2.923021380223052,2.941785485422825,3.3146448159867403
4,2.923021380223052,2.941785485422825,3.3146448159867403
5,2.923021380223052,2.941785485422825,3.3146448159867403
