MDC_Number,CPU_cost,RAM_cost,disk_cost
0,0.8622103566197081,0.9832905059205406,0.8275202927509772
1,0.9130914432845028,0.7525938193029453,0.6588745877046382
2,0.8515197518938072,0.8123654153400568,0.9060913715669554
3,0.9607828713552786,0.9115083107894109,0.7598830555604952
4,0.7684624904537184,0.5479132775824946,0.9621707635666349
5,0.736285265325761,0.6282414446101777,0.7428024217352327
