MDC_Number, CPU_capacity, RAM_capacity,disk_capacity
0,3.072913479557607,3.122157141695777,2.896175653564063
1,3.072913479557607,3.122157141695777,2.896175653564063
2,3.072913479557607,3.122157141695777,2.896175653564063
3,3.072913479557607,3.122157141695777,2.896175653564063
4,3.072913479557607,3.122157141695777,2.896175653564063
5,3.072913479557607,3.122157141695777,2.896175653564063
