MDC_Number, CPU_capacity, RAM_capacity,disk_capacity
0,2.8658125552465696,3.101189386006487,3.2717535115310254
1,2.8658125552465696,3.101189386006487,3.2717535115310254
2,2.8658125552465696,3.101189386006487,3.2717535115310254
3,2.8658125552465696,3.101189386006487,3.2717535115310254
4,2.8658125552465696,3.101189386006487,3.2717535115310254
5,2.8658125552465696,3.101189386006487,3.2717535115310254
