MDC_Number, CPU_capacity, RAM_capacity,disk_capacity
0,3.3711517476893604,2.7934247570194675,3.2283389588719937
1,3.3711517476893604,2.7934247570194675,3.2283389588719937
2,3.3711517476893604,2.7934247570194675,3.2283389588719937
3,3.3711517476893604,2.7934247570194675,3.2283389588719937
4,3.3711517476893604,2.7934247570194675,3.2283389588719937
5,3.3711517476893604,2.7934247570194675,3.2283389588719937
