MDC_Number, CPU_capacity, RAM_capacity,disk_capacity
0,2.7787470523675597,3.422217162135645,3.09468685933204
1,2.7787470523675597,3.422217162135645,3.09468685933204
2,2.7787470523675597,3.422217162135645,3.09468685933204
3,2.7787470523675597,3.422217162135645,3.09468685933204
4,2.7787470523675597,3.422217162135645,3.09468685933204
5,2.7787470523675597,3.422217162135645,3.09468685933204
