MDC_Number, CPU_capacity, RAM_capacity,disk_capacity
0,3.0054770252943794,3.0863174765756107,3.168785991777911
1,3.0054770252943794,3.0863174765756107,3.168785991777911
2,3.0054770252943794,3.0863174765756107,3.168785991777911
3,3.0054770252943794,3.0863174765756107,3.168785991777911
4,3.0054770252943794,3.0863174765756107,3.168785991777911
5,3.0054770252943794,3.0863174765756107,3.168785991777911
