MDC_Number, CPU_capacity, RAM_capacity,disk_capacity
0,2.809409444439688,3.449146906136455,2.639031419873923
1,2.809409444439688,3.449146906136455,2.639031419873923
2,2.809409444439688,3.449146906136455,2.639031419873923
3,2.809409444439688,3.449146906136455,2.639031419873923
4,2.809409444439688,3.449146906136455,2.639031419873923
5,2.809409444439688,3.449146906136455,2.639031419873923
