MDC_Number, CPU_capacity, RAM_capacity,disk_capacity
0,3.031156624726235,2.9717125587812463,2.9688782475791333
1,3.031156624726235,2.9717125587812463,2.9688782475791333
2,3.031156624726235,2.9717125587812463,2.9688782475791333
3,3.031156624726235,2.9717125587812463,2.9688782475791333
4,3.031156624726235,2.9717125587812463,2.9688782475791333
5,3.031156624726235,2.9717125587812463,2.9688782475791333
