MDC_Number, CPU_capacity, RAM_capacity,disk_capacity
0,3.0891383123526754,3.075417259832348,2.5287438785346485
1,3.0891383123526754,3.075417259832348,2.5287438785346485
2,3.0891383123526754,3.075417259832348,2.5287438785346485
3,3.0891383123526754,3.075417259832348,2.5287438785346485
4,3.0891383123526754,3.075417259832348,2.5287438785346485
5,3.0891383123526754,3.075417259832348,2.5287438785346485
