MDC_Number, CPU_capacity, RAM_capacity,disk_capacity
0,3.123487647507131,3.2104648942949163,2.4380454387037194
1,3.123487647507131,3.2104648942949163,2.4380454387037194
2,3.123487647507131,3.2104648942949163,2.4380454387037194
3,3.123487647507131,3.2104648942949163,2.4380454387037194
4,3.123487647507131,3.2104648942949163,2.4380454387037194
5,3.123487647507131,3.2104648942949163,2.4380454387037194
