MDC_Number, CPU_capacity, RAM_capacity,disk_capacity
0,2.949183228107269,2.6923565825633293,2.647649586273425
1,2.949183228107269,2.6923565825633293,2.647649586273425
2,2.949183228107269,2.6923565825633293,2.647649586273425
3,2.949183228107269,2.6923565825633293,2.647649586273425
4,2.949183228107269,2.6923565825633293,2.647649586273425
5,2.949183228107269,2.6923565825633293,2.647649586273425
