MDC_Number,CPU_cost,RAM_cost,disk_cost
0,0.8897176453705109,0.6915720633773481,0.6965087012836558
1,0.6289988311657141,0.9745308481797849,0.6712227498224419
2,0.6209113282711906,0.9043027126607628,0.6201292387682029
3,0.6705742452331771,0.9661318859311574,0.96745026864107
4,0.628718797949589,0.6424397263929493,0.5392291499414961
5,0.9972115896191753,0.5378990413539033,0.9079335623217777
