MDC_Number, CPU_capacity, RAM_capacity,disk_capacity
0,2.873303681580786,2.7207189394826115,2.7125660828565477
1,2.873303681580786,2.7207189394826115,2.7125660828565477
2,2.873303681580786,2.7207189394826115,2.7125660828565477
3,2.873303681580786,2.7207189394826115,2.7125660828565477
4,2.873303681580786,2.7207189394826115,2.7125660828565477
5,2.873303681580786,2.7207189394826115,2.7125660828565477
