MDC_Number, CPU_capacity, RAM_capacity,disk_capacity
0,2.9049526000104997,3.5229871304490614,3.436399141769758
1,2.9049526000104997,3.5229871304490614,3.436399141769758
2,2.9049526000104997,3.5229871304490614,3.436399141769758
3,2.9049526000104997,3.5229871304490614,3.436399141769758
4,2.9049526000104997,3.5229871304490614,3.436399141769758
5,2.9049526000104997,3.5229871304490614,3.436399141769758
