MDC_Number,CPU_cost,RAM_cost,disk_cost
0,0.6139665622614936,0.513396373689005,0.5086706466791934
1,0.5237712887025352,0.85565239038438,0.9419829890338598
2,0.6454355239787783,0.9237850219717032,0.8787595150393945
3,0.9359323110237066,0.7019067316902348,0.7642868356353888
4,0.9658431477039535,0.8258974166355796,0.98737060583256
5,0.5681756899328736,0.8373848801679529,0.8300494215555132
