MDC_Number,CPU_cost,RAM_cost,disk_cost
0,0.7118025837318299,0.778126405770557,0.8713941700902401
1,0.8842433101042924,0.9137148315419459,0.7398173533769312
2,0.8076990311546801,0.7742557641163734,0.7791864144503493
3,0.9037031481123938,0.5043739518846129,0.9344066918467104
4,0.9454529673844159,0.8035191996780912,0.918104335204305
5,0.5028543901235556,0.6286797501966271,0.9197112281057627
