MDC_Number, CPU_capacity, RAM_capacity,disk_capacity
0,2.834935627267466,2.8053130316907393,2.938285588650778
1,2.834935627267466,2.8053130316907393,2.938285588650778
2,2.834935627267466,2.8053130316907393,2.938285588650778
3,2.834935627267466,2.8053130316907393,2.938285588650778
4,2.834935627267466,2.8053130316907393,2.938285588650778
5,2.834935627267466,2.8053130316907393,2.938285588650778
