MDC_Number, CPU_capacity, RAM_capacity,disk_capacity
0,2.847902731762856,2.5166836962732555,2.745087342396875
1,2.847902731762856,2.5166836962732555,2.745087342396875
2,2.847902731762856,2.5166836962732555,2.745087342396875
3,2.847902731762856,2.5166836962732555,2.745087342396875
4,2.847902731762856,2.5166836962732555,2.745087342396875
5,2.847902731762856,2.5166836962732555,2.745087342396875
