MDC_Number,CPU_cost,RAM_cost,disk_cost
0,0.8358584822905534,0.5002037617630652,0.9492944095009029
1,0.7144992081226558,0.6993571454518588,0.9608901177219715
2,0.5408806066630705,0.6523542677083849,0.7560993230895747
3,0.5658971449410826,0.9746890810294414,0.7695192020693273
4,0.53331709147545,0.5769582483794423,0.668871705383221
5,0.5747765004159384,0.5463151783790219,0.6984540630117055
