MDC_Number, CPU_capacity, RAM_capacity,disk_capacity
0,3.2799843724537987,2.8954156732679177,3.09868568791791
1,3.2799843724537987,2.8954156732679177,3.09868568791791
2,3.2799843724537987,2.8954156732679177,3.09868568791791
3,3.2799843724537987,2.8954156732679177,3.09868568791791
4,3.2799843724537987,2.8954156732679177,3.09868568791791
5,3.2799843724537987,2.8954156732679177,3.09868568791791
