MDC_Number,CPU_cost,RAM_cost,disk_cost
0,0.5772853985178933,0.7476778120952856,0.7777718923970051
1,0.8667512249024689,0.8073441487864299,0.981231314055703
2,0.7117888864018818,0.6463118611063268,0.911175416020058
3,0.5458443527549773,0.9762412562251503,0.6304328642728756
4,0.8754419085999974,0.512524358238744,0.6735380383840182
5,0.5549236014438637,0.7162320522995502,0.6251126852102632
