MDC_Number, CPU_capacity, RAM_capacity,disk_capacity
0,2.457934195425283,2.9078927364875637,3.8322657123940203
1,2.457934195425283,2.9078927364875637,3.8322657123940203
2,2.457934195425283,2.9078927364875637,3.8322657123940203
3,2.457934195425283,2.9078927364875637,3.8322657123940203
4,2.457934195425283,2.9078927364875637,3.8322657123940203
5,2.457934195425283,2.9078927364875637,3.8322657123940203
