MDC_Number, CPU_capacity, RAM_capacity,disk_capacity
0,2.9267237589208204,2.998509269959807,3.2560877746015007
1,2.9267237589208204,2.998509269959807,3.2560877746015007
2,2.9267237589208204,2.998509269959807,3.2560877746015007
3,2.9267237589208204,2.998509269959807,3.2560877746015007
4,2.9267237589208204,2.998509269959807,3.2560877746015007
5,2.9267237589208204,2.998509269959807,3.2560877746015007
