MDC_Number, CPU_capacity, RAM_capacity,disk_capacity
0,2.904192582772272,2.8705980573755174,2.6871963335277416
1,2.904192582772272,2.8705980573755174,2.6871963335277416
2,2.904192582772272,2.8705980573755174,2.6871963335277416
3,2.904192582772272,2.8705980573755174,2.6871963335277416
4,2.904192582772272,2.8705980573755174,2.6871963335277416
5,2.904192582772272,2.8705980573755174,2.6871963335277416
