MDC_Number, CPU_capacity, RAM_capacity,disk_capacity
0,3.007598656343691,2.7291680535800698,3.217790015051659
1,3.007598656343691,2.7291680535800698,3.217790015051659
2,3.007598656343691,2.7291680535800698,3.217790015051659
3,3.007598656343691,2.7291680535800698,3.217790015051659
4,3.007598656343691,2.7291680535800698,3.217790015051659
5,3.007598656343691,2.7291680535800698,3.217790015051659
