MDC_Number, CPU_capacity, RAM_capacity,disk_capacity
0,3.0117823575038005,2.9240590395049444,3.113373379464446
1,3.0117823575038005,2.9240590395049444,3.113373379464446
2,3.0117823575038005,2.9240590395049444,3.113373379464446
3,3.0117823575038005,2.9240590395049444,3.113373379464446
4,3.0117823575038005,2.9240590395049444,3.113373379464446
5,3.0117823575038005,2.9240590395049444,3.113373379464446
