MDC_Number, CPU_capacity, RAM_capacity,disk_capacity
0,3.0789192297354964,3.724668209798557,2.718766047866418
1,3.0789192297354964,3.724668209798557,2.718766047866418
2,3.0789192297354964,3.724668209798557,2.718766047866418
3,3.0789192297354964,3.724668209798557,2.718766047866418
4,3.0789192297354964,3.724668209798557,2.718766047866418
5,3.0789192297354964,3.724668209798557,2.718766047866418
