MDC_Number, CPU_capacity, RAM_capacity,disk_capacity
0,3.289390457534934,3.098345133072106,2.719623038711477
1,3.289390457534934,3.098345133072106,2.719623038711477
2,3.289390457534934,3.098345133072106,2.719623038711477
3,3.289390457534934,3.098345133072106,2.719623038711477
4,3.289390457534934,3.098345133072106,2.719623038711477
5,3.289390457534934,3.098345133072106,2.719623038711477
