MDC_Number, CPU_capacity, RAM_capacity,disk_capacity
0,3.1449041721307585,3.091906931476615,3.0377494718157263
1,3.1449041721307585,3.091906931476615,3.0377494718157263
2,3.1449041721307585,3.091906931476615,3.0377494718157263
3,3.1449041721307585,3.091906931476615,3.0377494718157263
4,3.1449041721307585,3.091906931476615,3.0377494718157263
5,3.1449041721307585,3.091906931476615,3.0377494718157263
