MDC_Number, CPU_capacity, RAM_capacity,disk_capacity
0,2.939597438745061,3.3787807016395757,3.139871987072597
1,2.939597438745061,3.3787807016395757,3.139871987072597
2,2.939597438745061,3.3787807016395757,3.139871987072597
3,2.939597438745061,3.3787807016395757,3.139871987072597
4,2.939597438745061,3.3787807016395757,3.139871987072597
5,2.939597438745061,3.3787807016395757,3.139871987072597
