MDC_Number, CPU_capacity, RAM_capacity,disk_capacity
0,3.278746663424975,3.0168157018310846,2.98625414585588
1,3.278746663424975,3.0168157018310846,2.98625414585588
2,3.278746663424975,3.0168157018310846,2.98625414585588
3,3.278746663424975,3.0168157018310846,2.98625414585588
4,3.278746663424975,3.0168157018310846,2.98625414585588
5,3.278746663424975,3.0168157018310846,2.98625414585588
