MDC_Number, CPU_capacity, RAM_capacity,disk_capacity
0,3.24650123343328,2.7296679439453775,3.0372573635334246
1,3.24650123343328,2.7296679439453775,3.0372573635334246
2,3.24650123343328,2.7296679439453775,3.0372573635334246
3,3.24650123343328,2.7296679439453775,3.0372573635334246
4,3.24650123343328,2.7296679439453775,3.0372573635334246
5,3.24650123343328,2.7296679439453775,3.0372573635334246
