MDC_Number, CPU_capacity, RAM_capacity,disk_capacity
0,2.6479581466219715,2.945337299521133,3.4912645289211532
1,2.6479581466219715,2.945337299521133,3.4912645289211532
2,2.6479581466219715,2.945337299521133,3.4912645289211532
3,2.6479581466219715,2.945337299521133,3.4912645289211532
4,2.6479581466219715,2.945337299521133,3.4912645289211532
5,2.6479581466219715,2.945337299521133,3.4912645289211532
