MDC_Number, CPU_capacity, RAM_capacity,disk_capacity
0,2.9504473914615508,3.2644704718464053,2.993522402142481
1,2.9504473914615508,3.2644704718464053,2.993522402142481
2,2.9504473914615508,3.2644704718464053,2.993522402142481
3,2.9504473914615508,3.2644704718464053,2.993522402142481
4,2.9504473914615508,3.2644704718464053,2.993522402142481
5,2.9504473914615508,3.2644704718464053,2.993522402142481
