MDC_Number, CPU_capacity, RAM_capacity,disk_capacity
0,3.2658895207539453,2.886983108327108,2.6608365322234655
1,3.2658895207539453,2.886983108327108,2.6608365322234655
2,3.2658895207539453,2.886983108327108,2.6608365322234655
3,3.2658895207539453,2.886983108327108,2.6608365322234655
4,3.2658895207539453,2.886983108327108,2.6608365322234655
5,3.2658895207539453,2.886983108327108,2.6608365322234655
