MDC_Number, CPU_capacity, RAM_capacity,disk_capacity
0,2.9870900246943646,2.9803421080914676,3.0219922252461484
1,2.9870900246943646,2.9803421080914676,3.0219922252461484
2,2.9870900246943646,2.9803421080914676,3.0219922252461484
3,2.9870900246943646,2.9803421080914676,3.0219922252461484
4,2.9870900246943646,2.9803421080914676,3.0219922252461484
5,2.9870900246943646,2.9803421080914676,3.0219922252461484
