MDC_Number, CPU_capacity, RAM_capacity,disk_capacity
0,3.107579562769699,3.0075603777543196,3.1951963324485844
1,3.107579562769699,3.0075603777543196,3.1951963324485844
2,3.107579562769699,3.0075603777543196,3.1951963324485844
3,3.107579562769699,3.0075603777543196,3.1951963324485844
4,3.107579562769699,3.0075603777543196,3.1951963324485844
5,3.107579562769699,3.0075603777543196,3.1951963324485844
