MDC_Number, CPU_capacity, RAM_capacity,disk_capacity
0,3.1580116956076063,3.240846345473572,2.983141070134999
1,3.1580116956076063,3.240846345473572,2.983141070134999
2,3.1580116956076063,3.240846345473572,2.983141070134999
3,3.1580116956076063,3.240846345473572,2.983141070134999
4,3.1580116956076063,3.240846345473572,2.983141070134999
5,3.1580116956076063,3.240846345473572,2.983141070134999
