MDC_Number, CPU_capacity, RAM_capacity,disk_capacity
0,2.5619123227121037,2.5945167234293374,2.7004747864726317
1,2.5619123227121037,2.5945167234293374,2.7004747864726317
2,2.5619123227121037,2.5945167234293374,2.7004747864726317
3,2.5619123227121037,2.5945167234293374,2.7004747864726317
4,2.5619123227121037,2.5945167234293374,2.7004747864726317
5,2.5619123227121037,2.5945167234293374,2.7004747864726317
