MDC_Number, CPU_capacity, RAM_capacity,disk_capacity
0,2.8310939717009664,3.1896426370322777,3.085197123788891
1,2.8310939717009664,3.1896426370322777,3.085197123788891
2,2.8310939717009664,3.1896426370322777,3.085197123788891
3,2.8310939717009664,3.1896426370322777,3.085197123788891
4,2.8310939717009664,3.1896426370322777,3.085197123788891
5,2.8310939717009664,3.1896426370322777,3.085197123788891
