MDC_Number, CPU_capacity, RAM_capacity,disk_capacity
0,3.0229809061998725,3.034215987689248,2.9125614787807534
1,3.0229809061998725,3.034215987689248,2.9125614787807534
2,3.0229809061998725,3.034215987689248,2.9125614787807534
3,3.0229809061998725,3.034215987689248,2.9125614787807534
4,3.0229809061998725,3.034215987689248,2.9125614787807534
5,3.0229809061998725,3.034215987689248,2.9125614787807534
