MDC_Number, CPU_capacity, RAM_capacity,disk_capacity
0,2.600574738382204,2.2723040467862132,2.804699456477773
1,2.600574738382204,2.2723040467862132,2.804699456477773
2,2.600574738382204,2.2723040467862132,2.804699456477773
3,2.600574738382204,2.2723040467862132,2.804699456477773
4,2.600574738382204,2.2723040467862132,2.804699456477773
5,2.600574738382204,2.2723040467862132,2.804699456477773
