MDC_Number,CPU_cost,RAM_cost,disk_cost
0,0.5929759691593224,0.6995504175750686,0.9397841805129964
1,0.5361947212414176,0.9111835577054768,0.9615180804319516
2,0.6438571401355732,0.6997050620091705,0.8608300084514224
3,0.7928462692817806,0.7070326053116046,0.6992899468944282
4,0.5238388230556061,0.6854883117018934,0.7219868906967707
5,0.6081610783076818,0.5463321550981157,0.6557093816011474
