MDC_Number, CPU_capacity, RAM_capacity,disk_capacity
0,2.6252827445402196,3.673717164795791,3.573216541692388
1,2.6252827445402196,3.673717164795791,3.573216541692388
2,2.6252827445402196,3.673717164795791,3.573216541692388
3,2.6252827445402196,3.673717164795791,3.573216541692388
4,2.6252827445402196,3.673717164795791,3.573216541692388
5,2.6252827445402196,3.673717164795791,3.573216541692388
