MDC_Number, CPU_capacity, RAM_capacity,disk_capacity
0,3.1787465644022124,2.5715192583828475,2.9355117340843058
1,3.1787465644022124,2.5715192583828475,2.9355117340843058
2,3.1787465644022124,2.5715192583828475,2.9355117340843058
3,3.1787465644022124,2.5715192583828475,2.9355117340843058
4,3.1787465644022124,2.5715192583828475,2.9355117340843058
5,3.1787465644022124,2.5715192583828475,2.9355117340843058
