MDC_Number,CPU_cost,RAM_cost,disk_cost
0,0.618131665323806,0.7857235910050759,0.7847007713018037
1,0.932726564315583,0.509552999680305,0.9695679749214792
2,0.9695101100543781,0.8524468295488012,0.63176929710657
3,0.5332244022529273,0.9719661548258396,0.6511425954478862
4,0.5716484766045742,0.7115551755606948,0.5943552927777004
5,0.8517354364200864,0.6737452585612398,0.8142087703938887
