MDC_Number, CPU_capacity, RAM_capacity,disk_capacity
0,3.2239695303725826,3.0755511372875572,3.107311731465678
1,3.2239695303725826,3.0755511372875572,3.107311731465678
2,3.2239695303725826,3.0755511372875572,3.107311731465678
3,3.2239695303725826,3.0755511372875572,3.107311731465678
4,3.2239695303725826,3.0755511372875572,3.107311731465678
5,3.2239695303725826,3.0755511372875572,3.107311731465678
