MDC_Number, CPU_capacity, RAM_capacity,disk_capacity
0,2.787507205441659,2.7026711621064177,2.894640180995072
1,2.787507205441659,2.7026711621064177,2.894640180995072
2,2.787507205441659,2.7026711621064177,2.894640180995072
3,2.787507205441659,2.7026711621064177,2.894640180995072
4,2.787507205441659,2.7026711621064177,2.894640180995072
5,2.787507205441659,2.7026711621064177,2.894640180995072
