MDC_Number, CPU_capacity, RAM_capacity,disk_capacity
0,2.806257266937726,2.9043750662362493,3.1845480833138775
1,2.806257266937726,2.9043750662362493,3.1845480833138775
2,2.806257266937726,2.9043750662362493,3.1845480833138775
3,2.806257266937726,2.9043750662362493,3.1845480833138775
4,2.806257266937726,2.9043750662362493,3.1845480833138775
5,2.806257266937726,2.9043750662362493,3.1845480833138775
