MDC_Number, CPU_capacity, RAM_capacity,disk_capacity
0,2.9831677800466494,3.134902018281534,3.1503167960172616
1,2.9831677800466494,3.134902018281534,3.1503167960172616
2,2.9831677800466494,3.134902018281534,3.1503167960172616
3,2.9831677800466494,3.134902018281534,3.1503167960172616
4,2.9831677800466494,3.134902018281534,3.1503167960172616
5,2.9831677800466494,3.134902018281534,3.1503167960172616
