MDC_Number, CPU_capacity, RAM_capacity,disk_capacity
0,3.947680111539025,3.5297724143810365,3.896193242744215
1,3.947680111539025,3.5297724143810365,3.896193242744215
2,3.947680111539025,3.5297724143810365,3.896193242744215
3,3.947680111539025,3.5297724143810365,3.896193242744215
4,3.947680111539025,3.5297724143810365,3.896193242744215
5,3.947680111539025,3.5297724143810365,3.896193242744215
