MDC_Number, CPU_capacity, RAM_capacity,disk_capacity
0,3.154609454268439,3.066237452989612,3.545668698913798
1,3.154609454268439,3.066237452989612,3.545668698913798
2,3.154609454268439,3.066237452989612,3.545668698913798
3,3.154609454268439,3.066237452989612,3.545668698913798
4,3.154609454268439,3.066237452989612,3.545668698913798
5,3.154609454268439,3.066237452989612,3.545668698913798
