MDC_Number, CPU_capacity, RAM_capacity,disk_capacity
0,3.2449598647926563,2.7432142628000036,3.3499204098283477
1,3.2449598647926563,2.7432142628000036,3.3499204098283477
2,3.2449598647926563,2.7432142628000036,3.3499204098283477
3,3.2449598647926563,2.7432142628000036,3.3499204098283477
4,3.2449598647926563,2.7432142628000036,3.3499204098283477
5,3.2449598647926563,2.7432142628000036,3.3499204098283477
