MDC_Number, CPU_capacity, RAM_capacity,disk_capacity
0,2.3348970930048862,2.4749325738042396,2.854553089821096
1,2.3348970930048862,2.4749325738042396,2.854553089821096
2,2.3348970930048862,2.4749325738042396,2.854553089821096
3,2.3348970930048862,2.4749325738042396,2.854553089821096
4,2.3348970930048862,2.4749325738042396,2.854553089821096
5,2.3348970930048862,2.4749325738042396,2.854553089821096
