MDC_Number, CPU_capacity, RAM_capacity,disk_capacity
0,3.140221585197912,3.3600579621200932,2.799827565276591
1,3.140221585197912,3.3600579621200932,2.799827565276591
2,3.140221585197912,3.3600579621200932,2.799827565276591
3,3.140221585197912,3.3600579621200932,2.799827565276591
4,3.140221585197912,3.3600579621200932,2.799827565276591
5,3.140221585197912,3.3600579621200932,2.799827565276591
