MDC_Number, CPU_capacity, RAM_capacity,disk_capacity
0,3.1075865245509595,3.204262024841378,3.314490809269513
1,3.1075865245509595,3.204262024841378,3.314490809269513
2,3.1075865245509595,3.204262024841378,3.314490809269513
3,3.1075865245509595,3.204262024841378,3.314490809269513
4,3.1075865245509595,3.204262024841378,3.314490809269513
5,3.1075865245509595,3.204262024841378,3.314490809269513
