MDC_Number, CPU_capacity, RAM_capacity,disk_capacity
0,2.8375581909665226,3.0337520018473816,3.063443509094507
1,2.8375581909665226,3.0337520018473816,3.063443509094507
2,2.8375581909665226,3.0337520018473816,3.063443509094507
3,2.8375581909665226,3.0337520018473816,3.063443509094507
4,2.8375581909665226,3.0337520018473816,3.063443509094507
5,2.8375581909665226,3.0337520018473816,3.063443509094507
