MDC_Number, CPU_capacity, RAM_capacity,disk_capacity
0,3.21485149500291,2.9355558933765136,3.257638705272921
1,3.21485149500291,2.9355558933765136,3.257638705272921
2,3.21485149500291,2.9355558933765136,3.257638705272921
3,3.21485149500291,2.9355558933765136,3.257638705272921
4,3.21485149500291,2.9355558933765136,3.257638705272921
5,3.21485149500291,2.9355558933765136,3.257638705272921
