MDC_Number, CPU_capacity, RAM_capacity,disk_capacity
0,2.414276081745156,2.616452609356024,3.521730114087369
1,2.414276081745156,2.616452609356024,3.521730114087369
2,2.414276081745156,2.616452609356024,3.521730114087369
3,2.414276081745156,2.616452609356024,3.521730114087369
4,2.414276081745156,2.616452609356024,3.521730114087369
5,2.414276081745156,2.616452609356024,3.521730114087369
