MDC_Number, CPU_capacity, RAM_capacity,disk_capacity
0,3.4764553595837735,2.9370207610110555,3.1545112878915225
1,3.4764553595837735,2.9370207610110555,3.1545112878915225
2,3.4764553595837735,2.9370207610110555,3.1545112878915225
3,3.4764553595837735,2.9370207610110555,3.1545112878915225
4,3.4764553595837735,2.9370207610110555,3.1545112878915225
5,3.4764553595837735,2.9370207610110555,3.1545112878915225
