MDC_Number, CPU_capacity, RAM_capacity,disk_capacity
0,2.7680821798152975,2.771287479645792,2.811033379798356
1,2.7680821798152975,2.771287479645792,2.811033379798356
2,2.7680821798152975,2.771287479645792,2.811033379798356
3,2.7680821798152975,2.771287479645792,2.811033379798356
4,2.7680821798152975,2.771287479645792,2.811033379798356
5,2.7680821798152975,2.771287479645792,2.811033379798356
