MDC_Number, CPU_capacity, RAM_capacity,disk_capacity
0,3.2452287535600486,3.4396223023685852,2.6217779208692447
1,3.2452287535600486,3.4396223023685852,2.6217779208692447
2,3.2452287535600486,3.4396223023685852,2.6217779208692447
3,3.2452287535600486,3.4396223023685852,2.6217779208692447
4,3.2452287535600486,3.4396223023685852,2.6217779208692447
5,3.2452287535600486,3.4396223023685852,2.6217779208692447
