MDC_Number, CPU_capacity, RAM_capacity,disk_capacity
0,3.139709303775212,3.37816322745971,3.3541566087769925
1,3.139709303775212,3.37816322745971,3.3541566087769925
2,3.139709303775212,3.37816322745971,3.3541566087769925
3,3.139709303775212,3.37816322745971,3.3541566087769925
4,3.139709303775212,3.37816322745971,3.3541566087769925
5,3.139709303775212,3.37816322745971,3.3541566087769925
