MDC_Number, CPU_capacity, RAM_capacity,disk_capacity
0,2.694365562211051,2.660051407546316,2.6452302872993205
1,2.694365562211051,2.660051407546316,2.6452302872993205
2,2.694365562211051,2.660051407546316,2.6452302872993205
3,2.694365562211051,2.660051407546316,2.6452302872993205
4,2.694365562211051,2.660051407546316,2.6452302872993205
5,2.694365562211051,2.660051407546316,2.6452302872993205
