MDC_Number, CPU_capacity, RAM_capacity,disk_capacity
0,2.6648092866612574,2.7052717574132217,2.913104743028499
1,2.6648092866612574,2.7052717574132217,2.913104743028499
2,2.6648092866612574,2.7052717574132217,2.913104743028499
3,2.6648092866612574,2.7052717574132217,2.913104743028499
4,2.6648092866612574,2.7052717574132217,2.913104743028499
5,2.6648092866612574,2.7052717574132217,2.913104743028499
