MDC_Number,CPU_cost,RAM_cost,disk_cost
0,0.8294880552194986,0.807644532919563,0.6920287207900185
1,0.9888691086551084,0.8739896326668721,0.8390266598924357
2,0.7294068604876086,0.6571620517880661,0.8570736253547888
3,0.9275112866120168,0.9262360204136768,0.748753029001957
4,0.5085773273087733,0.7043336936576574,0.6217079127554452
5,0.7780703199696928,0.9540158695587206,0.7230442279516951
