MDC_Number, CPU_capacity, RAM_capacity,disk_capacity
0,2.8338477524768573,2.726350172949752,3.351330182342262
1,2.8338477524768573,2.726350172949752,3.351330182342262
2,2.8338477524768573,2.726350172949752,3.351330182342262
3,2.8338477524768573,2.726350172949752,3.351330182342262
4,2.8338477524768573,2.726350172949752,3.351330182342262
5,2.8338477524768573,2.726350172949752,3.351330182342262
