MDC_Number, CPU_capacity, RAM_capacity,disk_capacity
0,3.256626701955168,2.9609975528469836,3.194140545961171
1,3.256626701955168,2.9609975528469836,3.194140545961171
2,3.256626701955168,2.9609975528469836,3.194140545961171
3,3.256626701955168,2.9609975528469836,3.194140545961171
4,3.256626701955168,2.9609975528469836,3.194140545961171
5,3.256626701955168,2.9609975528469836,3.194140545961171
