MDC_Number, CPU_capacity, RAM_capacity,disk_capacity
0,2.691323509690348,2.8860606678060745,3.030040533074233
1,2.691323509690348,2.8860606678060745,3.030040533074233
2,2.691323509690348,2.8860606678060745,3.030040533074233
3,2.691323509690348,2.8860606678060745,3.030040533074233
4,2.691323509690348,2.8860606678060745,3.030040533074233
5,2.691323509690348,2.8860606678060745,3.030040533074233
