MDC_Number, CPU_capacity, RAM_capacity,disk_capacity
0,2.5904227555554664,2.8517976357292505,3.2037176029185694
1,2.5904227555554664,2.8517976357292505,3.2037176029185694
2,2.5904227555554664,2.8517976357292505,3.2037176029185694
3,2.5904227555554664,2.8517976357292505,3.2037176029185694
4,2.5904227555554664,2.8517976357292505,3.2037176029185694
5,2.5904227555554664,2.8517976357292505,3.2037176029185694
