MDC_Number, CPU_capacity, RAM_capacity,disk_capacity
0,2.876854534153652,3.1147422372603857,3.1788663522306457
1,2.876854534153652,3.1147422372603857,3.1788663522306457
2,2.876854534153652,3.1147422372603857,3.1788663522306457
3,2.876854534153652,3.1147422372603857,3.1788663522306457
4,2.876854534153652,3.1147422372603857,3.1788663522306457
5,2.876854534153652,3.1147422372603857,3.1788663522306457
