MDC_Number, CPU_capacity, RAM_capacity,disk_capacity
0,3.077843597869004,3.968047111481141,3.091267056619495
1,3.077843597869004,3.968047111481141,3.091267056619495
2,3.077843597869004,3.968047111481141,3.091267056619495
3,3.077843597869004,3.968047111481141,3.091267056619495
4,3.077843597869004,3.968047111481141,3.091267056619495
5,3.077843597869004,3.968047111481141,3.091267056619495
