MDC_Number, CPU_capacity, RAM_capacity,disk_capacity
0,2.680235807378053,2.633069803445532,2.86371750742356
1,2.680235807378053,2.633069803445532,2.86371750742356
2,2.680235807378053,2.633069803445532,2.86371750742356
3,2.680235807378053,2.633069803445532,2.86371750742356
4,2.680235807378053,2.633069803445532,2.86371750742356
5,2.680235807378053,2.633069803445532,2.86371750742356
