MDC_Number, CPU_capacity, RAM_capacity,disk_capacity
0,3.269673716148524,2.70354589151285,3.120071060387515
1,3.269673716148524,2.70354589151285,3.120071060387515
2,3.269673716148524,2.70354589151285,3.120071060387515
3,3.269673716148524,2.70354589151285,3.120071060387515
4,3.269673716148524,2.70354589151285,3.120071060387515
5,3.269673716148524,2.70354589151285,3.120071060387515
