MDC_Number, CPU_capacity, RAM_capacity,disk_capacity
0,3.0327281812192055,2.8615110263663515,2.923413212947189
1,3.0327281812192055,2.8615110263663515,2.923413212947189
2,3.0327281812192055,2.8615110263663515,2.923413212947189
3,3.0327281812192055,2.8615110263663515,2.923413212947189
4,3.0327281812192055,2.8615110263663515,2.923413212947189
5,3.0327281812192055,2.8615110263663515,2.923413212947189
