MDC_Number, CPU_capacity, RAM_capacity,disk_capacity
0,2.7208162215963805,2.6739353271306223,3.463407268193047
1,2.7208162215963805,2.6739353271306223,3.463407268193047
2,2.7208162215963805,2.6739353271306223,3.463407268193047
3,2.7208162215963805,2.6739353271306223,3.463407268193047
4,2.7208162215963805,2.6739353271306223,3.463407268193047
5,2.7208162215963805,2.6739353271306223,3.463407268193047
