MDC_Number, CPU_capacity, RAM_capacity,disk_capacity
0,3.084681475209729,2.191182029260466,3.5699057913113266
1,3.084681475209729,2.191182029260466,3.5699057913113266
2,3.084681475209729,2.191182029260466,3.5699057913113266
3,3.084681475209729,2.191182029260466,3.5699057913113266
4,3.084681475209729,2.191182029260466,3.5699057913113266
5,3.084681475209729,2.191182029260466,3.5699057913113266
