MDC_Number,CPU_cost,RAM_cost,disk_cost
0,0.9417765416336463,0.576135737182194,0.5412842608623682
1,0.5226623056732048,0.5912174026424527,0.7406664045411523
2,0.8736487016024177,0.5143320578826882,0.9071612560286422
3,0.7991325840435788,0.5110458023344489,0.8974273757708728
4,0.6874546786169593,0.8445952719768183,0.7944582527734139
5,0.841484530160427,0.7092187468473727,0.7218826872745687
