MDC_Number, CPU_capacity, RAM_capacity,disk_capacity
0,3.389339963392422,3.0843977885964726,3.0460417727555154
1,3.389339963392422,3.0843977885964726,3.0460417727555154
2,3.389339963392422,3.0843977885964726,3.0460417727555154
3,3.389339963392422,3.0843977885964726,3.0460417727555154
4,3.389339963392422,3.0843977885964726,3.0460417727555154
5,3.389339963392422,3.0843977885964726,3.0460417727555154
