MDC_Number, CPU_capacity, RAM_capacity,disk_capacity
0,3.0900784231474323,2.966195613045251,2.9237312217693665
1,3.0900784231474323,2.966195613045251,2.9237312217693665
2,3.0900784231474323,2.966195613045251,2.9237312217693665
3,3.0900784231474323,2.966195613045251,2.9237312217693665
4,3.0900784231474323,2.966195613045251,2.9237312217693665
5,3.0900784231474323,2.966195613045251,2.9237312217693665
