MDC_Number, CPU_capacity, RAM_capacity,disk_capacity
0,3.09842857545956,3.0485126405428744,3.110111165228231
1,3.09842857545956,3.0485126405428744,3.110111165228231
2,3.09842857545956,3.0485126405428744,3.110111165228231
3,3.09842857545956,3.0485126405428744,3.110111165228231
4,3.09842857545956,3.0485126405428744,3.110111165228231
5,3.09842857545956,3.0485126405428744,3.110111165228231
