MDC_Number, CPU_capacity, RAM_capacity,disk_capacity
0,3.7432351202532375,2.6543546423505866,3.260080453544373
1,3.7432351202532375,2.6543546423505866,3.260080453544373
2,3.7432351202532375,2.6543546423505866,3.260080453544373
3,3.7432351202532375,2.6543546423505866,3.260080453544373
4,3.7432351202532375,2.6543546423505866,3.260080453544373
5,3.7432351202532375,2.6543546423505866,3.260080453544373
