MDC_Number, CPU_capacity, RAM_capacity,disk_capacity
0,3.3771703640670054,2.862533768463587,2.8875971416053194
1,3.3771703640670054,2.862533768463587,2.8875971416053194
2,3.3771703640670054,2.862533768463587,2.8875971416053194
3,3.3771703640670054,2.862533768463587,2.8875971416053194
4,3.3771703640670054,2.862533768463587,2.8875971416053194
5,3.3771703640670054,2.862533768463587,2.8875971416053194
