MDC_Number, CPU_capacity, RAM_capacity,disk_capacity
0,3.2259675564447785,2.872095913124421,3.038381472340695
1,3.2259675564447785,2.872095913124421,3.038381472340695
2,3.2259675564447785,2.872095913124421,3.038381472340695
3,3.2259675564447785,2.872095913124421,3.038381472340695
4,3.2259675564447785,2.872095913124421,3.038381472340695
5,3.2259675564447785,2.872095913124421,3.038381472340695
