MDC_Number,CPU_cost,RAM_cost,disk_cost
0,0.9527008972830383,0.9489207418994583,0.6878110959606409
1,0.6383231017315771,0.649428468324796,0.6353978414957591
2,0.6399890046384755,0.7488446672783484,0.9091608482490658
3,0.5013064836720147,0.539981675801102,0.990168132634748
4,0.6500599112025794,0.8434234899186742,0.5689882795594852
5,0.7799151724288382,0.6500094809058532,0.7255848922930368
