MDC_Number, CPU_capacity, RAM_capacity,disk_capacity
0,3.6816783746123867,3.193985136435977,3.1736356286419802
1,3.6816783746123867,3.193985136435977,3.1736356286419802
2,3.6816783746123867,3.193985136435977,3.1736356286419802
3,3.6816783746123867,3.193985136435977,3.1736356286419802
4,3.6816783746123867,3.193985136435977,3.1736356286419802
5,3.6816783746123867,3.193985136435977,3.1736356286419802
