MDC_Number, CPU_capacity, RAM_capacity,disk_capacity
0,2.868142294680608,2.925052441326552,3.395218768370753
1,2.868142294680608,2.925052441326552,3.395218768370753
2,2.868142294680608,2.925052441326552,3.395218768370753
3,2.868142294680608,2.925052441326552,3.395218768370753
4,2.868142294680608,2.925052441326552,3.395218768370753
5,2.868142294680608,2.925052441326552,3.395218768370753
