MDC_Number, CPU_capacity, RAM_capacity,disk_capacity
0,3.556871889576359,3.4464879499678593,2.926967938925155
1,3.556871889576359,3.4464879499678593,2.926967938925155
2,3.556871889576359,3.4464879499678593,2.926967938925155
3,3.556871889576359,3.4464879499678593,2.926967938925155
4,3.556871889576359,3.4464879499678593,2.926967938925155
5,3.556871889576359,3.4464879499678593,2.926967938925155
