MDC_Number, CPU_capacity, RAM_capacity,disk_capacity
0,3.0480772717729727,3.0477631367395523,3.2304417696186296
1,3.0480772717729727,3.0477631367395523,3.2304417696186296
2,3.0480772717729727,3.0477631367395523,3.2304417696186296
3,3.0480772717729727,3.0477631367395523,3.2304417696186296
4,3.0480772717729727,3.0477631367395523,3.2304417696186296
5,3.0480772717729727,3.0477631367395523,3.2304417696186296
