MDC_Number, CPU_capacity, RAM_capacity,disk_capacity
0,3.102666288250453,3.339267864236973,3.212561390965357
1,3.102666288250453,3.339267864236973,3.212561390965357
2,3.102666288250453,3.339267864236973,3.212561390965357
3,3.102666288250453,3.339267864236973,3.212561390965357
4,3.102666288250453,3.339267864236973,3.212561390965357
5,3.102666288250453,3.339267864236973,3.212561390965357
