MDC_Number, CPU_capacity, RAM_capacity,disk_capacity
0,3.0022094467697813,2.86934089259045,2.723729981675388
1,3.0022094467697813,2.86934089259045,2.723729981675388
2,3.0022094467697813,2.86934089259045,2.723729981675388
3,3.0022094467697813,2.86934089259045,2.723729981675388
4,3.0022094467697813,2.86934089259045,2.723729981675388
5,3.0022094467697813,2.86934089259045,2.723729981675388
