MDC_Number, CPU_capacity, RAM_capacity,disk_capacity
0,2.978696692239117,3.047798754137614,3.094824782780527
1,2.978696692239117,3.047798754137614,3.094824782780527
2,2.978696692239117,3.047798754137614,3.094824782780527
3,2.978696692239117,3.047798754137614,3.094824782780527
4,2.978696692239117,3.047798754137614,3.094824782780527
5,2.978696692239117,3.047798754137614,3.094824782780527
