MDC_Number, CPU_capacity, RAM_capacity,disk_capacity
0,2.596394492451293,2.7969173265342144,2.5894850985339275
1,2.596394492451293,2.7969173265342144,2.5894850985339275
2,2.596394492451293,2.7969173265342144,2.5894850985339275
3,2.596394492451293,2.7969173265342144,2.5894850985339275
4,2.596394492451293,2.7969173265342144,2.5894850985339275
5,2.596394492451293,2.7969173265342144,2.5894850985339275
