MDC_Number, CPU_capacity, RAM_capacity,disk_capacity
0,3.1642186425073917,2.9810278043153575,2.560590542113142
1,3.1642186425073917,2.9810278043153575,2.560590542113142
2,3.1642186425073917,2.9810278043153575,2.560590542113142
3,3.1642186425073917,2.9810278043153575,2.560590542113142
4,3.1642186425073917,2.9810278043153575,2.560590542113142
5,3.1642186425073917,2.9810278043153575,2.560590542113142
