MDC_Number, CPU_capacity, RAM_capacity,disk_capacity
0,2.717871512922986,3.0623517073343876,3.130392884950275
1,2.717871512922986,3.0623517073343876,3.130392884950275
2,2.717871512922986,3.0623517073343876,3.130392884950275
3,2.717871512922986,3.0623517073343876,3.130392884950275
4,2.717871512922986,3.0623517073343876,3.130392884950275
5,2.717871512922986,3.0623517073343876,3.130392884950275
