MDC_Number, CPU_capacity, RAM_capacity,disk_capacity
0,2.8008274543335157,3.0033202791796185,3.095862122954128
1,2.8008274543335157,3.0033202791796185,3.095862122954128
2,2.8008274543335157,3.0033202791796185,3.095862122954128
3,2.8008274543335157,3.0033202791796185,3.095862122954128
4,2.8008274543335157,3.0033202791796185,3.095862122954128
5,2.8008274543335157,3.0033202791796185,3.095862122954128
