MDC_Number, CPU_capacity, RAM_capacity,disk_capacity
0,2.910110198871813,3.203204148491225,3.3681842832008475
1,2.910110198871813,3.203204148491225,3.3681842832008475
2,2.910110198871813,3.203204148491225,3.3681842832008475
3,2.910110198871813,3.203204148491225,3.3681842832008475
4,2.910110198871813,3.203204148491225,3.3681842832008475
5,2.910110198871813,3.203204148491225,3.3681842832008475
