MDC_Number, CPU_capacity, RAM_capacity,disk_capacity
0,3.320637594923094,3.077891285239742,3.2409642286175444
1,3.320637594923094,3.077891285239742,3.2409642286175444
2,3.320637594923094,3.077891285239742,3.2409642286175444
3,3.320637594923094,3.077891285239742,3.2409642286175444
4,3.320637594923094,3.077891285239742,3.2409642286175444
5,3.320637594923094,3.077891285239742,3.2409642286175444
