MDC_Number, CPU_capacity, RAM_capacity,disk_capacity
0,3.445509332003829,2.963962930562343,2.6979361357653415
1,3.445509332003829,2.963962930562343,2.6979361357653415
2,3.445509332003829,2.963962930562343,2.6979361357653415
3,3.445509332003829,2.963962930562343,2.6979361357653415
4,3.445509332003829,2.963962930562343,2.6979361357653415
5,3.445509332003829,2.963962930562343,2.6979361357653415
