MDC_Number,CPU_cost,RAM_cost,disk_cost
0,0.5167045335954166,0.7017312171322134,0.7687914676138403
1,0.8588678434718169,0.797125878134086,0.8916200877255471
2,0.9237292890868023,0.7043513540642476,0.5938765730940205
3,0.8361519925469916,0.9002328489994624,0.8688283151574361
4,0.5969941753337051,0.6989556936435287,0.5255486990125935
5,0.967603126822527,0.5259207531280982,0.6167127339497949
