MDC_Number, CPU_capacity, RAM_capacity,disk_capacity
0,3.2124012813807785,3.18760039056822,3.093155910179151
1,3.2124012813807785,3.18760039056822,3.093155910179151
2,3.2124012813807785,3.18760039056822,3.093155910179151
3,3.2124012813807785,3.18760039056822,3.093155910179151
4,3.2124012813807785,3.18760039056822,3.093155910179151
5,3.2124012813807785,3.18760039056822,3.093155910179151
