MDC_Number, CPU_capacity, RAM_capacity,disk_capacity
0,2.874965309111307,2.8284954861994227,3.6159181418895274
1,2.874965309111307,2.8284954861994227,3.6159181418895274
2,2.874965309111307,2.8284954861994227,3.6159181418895274
3,2.874965309111307,2.8284954861994227,3.6159181418895274
4,2.874965309111307,2.8284954861994227,3.6159181418895274
5,2.874965309111307,2.8284954861994227,3.6159181418895274
