MDC_Number, CPU_capacity, RAM_capacity,disk_capacity
0,2.9659282346446307,2.697121622781652,3.217865181225561
1,2.9659282346446307,2.697121622781652,3.217865181225561
2,2.9659282346446307,2.697121622781652,3.217865181225561
3,2.9659282346446307,2.697121622781652,3.217865181225561
4,2.9659282346446307,2.697121622781652,3.217865181225561
5,2.9659282346446307,2.697121622781652,3.217865181225561
