MDC_Number, CPU_capacity, RAM_capacity,disk_capacity
0,2.680012843058506,3.2876460023689313,2.9142027217560824
1,2.680012843058506,3.2876460023689313,2.9142027217560824
2,2.680012843058506,3.2876460023689313,2.9142027217560824
3,2.680012843058506,3.2876460023689313,2.9142027217560824
4,2.680012843058506,3.2876460023689313,2.9142027217560824
5,2.680012843058506,3.2876460023689313,2.9142027217560824
