MDC_Number,CPU_cost,RAM_cost,disk_cost
0,0.6112006766602289,0.5432138855121511,0.5784685061644382
1,0.8888989090369736,0.9854719776517444,0.8319802653572743
2,0.7907219853493583,0.8101794891421948,0.7415749440269055
3,0.506346496758893,0.9965421404540509,0.5901213040645961
4,0.7704558098335121,0.7382468259575388,0.9198628975966925
5,0.6989398616288787,0.7187029010990789,0.7952066158414803
