MDC_Number, CPU_capacity, RAM_capacity,disk_capacity
0,3.1813277449193014,2.5542104560142103,2.984245587114927
1,3.1813277449193014,2.5542104560142103,2.984245587114927
2,3.1813277449193014,2.5542104560142103,2.984245587114927
3,3.1813277449193014,2.5542104560142103,2.984245587114927
4,3.1813277449193014,2.5542104560142103,2.984245587114927
5,3.1813277449193014,2.5542104560142103,2.984245587114927
