MDC_Number, CPU_capacity, RAM_capacity,disk_capacity
0,2.7452776861648367,2.8405005323048993,3.293279282373106
1,2.7452776861648367,2.8405005323048993,3.293279282373106
2,2.7452776861648367,2.8405005323048993,3.293279282373106
3,2.7452776861648367,2.8405005323048993,3.293279282373106
4,2.7452776861648367,2.8405005323048993,3.293279282373106
5,2.7452776861648367,2.8405005323048993,3.293279282373106
