MDC_Number, CPU_capacity, RAM_capacity,disk_capacity
0,3.192237897406968,3.230857578608747,3.597370093094343
1,3.192237897406968,3.230857578608747,3.597370093094343
2,3.192237897406968,3.230857578608747,3.597370093094343
3,3.192237897406968,3.230857578608747,3.597370093094343
4,3.192237897406968,3.230857578608747,3.597370093094343
5,3.192237897406968,3.230857578608747,3.597370093094343
