MDC_Number, CPU_capacity, RAM_capacity,disk_capacity
0,3.3295857525088532,2.8601230722526996,2.513088108505722
1,3.3295857525088532,2.8601230722526996,2.513088108505722
2,3.3295857525088532,2.8601230722526996,2.513088108505722
3,3.3295857525088532,2.8601230722526996,2.513088108505722
4,3.3295857525088532,2.8601230722526996,2.513088108505722
5,3.3295857525088532,2.8601230722526996,2.513088108505722
