MDC_Number, CPU_capacity, RAM_capacity,disk_capacity
0,3.0438751172719694,2.8204420455125634,3.12267711872459
1,3.0438751172719694,2.8204420455125634,3.12267711872459
2,3.0438751172719694,2.8204420455125634,3.12267711872459
3,3.0438751172719694,2.8204420455125634,3.12267711872459
4,3.0438751172719694,2.8204420455125634,3.12267711872459
5,3.0438751172719694,2.8204420455125634,3.12267711872459
