MDC_Number, CPU_capacity, RAM_capacity,disk_capacity
0,3.2711424816438317,3.017775923409356,3.0533570584043583
1,3.2711424816438317,3.017775923409356,3.0533570584043583
2,3.2711424816438317,3.017775923409356,3.0533570584043583
3,3.2711424816438317,3.017775923409356,3.0533570584043583
4,3.2711424816438317,3.017775923409356,3.0533570584043583
5,3.2711424816438317,3.017775923409356,3.0533570584043583
