MDC_Number, CPU_capacity, RAM_capacity,disk_capacity
0,3.755496114480997,2.493418144320095,3.0744650910768274
1,3.755496114480997,2.493418144320095,3.0744650910768274
2,3.755496114480997,2.493418144320095,3.0744650910768274
3,3.755496114480997,2.493418144320095,3.0744650910768274
4,3.755496114480997,2.493418144320095,3.0744650910768274
5,3.755496114480997,2.493418144320095,3.0744650910768274
