MDC_Number, CPU_capacity, RAM_capacity,disk_capacity
0,3.4017983837156858,2.8177790442450075,2.8314953326386667
1,3.4017983837156858,2.8177790442450075,2.8314953326386667
2,3.4017983837156858,2.8177790442450075,2.8314953326386667
3,3.4017983837156858,2.8177790442450075,2.8314953326386667
4,3.4017983837156858,2.8177790442450075,2.8314953326386667
5,3.4017983837156858,2.8177790442450075,2.8314953326386667
