MDC_Number, CPU_capacity, RAM_capacity,disk_capacity
0,3.4133481870908393,3.03130041450507,2.8853874780321145
1,3.4133481870908393,3.03130041450507,2.8853874780321145
2,3.4133481870908393,3.03130041450507,2.8853874780321145
3,3.4133481870908393,3.03130041450507,2.8853874780321145
4,3.4133481870908393,3.03130041450507,2.8853874780321145
5,3.4133481870908393,3.03130041450507,2.8853874780321145
