MDC_Number, CPU_capacity, RAM_capacity,disk_capacity
0,2.8868346702771004,3.3183571350768752,2.711944336266333
1,2.8868346702771004,3.3183571350768752,2.711944336266333
2,2.8868346702771004,3.3183571350768752,2.711944336266333
3,2.8868346702771004,3.3183571350768752,2.711944336266333
4,2.8868346702771004,3.3183571350768752,2.711944336266333
5,2.8868346702771004,3.3183571350768752,2.711944336266333
