MDC_Number, CPU_capacity, RAM_capacity,disk_capacity
0,2.213440737654399,3.002692365436935,2.88260162699997
1,2.213440737654399,3.002692365436935,2.88260162699997
2,2.213440737654399,3.002692365436935,2.88260162699997
3,2.213440737654399,3.002692365436935,2.88260162699997
4,2.213440737654399,3.002692365436935,2.88260162699997
5,2.213440737654399,3.002692365436935,2.88260162699997
