MDC_Number, CPU_capacity, RAM_capacity,disk_capacity
0,2.8941240075129104,3.2475040881477297,2.405322143504275
1,2.8941240075129104,3.2475040881477297,2.405322143504275
2,2.8941240075129104,3.2475040881477297,2.405322143504275
3,2.8941240075129104,3.2475040881477297,2.405322143504275
4,2.8941240075129104,3.2475040881477297,2.405322143504275
5,2.8941240075129104,3.2475040881477297,2.405322143504275
