MDC_Number,CPU_cost,RAM_cost,disk_cost
0,0.9304020236333613,0.8834888143579722,0.6653470612681617
1,0.8137876637395691,0.8575614211473928,0.5442034796639783
2,0.519625262445077,0.6127277863679441,0.8993247278929174
3,0.8311580057758502,0.589114177985044,0.9957582347730718
4,0.9890097347369742,0.9045177922502436,0.8286908709153644
5,0.672431358332511,0.7583728649457295,0.7288866280497215
