MDC_Number, CPU_capacity, RAM_capacity,disk_capacity
0,2.8216432343789144,3.0972973127214156,3.0924495440953215
1,2.8216432343789144,3.0972973127214156,3.0924495440953215
2,2.8216432343789144,3.0972973127214156,3.0924495440953215
3,2.8216432343789144,3.0972973127214156,3.0924495440953215
4,2.8216432343789144,3.0972973127214156,3.0924495440953215
5,2.8216432343789144,3.0972973127214156,3.0924495440953215
