MDC_Number, CPU_capacity, RAM_capacity,disk_capacity
0,3.085355069261495,2.796018942285049,3.019623128170028
1,3.085355069261495,2.796018942285049,3.019623128170028
2,3.085355069261495,2.796018942285049,3.019623128170028
3,3.085355069261495,2.796018942285049,3.019623128170028
4,3.085355069261495,2.796018942285049,3.019623128170028
5,3.085355069261495,2.796018942285049,3.019623128170028
