MDC_Number, CPU_capacity, RAM_capacity,disk_capacity
0,3.0248272771047886,2.777579655822663,2.668321307639129
1,3.0248272771047886,2.777579655822663,2.668321307639129
2,3.0248272771047886,2.777579655822663,2.668321307639129
3,3.0248272771047886,2.777579655822663,2.668321307639129
4,3.0248272771047886,2.777579655822663,2.668321307639129
5,3.0248272771047886,2.777579655822663,2.668321307639129
