MDC_Number, CPU_capacity, RAM_capacity,disk_capacity
0,2.8801261226811543,2.854343330184517,2.29906307597717
1,2.8801261226811543,2.854343330184517,2.29906307597717
2,2.8801261226811543,2.854343330184517,2.29906307597717
3,2.8801261226811543,2.854343330184517,2.29906307597717
4,2.8801261226811543,2.854343330184517,2.29906307597717
5,2.8801261226811543,2.854343330184517,2.29906307597717
