MDC_Number, CPU_capacity, RAM_capacity,disk_capacity
0,3.0481691921866627,3.033357673554532,3.004410142306488
1,3.0481691921866627,3.033357673554532,3.004410142306488
2,3.0481691921866627,3.033357673554532,3.004410142306488
3,3.0481691921866627,3.033357673554532,3.004410142306488
4,3.0481691921866627,3.033357673554532,3.004410142306488
5,3.0481691921866627,3.033357673554532,3.004410142306488
