MDC_Number, CPU_capacity, RAM_capacity,disk_capacity
0,2.7695411728241037,3.138749487710394,3.00521183695579
1,2.7695411728241037,3.138749487710394,3.00521183695579
2,2.7695411728241037,3.138749487710394,3.00521183695579
3,2.7695411728241037,3.138749487710394,3.00521183695579
4,2.7695411728241037,3.138749487710394,3.00521183695579
5,2.7695411728241037,3.138749487710394,3.00521183695579
