MDC_Number, CPU_capacity, RAM_capacity,disk_capacity
0,3.5466348525717355,2.93954188140674,2.3995028530002167
1,3.5466348525717355,2.93954188140674,2.3995028530002167
2,3.5466348525717355,2.93954188140674,2.3995028530002167
3,3.5466348525717355,2.93954188140674,2.3995028530002167
4,3.5466348525717355,2.93954188140674,2.3995028530002167
5,3.5466348525717355,2.93954188140674,2.3995028530002167
