MDC_Number,CPU_cost,RAM_cost,disk_cost
0,0.7514846876814669,0.5410523304025667,0.6010758845841395
1,0.8074639323693116,0.5174731245740846,0.5183047944905008
2,0.9975531481257585,0.8673599761647774,0.7051920349877714
3,0.7122784926257137,0.5548008738799372,0.8945661800787124
4,0.8197936498545382,0.5854695249914075,0.9606368011254902
5,0.8825029137381628,0.5462925665364757,0.8650701716585785
