MDC_Number, CPU_capacity, RAM_capacity,disk_capacity
0,2.925727017506434,2.5982574981472033,2.4731892668846696
1,2.925727017506434,2.5982574981472033,2.4731892668846696
2,2.925727017506434,2.5982574981472033,2.4731892668846696
3,2.925727017506434,2.5982574981472033,2.4731892668846696
4,2.925727017506434,2.5982574981472033,2.4731892668846696
5,2.925727017506434,2.5982574981472033,2.4731892668846696
