MDC_Number,CPU_cost,RAM_cost,disk_cost
0,0.9657817072690347,0.8201197474623486,0.8711215965174365
1,0.878629321837733,0.5229010767177762,0.8889463092904459
2,0.6104395976206187,0.9894364847302343,0.7414454791707679
3,0.5085510590533899,0.9728591134132392,0.8392227724744233
4,0.9976334142399896,0.7575574542540832,0.8095381717465449
5,0.9544819971033843,0.843829468397282,0.5449724267700977
