MDC_Number, CPU_capacity, RAM_capacity,disk_capacity
0,2.4048096992423282,2.5000204138509914,2.419942253609126
1,2.4048096992423282,2.5000204138509914,2.419942253609126
2,2.4048096992423282,2.5000204138509914,2.419942253609126
3,2.4048096992423282,2.5000204138509914,2.419942253609126
4,2.4048096992423282,2.5000204138509914,2.419942253609126
5,2.4048096992423282,2.5000204138509914,2.419942253609126
