MDC_Number, CPU_capacity, RAM_capacity,disk_capacity
0,2.8194775350299435,2.655724399776091,2.3311054617526947
1,2.8194775350299435,2.655724399776091,2.3311054617526947
2,2.8194775350299435,2.655724399776091,2.3311054617526947
3,2.8194775350299435,2.655724399776091,2.3311054617526947
4,2.8194775350299435,2.655724399776091,2.3311054617526947
5,2.8194775350299435,2.655724399776091,2.3311054617526947
