MDC_Number, CPU_capacity, RAM_capacity,disk_capacity
0,2.405363371660908,2.4894643424882137,2.7296126428404666
1,2.405363371660908,2.4894643424882137,2.7296126428404666
2,2.405363371660908,2.4894643424882137,2.7296126428404666
3,2.405363371660908,2.4894643424882137,2.7296126428404666
4,2.405363371660908,2.4894643424882137,2.7296126428404666
5,2.405363371660908,2.4894643424882137,2.7296126428404666
