MDC_Number,CPU_cost,RAM_cost,disk_cost
0,0.7968926094025266,0.6798526673801277,0.69563473766052
1,0.8641655757255657,0.8946491923412121,0.7352914986014675
2,0.8014146637054083,0.9689925912609197,0.9014931146753886
3,0.8846534144918116,0.7352797810158954,0.9905584231419522
4,0.6767759324708233,0.6645090950715258,0.7217440421211062
5,0.5222100830871317,0.6655270709116794,0.7856841318079415
