MDC_Number,CPU_cost,RAM_cost,disk_cost
0,0.7266258910742824,0.980540112526086,0.8299473559814008
1,0.6578150088668451,0.8157326663454432,0.6971396732071475
2,0.7308885888356419,0.8001123172546869,0.8458731925503005
3,0.6646920497838809,0.5919776359715652,0.9421817100371759
4,0.9853692856636973,0.8504400665009875,0.6001359280964231
5,0.7118672289262054,0.8471814415042093,0.7103909958212162
