MDC_Number,CPU_cost,RAM_cost,disk_cost
0,0.5765494741302088,0.9102469945941938,0.8211508479867009
1,0.8152865600359163,0.9112975201466551,0.9436179664029973
2,0.5166965764106896,0.8800647518341389,0.9014922328492936
3,0.7801039578409084,0.7312598952181582,0.8483204512361501
4,0.895276678731101,0.7164516709419433,0.9056258162467343
5,0.9288791347504379,0.9756891815948681,0.7751104668673414
