MDC_Number,CPU_cost,RAM_cost,disk_cost
0,0.8213482576829128,0.7565651070573933,0.9459562983814379
1,0.9780971656079546,0.8503895737683527,0.937440757177901
2,0.8905760806091463,0.5782814138523679,0.709488214086893
3,0.8318220341366569,0.9627722452080703,0.5546113043577947
4,0.8938145079729873,0.8723701146516891,0.5493182063773348
5,0.5972002529339342,0.9481265698936983,0.6199018664566247
