MDC_Number,CPU_cost,RAM_cost,disk_cost
0,0.5770590457763006,0.6668986297665018,0.647957656237824
1,0.782699408489593,0.6953753465183197,0.721351894646107
2,0.514436672400477,0.6904515065767132,0.5258892419991298
3,0.7026036157633686,0.6966393629929476,0.7884411116973871
4,0.969906378562809,0.7401611089977611,0.6785936107680435
5,0.74569959952214,0.5847271924477937,0.7486404298527416
