MDC_Number, CPU_capacity, RAM_capacity,disk_capacity
0,2.573322382945527,2.459435050791815,2.334625698578904
1,2.573322382945527,2.459435050791815,2.334625698578904
2,2.573322382945527,2.459435050791815,2.334625698578904
3,2.573322382945527,2.459435050791815,2.334625698578904
4,2.573322382945527,2.459435050791815,2.334625698578904
5,2.573322382945527,2.459435050791815,2.334625698578904
