MDC_Number, CPU_capacity, RAM_capacity,disk_capacity
0,2.659428247071817,2.8622295979174055,2.7536240493988777
1,2.659428247071817,2.8622295979174055,2.7536240493988777
2,2.659428247071817,2.8622295979174055,2.7536240493988777
3,2.659428247071817,2.8622295979174055,2.7536240493988777
4,2.659428247071817,2.8622295979174055,2.7536240493988777
5,2.659428247071817,2.8622295979174055,2.7536240493988777
