MDC_Number, CPU_capacity, RAM_capacity,disk_capacity
0,2.609035814804545,2.4175217532964832,2.67658038747822
1,2.609035814804545,2.4175217532964832,2.67658038747822
2,2.609035814804545,2.4175217532964832,2.67658038747822
3,2.609035814804545,2.4175217532964832,2.67658038747822
4,2.609035814804545,2.4175217532964832,2.67658038747822
5,2.609035814804545,2.4175217532964832,2.67658038747822
