MDC_Number, CPU_capacity, RAM_capacity,disk_capacity
0,2.418551343753355,2.6548262680469277,2.65067103779599
1,2.418551343753355,2.6548262680469277,2.65067103779599
2,2.418551343753355,2.6548262680469277,2.65067103779599
3,2.418551343753355,2.6548262680469277,2.65067103779599
4,2.418551343753355,2.6548262680469277,2.65067103779599
5,2.418551343753355,2.6548262680469277,2.65067103779599
