MDC_Number, CPU_capacity, RAM_capacity,disk_capacity
0,2.297344977752617,2.256916974381885,2.4546150063630514
1,2.297344977752617,2.256916974381885,2.4546150063630514
2,2.297344977752617,2.256916974381885,2.4546150063630514
3,2.297344977752617,2.256916974381885,2.4546150063630514
4,2.297344977752617,2.256916974381885,2.4546150063630514
5,2.297344977752617,2.256916974381885,2.4546150063630514
