MDC_Number, CPU_capacity, RAM_capacity,disk_capacity
0,2.612637661519691,2.6123684029196164,2.7689500882445395
1,2.612637661519691,2.6123684029196164,2.7689500882445395
2,2.612637661519691,2.6123684029196164,2.7689500882445395
3,2.612637661519691,2.6123684029196164,2.7689500882445395
4,2.612637661519691,2.6123684029196164,2.7689500882445395
5,2.612637661519691,2.6123684029196164,2.7689500882445395
