MDC_Number, CPU_capacity, RAM_capacity,disk_capacity
0,2.707075162182385,2.3520127794714893,2.987430395293441
1,2.707075162182385,2.3520127794714893,2.987430395293441
2,2.707075162182385,2.3520127794714893,2.987430395293441
3,2.707075162182385,2.3520127794714893,2.987430395293441
4,2.707075162182385,2.3520127794714893,2.987430395293441
5,2.707075162182385,2.3520127794714893,2.987430395293441
