MDC_Number,CPU_cost,RAM_cost,disk_cost
0,0.82859084828385,0.7226728397158502,0.7092690930509091
1,0.5583173698718709,0.7808109582550931,0.8461924376060874
2,0.8290523830715619,0.5369730658092996,0.8131711905245231
3,0.5561063498931285,0.5584295008954525,0.8582648032686677
4,0.7203057366236456,0.6231577094480768,0.9526137732904678
5,0.7826793859070575,0.8518597839073891,0.7752222469162741
