MDC_Number,CPU_cost,RAM_cost,disk_cost
0,0.9028734383395363,0.5109588678045469,0.6254914723240603
1,0.6613914191419156,0.662950047199804,0.6373400212113073
2,0.8896432251004223,0.7394544324300472,0.8402573208587468
3,0.7830151710197557,0.6017888061353561,0.7934534484882869
4,0.7263532721132576,0.8551099012799743,0.6949394503320019
5,0.8364134557425111,0.9895790803505418,0.7444885855119483
