MDC_Number, CPU_capacity, RAM_capacity,disk_capacity
0,2.458407681154807,2.5071878068513302,2.91018751574636
1,2.458407681154807,2.5071878068513302,2.91018751574636
2,2.458407681154807,2.5071878068513302,2.91018751574636
3,2.458407681154807,2.5071878068513302,2.91018751574636
4,2.458407681154807,2.5071878068513302,2.91018751574636
5,2.458407681154807,2.5071878068513302,2.91018751574636
