MDC_Number, CPU_capacity, RAM_capacity,disk_capacity
0,3.076938651224201,2.6138978559100257,2.7069046451109187
1,3.076938651224201,2.6138978559100257,2.7069046451109187
2,3.076938651224201,2.6138978559100257,2.7069046451109187
3,3.076938651224201,2.6138978559100257,2.7069046451109187
4,3.076938651224201,2.6138978559100257,2.7069046451109187
5,3.076938651224201,2.6138978559100257,2.7069046451109187
