MDC_Number,CPU_cost,RAM_cost,disk_cost
0,0.9804475613291832,0.7589280085268424,0.7668713602051318
1,0.8861919845779814,0.5895475392699194,0.7022284191847783
2,0.5424155402157027,0.6498218920855232,0.5939065567164252
3,0.5114395787987605,0.7546754585485873,0.9218633686558474
4,0.7220769823358237,0.9998250679377603,0.542733060279931
5,0.7266425240535521,0.5493200565313129,0.8025127506281748
