MDC_Number, CPU_capacity, RAM_capacity,disk_capacity
0,2.6606868724539607,2.5787261497937184,2.7234581715134527
1,2.6606868724539607,2.5787261497937184,2.7234581715134527
2,2.6606868724539607,2.5787261497937184,2.7234581715134527
3,2.6606868724539607,2.5787261497937184,2.7234581715134527
4,2.6606868724539607,2.5787261497937184,2.7234581715134527
5,2.6606868724539607,2.5787261497937184,2.7234581715134527
