MDC_Number, CPU_capacity, RAM_capacity,disk_capacity
0,2.9798188796432346,2.517446366580905,2.7038668181927337
1,2.9798188796432346,2.517446366580905,2.7038668181927337
2,2.9798188796432346,2.517446366580905,2.7038668181927337
3,2.9798188796432346,2.517446366580905,2.7038668181927337
4,2.9798188796432346,2.517446366580905,2.7038668181927337
5,2.9798188796432346,2.517446366580905,2.7038668181927337
