MDC_Number, CPU_capacity, RAM_capacity,disk_capacity
0,2.591126491028462,2.600756560876498,2.49648126752636
1,2.591126491028462,2.600756560876498,2.49648126752636
2,2.591126491028462,2.600756560876498,2.49648126752636
3,2.591126491028462,2.600756560876498,2.49648126752636
4,2.591126491028462,2.600756560876498,2.49648126752636
5,2.591126491028462,2.600756560876498,2.49648126752636
