MDC_Number,CPU_cost,RAM_cost,disk_cost
0,0.5339673964081019,0.6656646460788593,0.5208110000590298
1,0.8676597583650474,0.7308020070288149,0.9934748150474498
2,0.6535748752641257,0.714632188958975,0.7436541066094038
3,0.9317930038899254,0.7685418248254711,0.6432735162548366
4,0.63885810937835,0.5538795601655098,0.5839408153059316
5,0.5509384609509369,0.6367018663816502,0.8023001191237971
