MDC_Number, CPU_capacity, RAM_capacity,disk_capacity
0,2.8539306450075883,2.4515340619308854,2.154075521576333
1,2.8539306450075883,2.4515340619308854,2.154075521576333
2,2.8539306450075883,2.4515340619308854,2.154075521576333
3,2.8539306450075883,2.4515340619308854,2.154075521576333
4,2.8539306450075883,2.4515340619308854,2.154075521576333
5,2.8539306450075883,2.4515340619308854,2.154075521576333
