MDC_Number, CPU_capacity, RAM_capacity,disk_capacity
0,2.2696784113902613,2.5245748281609712,2.992512453360989
1,2.2696784113902613,2.5245748281609712,2.992512453360989
2,2.2696784113902613,2.5245748281609712,2.992512453360989
3,2.2696784113902613,2.5245748281609712,2.992512453360989
4,2.2696784113902613,2.5245748281609712,2.992512453360989
5,2.2696784113902613,2.5245748281609712,2.992512453360989
