MDC_Number,CPU_cost,RAM_cost,disk_cost
0,0.6592500224907727,0.9882424627709201,0.6454948469272928
1,0.8743435433457512,0.8403882516478798,0.6503991930636546
2,0.7152063241155624,0.5773097697692233,0.737262244933433
3,0.7833522034283144,0.7513414695332554,0.5594052697509762
4,0.5092688084067899,0.9847021015978922,0.8175906899787402
5,0.8090753347934923,0.6093443641871469,0.8338349043894682
