MDC_Number, CPU_capacity, RAM_capacity,disk_capacity
0,3.1557243210963315,2.737701545516552,2.720259110264555
1,3.1557243210963315,2.737701545516552,2.720259110264555
2,3.1557243210963315,2.737701545516552,2.720259110264555
3,3.1557243210963315,2.737701545516552,2.720259110264555
4,3.1557243210963315,2.737701545516552,2.720259110264555
5,3.1557243210963315,2.737701545516552,2.720259110264555
