MDC_Number, CPU_capacity, RAM_capacity,disk_capacity
0,2.937519655326874,2.7887586454134468,2.631112123938841
1,2.937519655326874,2.7887586454134468,2.631112123938841
2,2.937519655326874,2.7887586454134468,2.631112123938841
3,2.937519655326874,2.7887586454134468,2.631112123938841
4,2.937519655326874,2.7887586454134468,2.631112123938841
5,2.937519655326874,2.7887586454134468,2.631112123938841
