MDC_Number, CPU_capacity, RAM_capacity,disk_capacity
0,2.5278713383776594,2.307734213625711,2.269413931091507
1,2.5278713383776594,2.307734213625711,2.269413931091507
2,2.5278713383776594,2.307734213625711,2.269413931091507
3,2.5278713383776594,2.307734213625711,2.269413931091507
4,2.5278713383776594,2.307734213625711,2.269413931091507
5,2.5278713383776594,2.307734213625711,2.269413931091507
