MDC_Number, CPU_capacity, RAM_capacity,disk_capacity
0,2.3326256813720976,2.2517067746117636,2.506668559801503
1,2.3326256813720976,2.2517067746117636,2.506668559801503
2,2.3326256813720976,2.2517067746117636,2.506668559801503
3,2.3326256813720976,2.2517067746117636,2.506668559801503
4,2.3326256813720976,2.2517067746117636,2.506668559801503
5,2.3326256813720976,2.2517067746117636,2.506668559801503
