MDC_Number, CPU_capacity, RAM_capacity,disk_capacity
0,2.1200802652496744,2.654868733094798,2.1566366779771244
1,2.1200802652496744,2.654868733094798,2.1566366779771244
2,2.1200802652496744,2.654868733094798,2.1566366779771244
3,2.1200802652496744,2.654868733094798,2.1566366779771244
4,2.1200802652496744,2.654868733094798,2.1566366779771244
5,2.1200802652496744,2.654868733094798,2.1566366779771244
