MDC_Number, CPU_capacity, RAM_capacity,disk_capacity
0,2.408065238091161,2.956411633831247,2.2620269313205053
1,2.408065238091161,2.956411633831247,2.2620269313205053
2,2.408065238091161,2.956411633831247,2.2620269313205053
3,2.408065238091161,2.956411633831247,2.2620269313205053
4,2.408065238091161,2.956411633831247,2.2620269313205053
5,2.408065238091161,2.956411633831247,2.2620269313205053
