MDC_Number,CPU_cost,RAM_cost,disk_cost
0,0.8264549637172749,0.926971503592436,0.5159365350633726
1,0.6365498661685747,0.6224159889845085,0.6811784556516203
2,0.6133082646223815,0.6052394693478232,0.5859404960628662
3,0.9377455857241189,0.94029087968314,0.8363827207067709
4,0.5531329913227625,0.7114588241948481,0.5414515887022877
5,0.761181332679465,0.8584805494524876,0.9772810826728738
