MDC_Number,CPU_cost,RAM_cost,disk_cost
0,0.5964531834029724,0.7271246049939539,0.7319603172205544
1,0.6826092514678826,0.70526197902673,0.7656734503806719
2,0.6322885276873065,0.8342334767611337,0.6334959268022671
3,0.9163195478152499,0.7045731515221519,0.6704819583932682
4,0.7677320514697481,0.7824099346071569,0.9825986121805727
5,0.8867673821844645,0.6031421328132909,0.5229797176139919
