MDC_Number, CPU_capacity, RAM_capacity,disk_capacity
0,2.871390204689692,2.5435975978900545,2.6729016641869205
1,2.871390204689692,2.5435975978900545,2.6729016641869205
2,2.871390204689692,2.5435975978900545,2.6729016641869205
3,2.871390204689692,2.5435975978900545,2.6729016641869205
4,2.871390204689692,2.5435975978900545,2.6729016641869205
5,2.871390204689692,2.5435975978900545,2.6729016641869205
