MDC_Number, CPU_capacity, RAM_capacity,disk_capacity
0,2.6381516553162894,3.4011832384124068,2.649657477102424
1,2.6381516553162894,3.4011832384124068,2.649657477102424
2,2.6381516553162894,3.4011832384124068,2.649657477102424
3,2.6381516553162894,3.4011832384124068,2.649657477102424
4,2.6381516553162894,3.4011832384124068,2.649657477102424
5,2.6381516553162894,3.4011832384124068,2.649657477102424
