MDC_Number,CPU_cost,RAM_cost,disk_cost
0,0.708658425098361,0.7704772735992704,0.8675601115127154
1,0.753195193662515,0.6438170241331223,0.504410948939401
2,0.7991322533756846,0.9369478754293747,0.8293186086350858
3,0.9426840063298334,0.50915076431571,0.5546446126341629
4,0.7357292496479515,0.7432554366840054,0.6020142088783353
5,0.7075076523983581,0.517825882951959,0.5415423578733661
