MDC_Number,CPU_cost,RAM_cost,disk_cost
0,0.5051141343926402,0.7828800233867663,0.5439420181136843
1,0.8435848802494967,0.8676667459856404,0.7753774298515238
2,0.9565789420800674,0.73425316292322,0.660459499627903
3,0.8283288078889518,0.8587369105454956,0.6567445183658673
4,0.7227829067563178,0.7439986762873994,0.7014387134528887
5,0.9216154102373457,0.8649762088821877,0.7393177940537874
