MDC_Number, CPU_capacity, RAM_capacity,disk_capacity
0,2.874619448373272,2.6700530392541912,2.494888076160181
1,2.874619448373272,2.6700530392541912,2.494888076160181
2,2.874619448373272,2.6700530392541912,2.494888076160181
3,2.874619448373272,2.6700530392541912,2.494888076160181
4,2.874619448373272,2.6700530392541912,2.494888076160181
5,2.874619448373272,2.6700530392541912,2.494888076160181
