MDC_Number, CPU_capacity, RAM_capacity,disk_capacity
0,2.3414468361488554,2.434859524728189,2.7098970910808675
1,2.3414468361488554,2.434859524728189,2.7098970910808675
2,2.3414468361488554,2.434859524728189,2.7098970910808675
3,2.3414468361488554,2.434859524728189,2.7098970910808675
4,2.3414468361488554,2.434859524728189,2.7098970910808675
5,2.3414468361488554,2.434859524728189,2.7098970910808675
