MDC_Number, CPU_capacity, RAM_capacity,disk_capacity
0,2.289508343636565,2.3200088310041536,2.2598957010531273
1,2.289508343636565,2.3200088310041536,2.2598957010531273
2,2.289508343636565,2.3200088310041536,2.2598957010531273
3,2.289508343636565,2.3200088310041536,2.2598957010531273
4,2.289508343636565,2.3200088310041536,2.2598957010531273
5,2.289508343636565,2.3200088310041536,2.2598957010531273
