MDC_Number,CPU_cost,RAM_cost,disk_cost
0,0.761170900292495,0.7422090950632838,0.8060832457705445
1,0.8668436669511872,0.7261903663161847,0.6532863158818574
2,0.7895353689227547,0.5466449305144253,0.7824586585130822
3,0.5139597105007432,0.7891297200469636,0.9795891388035238
4,0.9584600963547687,0.7951598766732,0.8183285149696153
5,0.5995438165207079,0.9065501648551432,0.921900621261258
