MDC_Number,CPU_cost,RAM_cost,disk_cost
0,0.8374862925500157,0.6773471154960253,0.8258954909133823
1,0.8152939638585339,0.5365870484074646,0.5130628659018257
2,0.8428148722913864,0.5452543394747436,0.8615099330679727
3,0.601551654830372,0.9550876265376191,0.5598502178185653
4,0.8446218144627955,0.5291880803901052,0.6766471676747666
5,0.8079047816922948,0.7761860123283528,0.9665106870884317
