MDC_Number,CPU_cost,RAM_cost,disk_cost
0,0.6662539059837727,0.5053821157789951,0.7937154612311559
1,0.5864605311897912,0.960402892687205,0.7704947247100493
2,0.5005381436030314,0.6116515847175223,0.5769520332987124
3,0.8817793001951544,0.591653260853485,0.8666772481700058
4,0.797903231396065,0.6976618077339538,0.7512631958788683
5,0.7930882834044874,0.6686766381183771,0.8629999288538719
