MDC_Number,CPU_cost,RAM_cost,disk_cost
0,0.757694766339292,0.856679435317425,0.8355482033136852
1,0.8707439855165,0.5163260894678098,0.7991867166048897
2,0.6300865023991997,0.9511560832702894,0.8263547240007643
3,0.8936954737914773,0.5869176485111618,0.7718998989756904
4,0.5310812798122684,0.6592918674585648,0.5634705024723649
5,0.9058940267695775,0.5507603302927189,0.9812898378573147
