MDC_Number, CPU_capacity, RAM_capacity,disk_capacity
0,2.7039509608015195,2.6282035311339533,3.03914459906897
1,2.7039509608015195,2.6282035311339533,3.03914459906897
2,2.7039509608015195,2.6282035311339533,3.03914459906897
3,2.7039509608015195,2.6282035311339533,3.03914459906897
4,2.7039509608015195,2.6282035311339533,3.03914459906897
5,2.7039509608015195,2.6282035311339533,3.03914459906897
