MDC_Number, CPU_capacity, RAM_capacity,disk_capacity
0,2.538520004626283,2.903176922101108,2.7485395141194777
1,2.538520004626283,2.903176922101108,2.7485395141194777
2,2.538520004626283,2.903176922101108,2.7485395141194777
3,2.538520004626283,2.903176922101108,2.7485395141194777
4,2.538520004626283,2.903176922101108,2.7485395141194777
5,2.538520004626283,2.903176922101108,2.7485395141194777
