MDC_Number,CPU_cost,RAM_cost,disk_cost
0,0.5693266195105139,0.8861763638802289,0.9113783897288223
1,0.5793278588230573,0.7811305412378156,0.7658475303537068
2,0.6479693074851159,0.7907777225702975,0.8518252761764372
3,0.9675843206077268,0.9601302864172832,0.8290458619844424
4,0.5102304394888739,0.9234674326768473,0.5720890977352611
5,0.5944058713299725,0.8627268999350348,0.7975170817095335
