MDC_Number,CPU_cost,RAM_cost,disk_cost
0,0.7609284750314818,0.5871539889928378,0.5218364720480786
1,0.9324412946383749,0.5880447196965418,0.9484631878116102
2,0.6335135342766898,0.8864246731533529,0.6213113407787868
3,0.6512850156610377,0.6640319654148465,0.6308836394848523
4,0.8302108446088613,0.6118328347988746,0.7023962534325159
5,0.9715127416739451,0.7724252779505149,0.579116021806698
