MDC_Number, CPU_capacity, RAM_capacity,disk_capacity
0,2.9443572403129914,2.40651913484176,2.2955355486257067
1,2.9443572403129914,2.40651913484176,2.2955355486257067
2,2.9443572403129914,2.40651913484176,2.2955355486257067
3,2.9443572403129914,2.40651913484176,2.2955355486257067
4,2.9443572403129914,2.40651913484176,2.2955355486257067
5,2.9443572403129914,2.40651913484176,2.2955355486257067
