MDC_Number, CPU_capacity, RAM_capacity,disk_capacity
0,2.5344767823973595,3.0065576477964036,2.938270905841441
1,2.5344767823973595,3.0065576477964036,2.938270905841441
2,2.5344767823973595,3.0065576477964036,2.938270905841441
3,2.5344767823973595,3.0065576477964036,2.938270905841441
4,2.5344767823973595,3.0065576477964036,2.938270905841441
5,2.5344767823973595,3.0065576477964036,2.938270905841441
