MDC_Number, CPU_capacity, RAM_capacity,disk_capacity
0,2.401824430703275,2.8707500776150785,2.4327680214409853
1,2.401824430703275,2.8707500776150785,2.4327680214409853
2,2.401824430703275,2.8707500776150785,2.4327680214409853
3,2.401824430703275,2.8707500776150785,2.4327680214409853
4,2.401824430703275,2.8707500776150785,2.4327680214409853
5,2.401824430703275,2.8707500776150785,2.4327680214409853
