MDC_Number,CPU_cost,RAM_cost,disk_cost
0,0.5925299153502521,0.9534018340623702,0.7044429267198875
1,0.7651092495771802,0.7676741357621926,0.993957357143135
2,0.8547771991785482,0.721468938939799,0.9488121070976918
3,0.6886665785386383,0.6924416172699095,0.7361725249892273
4,0.5470716451281986,0.8481253782044338,0.6582836962702392
5,0.7756672201352008,0.5034100181355579,0.6078721597910828
