MDC_Number, CPU_capacity, RAM_capacity,disk_capacity
0,2.5332531306844666,2.8389425840638496,2.652890350489266
1,2.5332531306844666,2.8389425840638496,2.652890350489266
2,2.5332531306844666,2.8389425840638496,2.652890350489266
3,2.5332531306844666,2.8389425840638496,2.652890350489266
4,2.5332531306844666,2.8389425840638496,2.652890350489266
5,2.5332531306844666,2.8389425840638496,2.652890350489266
