MDC_Number, CPU_capacity, RAM_capacity,disk_capacity
0,2.511983455723255,2.189893522237723,2.2502960526691305
1,2.511983455723255,2.189893522237723,2.2502960526691305
2,2.511983455723255,2.189893522237723,2.2502960526691305
3,2.511983455723255,2.189893522237723,2.2502960526691305
4,2.511983455723255,2.189893522237723,2.2502960526691305
5,2.511983455723255,2.189893522237723,2.2502960526691305
