MDC_Number, CPU_capacity, RAM_capacity,disk_capacity
0,2.5981342497653444,2.5471821932410683,2.544752783639257
1,2.5981342497653444,2.5471821932410683,2.544752783639257
2,2.5981342497653444,2.5471821932410683,2.544752783639257
3,2.5981342497653444,2.5471821932410683,2.544752783639257
4,2.5981342497653444,2.5471821932410683,2.544752783639257
5,2.5981342497653444,2.5471821932410683,2.544752783639257
