MDC_Number, CPU_capacity, RAM_capacity,disk_capacity
0,2.3717465457876394,2.492384186192569,2.240024905336804
1,2.3717465457876394,2.492384186192569,2.240024905336804
2,2.3717465457876394,2.492384186192569,2.240024905336804
3,2.3717465457876394,2.492384186192569,2.240024905336804
4,2.3717465457876394,2.492384186192569,2.240024905336804
5,2.3717465457876394,2.492384186192569,2.240024905336804
