MDC_Number, CPU_capacity, RAM_capacity,disk_capacity
0,2.54107995911594,2.7401765372707225,2.534136786338073
1,2.54107995911594,2.7401765372707225,2.534136786338073
2,2.54107995911594,2.7401765372707225,2.534136786338073
3,2.54107995911594,2.7401765372707225,2.534136786338073
4,2.54107995911594,2.7401765372707225,2.534136786338073
5,2.54107995911594,2.7401765372707225,2.534136786338073
