MDC_Number, CPU_capacity, RAM_capacity,disk_capacity
0,2.6911794032358958,2.8955684806797515,2.874991378951708
1,2.6911794032358958,2.8955684806797515,2.874991378951708
2,2.6911794032358958,2.8955684806797515,2.874991378951708
3,2.6911794032358958,2.8955684806797515,2.874991378951708
4,2.6911794032358958,2.8955684806797515,2.874991378951708
5,2.6911794032358958,2.8955684806797515,2.874991378951708
