MDC_Number, CPU_capacity, RAM_capacity,disk_capacity
0,2.3738924338492318,2.690356703751766,2.57589586024782
1,2.3738924338492318,2.690356703751766,2.57589586024782
2,2.3738924338492318,2.690356703751766,2.57589586024782
3,2.3738924338492318,2.690356703751766,2.57589586024782
4,2.3738924338492318,2.690356703751766,2.57589586024782
5,2.3738924338492318,2.690356703751766,2.57589586024782
