MDC_Number,CPU_cost,RAM_cost,disk_cost
0,0.7394153556332864,0.7618509332486822,0.9467427135696425
1,0.955314010649867,0.877041248130614,0.6910121283025101
2,0.7144090916655748,0.7018048658194934,0.7434607998143361
3,0.5359309454452865,0.7443728859300651,0.6150893323931254
4,0.733005186613409,0.8060603652789197,0.7927340806671879
5,0.9109301954488198,0.827517340808327,0.6946832197570566
