MDC_Number, CPU_capacity, RAM_capacity,disk_capacity
0,2.5531685933478143,2.6123989321179546,2.6527069566690233
1,2.5531685933478143,2.6123989321179546,2.6527069566690233
2,2.5531685933478143,2.6123989321179546,2.6527069566690233
3,2.5531685933478143,2.6123989321179546,2.6527069566690233
4,2.5531685933478143,2.6123989321179546,2.6527069566690233
5,2.5531685933478143,2.6123989321179546,2.6527069566690233
