MDC_Number, CPU_capacity, RAM_capacity,disk_capacity
0,2.456410761639917,2.658162330862703,2.804360152740879
1,2.456410761639917,2.658162330862703,2.804360152740879
2,2.456410761639917,2.658162330862703,2.804360152740879
3,2.456410761639917,2.658162330862703,2.804360152740879
4,2.456410761639917,2.658162330862703,2.804360152740879
5,2.456410761639917,2.658162330862703,2.804360152740879
