MDC_Number,CPU_cost,RAM_cost,disk_cost
0,0.7181630055076547,0.9685538777618314,0.5629763632007134
1,0.872864844567371,0.6255739055399219,0.7529183870436951
2,0.8938769515523188,0.9616962397771687,0.8516399820519875
3,0.5704086778181559,0.5660175994779009,0.9169789992976352
4,0.7788849858177398,0.6715400229352493,0.6468078669127972
5,0.7308085553569372,0.8552177615542506,0.6437978152400476
