MDC_Number, CPU_capacity, RAM_capacity,disk_capacity
0,2.7092335859730716,2.303168190949095,2.5650274789645944
1,2.7092335859730716,2.303168190949095,2.5650274789645944
2,2.7092335859730716,2.303168190949095,2.5650274789645944
3,2.7092335859730716,2.303168190949095,2.5650274789645944
4,2.7092335859730716,2.303168190949095,2.5650274789645944
5,2.7092335859730716,2.303168190949095,2.5650274789645944
