MDC_Number, CPU_capacity, RAM_capacity,disk_capacity
0,2.7913943159615724,2.5379979024402717,2.7378347536810037
1,2.7913943159615724,2.5379979024402717,2.7378347536810037
2,2.7913943159615724,2.5379979024402717,2.7378347536810037
3,2.7913943159615724,2.5379979024402717,2.7378347536810037
4,2.7913943159615724,2.5379979024402717,2.7378347536810037
5,2.7913943159615724,2.5379979024402717,2.7378347536810037
