MDC_Number, CPU_capacity, RAM_capacity,disk_capacity
0,2.35309515956986,2.434714741975628,2.822810813462662
1,2.35309515956986,2.434714741975628,2.822810813462662
2,2.35309515956986,2.434714741975628,2.822810813462662
3,2.35309515956986,2.434714741975628,2.822810813462662
4,2.35309515956986,2.434714741975628,2.822810813462662
5,2.35309515956986,2.434714741975628,2.822810813462662
