MDC_Number, CPU_capacity, RAM_capacity,disk_capacity
0,2.5008414757245205,3.263242287896739,2.230651222173229
1,2.5008414757245205,3.263242287896739,2.230651222173229
2,2.5008414757245205,3.263242287896739,2.230651222173229
3,2.5008414757245205,3.263242287896739,2.230651222173229
4,2.5008414757245205,3.263242287896739,2.230651222173229
5,2.5008414757245205,3.263242287896739,2.230651222173229
