MDC_Number, CPU_capacity, RAM_capacity,disk_capacity
0,2.1717692285314003,2.4026272394831336,2.7208758357261678
1,2.1717692285314003,2.4026272394831336,2.7208758357261678
2,2.1717692285314003,2.4026272394831336,2.7208758357261678
3,2.1717692285314003,2.4026272394831336,2.7208758357261678
4,2.1717692285314003,2.4026272394831336,2.7208758357261678
5,2.1717692285314003,2.4026272394831336,2.7208758357261678
