MDC_Number, CPU_capacity, RAM_capacity,disk_capacity
0,2.7827153429428115,2.3397153805246096,2.603363454457221
1,2.7827153429428115,2.3397153805246096,2.603363454457221
2,2.7827153429428115,2.3397153805246096,2.603363454457221
3,2.7827153429428115,2.3397153805246096,2.603363454457221
4,2.7827153429428115,2.3397153805246096,2.603363454457221
5,2.7827153429428115,2.3397153805246096,2.603363454457221
