MDC_Number, CPU_capacity, RAM_capacity,disk_capacity
0,2.7555869957167802,2.5161907657512974,2.7922617473767892
1,2.7555869957167802,2.5161907657512974,2.7922617473767892
2,2.7555869957167802,2.5161907657512974,2.7922617473767892
3,2.7555869957167802,2.5161907657512974,2.7922617473767892
4,2.7555869957167802,2.5161907657512974,2.7922617473767892
5,2.7555869957167802,2.5161907657512974,2.7922617473767892
