MDC_Number,CPU_cost,RAM_cost,disk_cost
0,0.7397420148740375,0.5905643502501684,0.9793665212808451
1,0.6995211577322795,0.7094359229899538,0.5724435281334472
2,0.9315406780065889,0.9034244864428397,0.6473197890432026
3,0.5194021042526101,0.7507844889620201,0.7606557430843188
4,0.8509460794431245,0.5657182915807795,0.7308855599151582
5,0.887523044601168,0.7225743043547704,0.8672398977859215
