MDC_Number, CPU_capacity, RAM_capacity,disk_capacity
0,2.2203623619046855,2.4443979734822148,2.746043659644488
1,2.2203623619046855,2.4443979734822148,2.746043659644488
2,2.2203623619046855,2.4443979734822148,2.746043659644488
3,2.2203623619046855,2.4443979734822148,2.746043659644488
4,2.2203623619046855,2.4443979734822148,2.746043659644488
5,2.2203623619046855,2.4443979734822148,2.746043659644488
