MDC_Number, CPU_capacity, RAM_capacity,disk_capacity
0,2.1068007389359567,2.492479488417912,3.2847991820520175
1,2.1068007389359567,2.492479488417912,3.2847991820520175
2,2.1068007389359567,2.492479488417912,3.2847991820520175
3,2.1068007389359567,2.492479488417912,3.2847991820520175
4,2.1068007389359567,2.492479488417912,3.2847991820520175
5,2.1068007389359567,2.492479488417912,3.2847991820520175
