MDC_Number, CPU_capacity, RAM_capacity,disk_capacity
0,2.309456196180901,2.280044063611128,2.2673402462565604
1,2.309456196180901,2.280044063611128,2.2673402462565604
2,2.309456196180901,2.280044063611128,2.2673402462565604
3,2.309456196180901,2.280044063611128,2.2673402462565604
4,2.309456196180901,2.280044063611128,2.2673402462565604
5,2.309456196180901,2.280044063611128,2.2673402462565604
