MDC_Number,CPU_cost,RAM_cost,disk_cost
0,0.9228329087574956,0.9408542647366964,0.6894721195078263
1,0.7610294654602521,0.6827841976705938,0.8038733874585933
2,0.7826157203861512,0.605015305437782,0.5003074684499669
3,0.8438568230224368,0.5993860884982036,0.5558538109564304
4,0.9336854642152717,0.9734516202451137,0.610852954700643
5,0.5549829559923561,0.8728496544747301,0.6348186594423262
