MDC_Number,CPU_cost,RAM_cost,disk_cost
0,0.9473590993129473,0.5921932580573537,0.5891456466429861
1,0.5062918767586434,0.7178050001733116,0.7607378657663015
2,0.6430626281944036,0.9821793906149776,0.7508996141470602
3,0.7761998053011656,0.7702672425601262,0.7329614628510824
4,0.6706265714326279,0.8555070418647011,0.9605705145920649
5,0.8884661664436946,0.8260846018293987,0.570137972683741
