MDC_Number, CPU_capacity, RAM_capacity,disk_capacity
0,2.6445900593669958,2.3965876648157565,2.58824839557431
1,2.6445900593669958,2.3965876648157565,2.58824839557431
2,2.6445900593669958,2.3965876648157565,2.58824839557431
3,2.6445900593669958,2.3965876648157565,2.58824839557431
4,2.6445900593669958,2.3965876648157565,2.58824839557431
5,2.6445900593669958,2.3965876648157565,2.58824839557431
