MDC_Number,CPU_cost,RAM_cost,disk_cost
0,0.8464626008227538,0.9153103422257627,0.708489501440789
1,0.9197615937019692,0.9143598517118912,0.6215125122719819
2,0.5484503527004597,0.7085568785716644,0.763275956928074
3,0.9451203376214938,0.836889941848457,0.6734810419527095
4,0.6523959980751964,0.8354570928059717,0.7338969709199026
5,0.5753579146408621,0.6378765259013774,0.6844973041867213
