MDC_Number, CPU_capacity, RAM_capacity,disk_capacity
0,2.6557959218224805,2.613010834751035,2.6658095701956266
1,2.6557959218224805,2.613010834751035,2.6658095701956266
2,2.6557959218224805,2.613010834751035,2.6658095701956266
3,2.6557959218224805,2.613010834751035,2.6658095701956266
4,2.6557959218224805,2.613010834751035,2.6658095701956266
5,2.6557959218224805,2.613010834751035,2.6658095701956266
