MDC_Number,CPU_cost,RAM_cost,disk_cost
0,0.6606861668735857,0.7271656627901196,0.589863111656988
1,0.7319771146788219,0.5836524194596467,0.9306498277543811
2,0.5450877010182954,0.7359950836647782,0.5799829839987175
3,0.8334370334585917,0.5896408765541455,0.6817749108004951
4,0.6353694941811941,0.6095129974089173,0.7880537002953885
5,0.5255105620668401,0.5676554696169174,0.5850574484781172
