MDC_Number,CPU_cost,RAM_cost,disk_cost
0,0.7898475053728029,0.5411864940983238,0.8657446103954238
1,0.7252815533155776,0.8063915525203561,0.558567146604259
2,0.8301226893111945,0.7432221009845834,0.6102302684339143
3,0.9981289196767864,0.8150736702057364,0.897291485855288
4,0.958470608973728,0.9225387878357576,0.6662680746098277
5,0.8966625420651121,0.6215178110309281,0.9079565482668297
