MDC_Number,CPU_cost,RAM_cost,disk_cost
0,0.5907817520228206,0.8905471330248139,0.5447489248546086
1,0.9775159048334674,0.5298471861634886,0.9206864582500496
2,0.6238343099480035,0.9948988949865489,0.9064689008926534
3,0.9058538721321802,0.9947521047020481,0.5501136947549528
4,0.8375190860216637,0.7337073629927463,0.66408410423117
5,0.6296038236365734,0.7515067112976567,0.9451235989980256
