MDC_Number, CPU_capacity, RAM_capacity,disk_capacity
0,2.525374698354756,2.683963081448272,2.5349933196057544
1,2.525374698354756,2.683963081448272,2.5349933196057544
2,2.525374698354756,2.683963081448272,2.5349933196057544
3,2.525374698354756,2.683963081448272,2.5349933196057544
4,2.525374698354756,2.683963081448272,2.5349933196057544
5,2.525374698354756,2.683963081448272,2.5349933196057544
