MDC_Number, CPU_capacity, RAM_capacity,disk_capacity
0,2.5331095829534123,2.75172136082147,2.4451443963177613
1,2.5331095829534123,2.75172136082147,2.4451443963177613
2,2.5331095829534123,2.75172136082147,2.4451443963177613
3,2.5331095829534123,2.75172136082147,2.4451443963177613
4,2.5331095829534123,2.75172136082147,2.4451443963177613
5,2.5331095829534123,2.75172136082147,2.4451443963177613
