MDC_Number, CPU_capacity, RAM_capacity,disk_capacity
0,2.3321281899397546,2.291944566111962,2.968634801308326
1,2.3321281899397546,2.291944566111962,2.968634801308326
2,2.3321281899397546,2.291944566111962,2.968634801308326
3,2.3321281899397546,2.291944566111962,2.968634801308326
4,2.3321281899397546,2.291944566111962,2.968634801308326
5,2.3321281899397546,2.291944566111962,2.968634801308326
