MDC_Number, CPU_capacity, RAM_capacity,disk_capacity
0,2.8114151763889703,2.481784862801072,2.656016303929637
1,2.8114151763889703,2.481784862801072,2.656016303929637
2,2.8114151763889703,2.481784862801072,2.656016303929637
3,2.8114151763889703,2.481784862801072,2.656016303929637
4,2.8114151763889703,2.481784862801072,2.656016303929637
5,2.8114151763889703,2.481784862801072,2.656016303929637
