MDC_Number, CPU_capacity, RAM_capacity,disk_capacity
0,2.0693794986387055,2.2426736651623065,3.018625812074888
1,2.0693794986387055,2.2426736651623065,3.018625812074888
2,2.0693794986387055,2.2426736651623065,3.018625812074888
3,2.0693794986387055,2.2426736651623065,3.018625812074888
4,2.0693794986387055,2.2426736651623065,3.018625812074888
5,2.0693794986387055,2.2426736651623065,3.018625812074888
