MDC_Number,CPU_cost,RAM_cost,disk_cost
0,0.6992179236597886,0.8478424691986519,0.6196848234118009
1,0.8945123997164737,0.5229319194330881,0.9720352396067347
2,0.7650804996098807,0.7278389705942081,0.9847927513407266
3,0.5321788399505348,0.7290257903831912,0.8052201808101274
4,0.9217994175655472,0.9064116734898418,0.5886059054852208
5,0.6984302226357135,0.9826713413734681,0.6833879013410299
