MDC_Number, CPU_capacity, RAM_capacity,disk_capacity
0,2.953293713146139,2.540539654767723,2.312516687798864
1,2.953293713146139,2.540539654767723,2.312516687798864
2,2.953293713146139,2.540539654767723,2.312516687798864
3,2.953293713146139,2.540539654767723,2.312516687798864
4,2.953293713146139,2.540539654767723,2.312516687798864
5,2.953293713146139,2.540539654767723,2.312516687798864
