MDC_Number,CPU_cost,RAM_cost,disk_cost
0,0.9469700010843984,0.5215244237345062,0.7966702336412621
1,0.9722497472727887,0.5308532658013086,0.8462137047980482
2,0.579187448407662,0.9218742477958004,0.627812518470955
3,0.7499632074125706,0.7847904747735208,0.542465152631713
4,0.7404853845853027,0.7311444440177672,0.5044625962391847
5,0.9882143717201206,0.8888744628246825,0.666552747613592
