MDC_Number,CPU_cost,RAM_cost,disk_cost
0,0.773383176051007,0.9965878077869126,0.5867168692633223
1,0.7566157921437324,0.9462466850213189,0.8584130231336999
2,0.6818472018819712,0.5972042263183777,0.9479872769092328
3,0.8166269404353084,0.8821842108303002,0.8621403141876249
4,0.64782279615215,0.7952696636976194,0.589499977490203
5,0.5784678197052562,0.9373409622666998,0.5907292987817352
