MDC_Number, CPU_capacity, RAM_capacity,disk_capacity
0,2.505966836044475,2.114283665867896,2.5616182487524246
1,2.505966836044475,2.114283665867896,2.5616182487524246
2,2.505966836044475,2.114283665867896,2.5616182487524246
3,2.505966836044475,2.114283665867896,2.5616182487524246
4,2.505966836044475,2.114283665867896,2.5616182487524246
5,2.505966836044475,2.114283665867896,2.5616182487524246
