MDC_Number, CPU_capacity, RAM_capacity,disk_capacity
0,2.7268523527879727,2.18932324801218,2.557924788955652
1,2.7268523527879727,2.18932324801218,2.557924788955652
2,2.7268523527879727,2.18932324801218,2.557924788955652
3,2.7268523527879727,2.18932324801218,2.557924788955652
4,2.7268523527879727,2.18932324801218,2.557924788955652
5,2.7268523527879727,2.18932324801218,2.557924788955652
