MDC_Number, CPU_capacity, RAM_capacity,disk_capacity
0,2.489959371437571,3.0197032546706244,2.9454849786597923
1,2.489959371437571,3.0197032546706244,2.9454849786597923
2,2.489959371437571,3.0197032546706244,2.9454849786597923
3,2.489959371437571,3.0197032546706244,2.9454849786597923
4,2.489959371437571,3.0197032546706244,2.9454849786597923
5,2.489959371437571,3.0197032546706244,2.9454849786597923
