MDC_Number, CPU_capacity, RAM_capacity,disk_capacity
0,2.5712024703003604,2.7888157114800576,2.5511738801627484
1,2.5712024703003604,2.7888157114800576,2.5511738801627484
2,2.5712024703003604,2.7888157114800576,2.5511738801627484
3,2.5712024703003604,2.7888157114800576,2.5511738801627484
4,2.5712024703003604,2.7888157114800576,2.5511738801627484
5,2.5712024703003604,2.7888157114800576,2.5511738801627484
