MDC_Number, CPU_capacity, RAM_capacity,disk_capacity
0,2.652283723940517,2.783381555863333,2.308182933896731
1,2.652283723940517,2.783381555863333,2.308182933896731
2,2.652283723940517,2.783381555863333,2.308182933896731
3,2.652283723940517,2.783381555863333,2.308182933896731
4,2.652283723940517,2.783381555863333,2.308182933896731
5,2.652283723940517,2.783381555863333,2.308182933896731
