MDC_Number,CPU_cost,RAM_cost,disk_cost
0,0.9190792692880522,0.6788004543419373,0.6141244299517936
1,0.6866494417197055,0.6841116194782755,0.5885168303191448
2,0.5483806036688814,0.9770818245014982,0.9803261213211221
3,0.8312749237312698,0.5137207229644449,0.5452491757477944
4,0.8146271856939984,0.7594990377540045,0.7108574370071398
5,0.9526674925423471,0.9157311610969303,0.9477249168278787
