MDC_Number, CPU_capacity, RAM_capacity,disk_capacity
0,2.429944823372114,2.4045540271634906,2.5185305045578095
1,2.429944823372114,2.4045540271634906,2.5185305045578095
2,2.429944823372114,2.4045540271634906,2.5185305045578095
3,2.429944823372114,2.4045540271634906,2.5185305045578095
4,2.429944823372114,2.4045540271634906,2.5185305045578095
5,2.429944823372114,2.4045540271634906,2.5185305045578095
