MDC_Number,CPU_cost,RAM_cost,disk_cost
0,0.8050586768712569,0.8983669360475066,0.7573886380163648
1,0.7488570445611638,0.791865880446615,0.8627057637211557
2,0.6561011910849321,0.5873311600342306,0.6335169223932715
3,0.8377151541947337,0.8533081356500858,0.8137683260810908
4,0.858837082260169,0.8375310814273462,0.8499568351952753
5,0.9639525846387951,0.5753330642426729,0.6638279463565191
