MDC_Number, CPU_capacity, RAM_capacity,disk_capacity
0,2.4290123592658777,2.336871576814073,2.872568727721939
1,2.4290123592658777,2.336871576814073,2.872568727721939
2,2.4290123592658777,2.336871576814073,2.872568727721939
3,2.4290123592658777,2.336871576814073,2.872568727721939
4,2.4290123592658777,2.336871576814073,2.872568727721939
5,2.4290123592658777,2.336871576814073,2.872568727721939
