MDC_Number,CPU_cost,RAM_cost,disk_cost
0,0.7183880457615688,0.5561112620040309,0.8169338597103875
1,0.6373999382383223,0.8101717251154361,0.5043848189642002
2,0.5425525349615987,0.939377404742405,0.6923495181678916
3,0.5855695658553794,0.8419881903038173,0.8262744184202393
4,0.6429202999289585,0.5339880676152049,0.9750707434006907
5,0.7335199819193889,0.8242479113714257,0.9644768239532076
