MDC_Number, CPU_capacity, RAM_capacity,disk_capacity
0,2.22548099352968,2.397357708457898,2.2195586558862237
1,2.22548099352968,2.397357708457898,2.2195586558862237
2,2.22548099352968,2.397357708457898,2.2195586558862237
3,2.22548099352968,2.397357708457898,2.2195586558862237
4,2.22548099352968,2.397357708457898,2.2195586558862237
5,2.22548099352968,2.397357708457898,2.2195586558862237
