MDC_Number,CPU_cost,RAM_cost,disk_cost
0,0.6785526376269447,0.563823183383936,0.6649928289078901
1,0.8546867038230346,0.5688982372799363,0.6996465217356114
2,0.7931140727280008,0.8525279721045632,0.9945494799699308
3,0.7725302675941651,0.7836420360706886,0.9571759652105214
4,0.6349442879735601,0.6480385035366829,0.7593518885113353
5,0.6075795179265056,0.5560610372651347,0.5272594913040731
