MDC_Number,CPU_cost,RAM_cost,disk_cost
0,0.7632021302493327,0.9779664448405208,0.6502948220843057
1,0.5026547803009489,0.6795007327103451,0.9927325641276312
2,0.9955154312800809,0.5022991398156017,0.5193093378284948
3,0.7733193277130299,0.9356402592592652,0.6416907166063406
4,0.7388227769290778,0.7940864696885479,0.5749638442162015
5,0.6649799589328824,0.9575615192940743,0.7194703762945764
