MDC_Number, CPU_capacity, RAM_capacity,disk_capacity
0,2.745485487454694,2.9815761889947905,2.625818609790648
1,2.745485487454694,2.9815761889947905,2.625818609790648
2,2.745485487454694,2.9815761889947905,2.625818609790648
3,2.745485487454694,2.9815761889947905,2.625818609790648
4,2.745485487454694,2.9815761889947905,2.625818609790648
5,2.745485487454694,2.9815761889947905,2.625818609790648
