MDC_Number, CPU_capacity, RAM_capacity,disk_capacity
0,2.8025774709844495,2.317325049868157,2.6743466231892987
1,2.8025774709844495,2.317325049868157,2.6743466231892987
2,2.8025774709844495,2.317325049868157,2.6743466231892987
3,2.8025774709844495,2.317325049868157,2.6743466231892987
4,2.8025774709844495,2.317325049868157,2.6743466231892987
5,2.8025774709844495,2.317325049868157,2.6743466231892987
