MDC_Number, CPU_capacity, RAM_capacity,disk_capacity
0,2.781394169822277,2.3513265109714316,2.871360351281441
1,2.781394169822277,2.3513265109714316,2.871360351281441
2,2.781394169822277,2.3513265109714316,2.871360351281441
3,2.781394169822277,2.3513265109714316,2.871360351281441
4,2.781394169822277,2.3513265109714316,2.871360351281441
5,2.781394169822277,2.3513265109714316,2.871360351281441
