MDC_Number,CPU_cost,RAM_cost,disk_cost
0,0.7468464972784907,0.748253349514981,0.7751097764015982
1,0.6091038874098398,0.5831831412359603,0.8531983547482509
2,0.6437159632494309,0.7008221281671521,0.993233540500593
3,0.8691816897973971,0.6389195653922253,0.8413615296937258
4,0.6989488392731164,0.568463071507513,0.6902206501280188
5,0.9584081130900307,0.7152608255445378,0.6153757540543411
