MDC_Number, CPU_capacity, RAM_capacity,disk_capacity
0,2.3881557963707283,2.2182278589091253,2.794043138810229
1,2.3881557963707283,2.2182278589091253,2.794043138810229
2,2.3881557963707283,2.2182278589091253,2.794043138810229
3,2.3881557963707283,2.2182278589091253,2.794043138810229
4,2.3881557963707283,2.2182278589091253,2.794043138810229
5,2.3881557963707283,2.2182278589091253,2.794043138810229
