MDC_Number, CPU_capacity, RAM_capacity,disk_capacity
0,2.6528370527997733,2.9190477329927162,2.6921347661199504
1,2.6528370527997733,2.9190477329927162,2.6921347661199504
2,2.6528370527997733,2.9190477329927162,2.6921347661199504
3,2.6528370527997733,2.9190477329927162,2.6921347661199504
4,2.6528370527997733,2.9190477329927162,2.6921347661199504
5,2.6528370527997733,2.9190477329927162,2.6921347661199504
