MDC_Number,CPU_cost,RAM_cost,disk_cost
0,0.649477172749925,0.6383577814060909,0.7009134053434924
1,0.7837367422692456,0.5614118200700399,0.9005097915889437
2,0.9545659238839755,0.8075940494481633,0.7595872724095689
3,0.9966288978495589,0.9200243508960555,0.5407990638657083
4,0.6570959190800192,0.9950565290674285,0.99788274273683
5,0.7900156215842247,0.9008869991356612,0.5969478801743
