MDC_Number,CPU_cost,RAM_cost,disk_cost
0,0.6977007908531199,0.6455947249302129,0.8144218545427779
1,0.8365379834611126,0.9063863020987559,0.5542793234907697
2,0.7171884276575462,0.6900167210601893,0.7554768944024032
3,0.5711507148599722,0.612937498225348,0.8597747106391249
4,0.8475285524339136,0.9425525966770972,0.9684656177235867
5,0.6894649493113423,0.9633767904246244,0.9800142722343581
