MDC_Number, CPU_capacity, RAM_capacity,disk_capacity
0,2.489307928090519,2.4605126206075867,2.3033111430237785
1,2.489307928090519,2.4605126206075867,2.3033111430237785
2,2.489307928090519,2.4605126206075867,2.3033111430237785
3,2.489307928090519,2.4605126206075867,2.3033111430237785
4,2.489307928090519,2.4605126206075867,2.3033111430237785
5,2.489307928090519,2.4605126206075867,2.3033111430237785
