MDC_Number, CPU_capacity, RAM_capacity,disk_capacity
0,2.485392221739057,2.9401154927115676,2.5762817928243757
1,2.485392221739057,2.9401154927115676,2.5762817928243757
2,2.485392221739057,2.9401154927115676,2.5762817928243757
3,2.485392221739057,2.9401154927115676,2.5762817928243757
4,2.485392221739057,2.9401154927115676,2.5762817928243757
5,2.485392221739057,2.9401154927115676,2.5762817928243757
