MDC_Number, CPU_capacity, RAM_capacity,disk_capacity
0,2.2502423524630455,3.1489004269678214,3.0627570357363325
1,2.2502423524630455,3.1489004269678214,3.0627570357363325
2,2.2502423524630455,3.1489004269678214,3.0627570357363325
3,2.2502423524630455,3.1489004269678214,3.0627570357363325
4,2.2502423524630455,3.1489004269678214,3.0627570357363325
5,2.2502423524630455,3.1489004269678214,3.0627570357363325
