MDC_Number,CPU_cost,RAM_cost,disk_cost
0,0.8414416285735429,0.5540657570007507,0.8112952739924952
1,0.7561134780195771,0.6105065840861246,0.6315311980410248
2,0.937399389219251,0.8594625609153783,0.5443926493684064
3,0.5011617668103965,0.588389761575104,0.99203470315011
4,0.5053295339147819,0.7398425371808396,0.7734511873784007
5,0.6375327513360294,0.6199762539529126,0.5663617619376218
