MDC_Number, CPU_capacity, RAM_capacity,disk_capacity
0,2.5355198758459077,2.7205190443454907,2.7075030654544565
1,2.5355198758459077,2.7205190443454907,2.7075030654544565
2,2.5355198758459077,2.7205190443454907,2.7075030654544565
3,2.5355198758459077,2.7205190443454907,2.7075030654544565
4,2.5355198758459077,2.7205190443454907,2.7075030654544565
5,2.5355198758459077,2.7205190443454907,2.7075030654544565
