MDC_Number, CPU_capacity, RAM_capacity,disk_capacity
0,2.663645592472251,2.7465103070068952,2.840992122231011
1,2.663645592472251,2.7465103070068952,2.840992122231011
2,2.663645592472251,2.7465103070068952,2.840992122231011
3,2.663645592472251,2.7465103070068952,2.840992122231011
4,2.663645592472251,2.7465103070068952,2.840992122231011
5,2.663645592472251,2.7465103070068952,2.840992122231011
