MDC_Number, CPU_capacity, RAM_capacity,disk_capacity
0,2.461250855645805,2.8126658663105704,2.7629547754355896
1,2.461250855645805,2.8126658663105704,2.7629547754355896
2,2.461250855645805,2.8126658663105704,2.7629547754355896
3,2.461250855645805,2.8126658663105704,2.7629547754355896
4,2.461250855645805,2.8126658663105704,2.7629547754355896
5,2.461250855645805,2.8126658663105704,2.7629547754355896
