MDC_Number, CPU_capacity, RAM_capacity,disk_capacity
0,2.5396901896396993,2.779832960940999,2.80920074623717
1,2.5396901896396993,2.779832960940999,2.80920074623717
2,2.5396901896396993,2.779832960940999,2.80920074623717
3,2.5396901896396993,2.779832960940999,2.80920074623717
4,2.5396901896396993,2.779832960940999,2.80920074623717
5,2.5396901896396993,2.779832960940999,2.80920074623717
