MDC_Number,CPU_cost,RAM_cost,disk_cost
0,0.6055757437957139,0.9189429973366097,0.8804100275415498
1,0.8087596626188637,0.7674339595771236,0.7888593401469411
2,0.6350201229664466,0.7354978649383281,0.5245854133677157
3,0.9309150543735293,0.5047222994295939,0.8733883963559298
4,0.7436627664941056,0.5828704571844356,0.9245354938103458
5,0.8418295008740972,0.8461772879335504,0.9280405391807908
