MDC_Number,CPU_cost,RAM_cost,disk_cost
0,0.6140907756039584,0.9150090413485579,0.7820380582714349
1,0.9846823863606868,0.8601102645504052,0.8417639662639134
2,0.7835157147091445,0.6114340952843369,0.7813737437599294
3,0.8578806484926522,0.5858720207207758,0.8752091600283037
4,0.8602783666629044,0.6929664103159721,0.8772854048724126
5,0.922413864011109,0.9925848204846002,0.87138462786624
