MDC_Number, CPU_capacity, RAM_capacity,disk_capacity
0,2.1166387912623192,2.2979058618471004,2.7899895392865894
1,2.1166387912623192,2.2979058618471004,2.7899895392865894
2,2.1166387912623192,2.2979058618471004,2.7899895392865894
3,2.1166387912623192,2.2979058618471004,2.7899895392865894
4,2.1166387912623192,2.2979058618471004,2.7899895392865894
5,2.1166387912623192,2.2979058618471004,2.7899895392865894
