MDC_Number,CPU_cost,RAM_cost,disk_cost
0,0.694918257414516,0.6962715384717246,0.884661160506773
1,0.8037459584098674,0.6822060343988765,0.9052388375517124
2,0.5563286938424168,0.9692045074335686,0.5490411263004505
3,0.7656646110575354,0.9663316686159262,0.9858721607598948
4,0.9772137466163734,0.9312677674871596,0.9277961093333653
5,0.8190237667488993,0.9239958383637671,0.7963575274607124
