MDC_Number, CPU_capacity, RAM_capacity,disk_capacity
0,2.5815277350032577,2.506336319575667,2.6686057538266676
1,2.5815277350032577,2.506336319575667,2.6686057538266676
2,2.5815277350032577,2.506336319575667,2.6686057538266676
3,2.5815277350032577,2.506336319575667,2.6686057538266676
4,2.5815277350032577,2.506336319575667,2.6686057538266676
5,2.5815277350032577,2.506336319575667,2.6686057538266676
