MDC_Number,CPU_cost,RAM_cost,disk_cost
0,0.6132111807600003,0.5586996559133548,0.7185969312947011
1,0.5301583806611905,0.8152762366779287,0.5657295430447163
2,0.6600934186043623,0.9420498525939115,0.6852212773300876
3,0.6960296033544404,0.8471711114872392,0.6001695179604034
4,0.9578247814429811,0.5453654450389323,0.7650404427380222
5,0.9949615562430769,0.6261433556030145,0.6807993515059765
