MDC_Number, CPU_capacity, RAM_capacity,disk_capacity
0,2.2107934678622723,2.412074277178386,2.74240308352652
1,2.2107934678622723,2.412074277178386,2.74240308352652
2,2.2107934678622723,2.412074277178386,2.74240308352652
3,2.2107934678622723,2.412074277178386,2.74240308352652
4,2.2107934678622723,2.412074277178386,2.74240308352652
5,2.2107934678622723,2.412074277178386,2.74240308352652
