MDC_Number, CPU_capacity, RAM_capacity,disk_capacity
0,3.0399727307757733,2.519607326920063,2.056716731143043
1,3.0399727307757733,2.519607326920063,2.056716731143043
2,3.0399727307757733,2.519607326920063,2.056716731143043
3,3.0399727307757733,2.519607326920063,2.056716731143043
4,3.0399727307757733,2.519607326920063,2.056716731143043
5,3.0399727307757733,2.519607326920063,2.056716731143043
