MDC_Number, CPU_capacity, RAM_capacity,disk_capacity
0,2.894717454914576,2.453600372968789,2.475083264233131
1,2.894717454914576,2.453600372968789,2.475083264233131
2,2.894717454914576,2.453600372968789,2.475083264233131
3,2.894717454914576,2.453600372968789,2.475083264233131
4,2.894717454914576,2.453600372968789,2.475083264233131
5,2.894717454914576,2.453600372968789,2.475083264233131
