MDC_Number, CPU_capacity, RAM_capacity,disk_capacity
0,2.781624645908613,2.9482476877445016,2.247238217887924
1,2.781624645908613,2.9482476877445016,2.247238217887924
2,2.781624645908613,2.9482476877445016,2.247238217887924
3,2.781624645908613,2.9482476877445016,2.247238217887924
4,2.781624645908613,2.9482476877445016,2.247238217887924
5,2.781624645908613,2.9482476877445016,2.247238217887924
