MDC_Number, CPU_capacity, RAM_capacity,disk_capacity
0,2.6346720987419876,2.5728351234696087,2.5190701476749635
1,2.6346720987419876,2.5728351234696087,2.5190701476749635
2,2.6346720987419876,2.5728351234696087,2.5190701476749635
3,2.6346720987419876,2.5728351234696087,2.5190701476749635
4,2.6346720987419876,2.5728351234696087,2.5190701476749635
5,2.6346720987419876,2.5728351234696087,2.5190701476749635
