MDC_Number, CPU_capacity, RAM_capacity,disk_capacity
0,2.306848722591727,2.473766286690921,2.597177599777914
1,2.306848722591727,2.473766286690921,2.597177599777914
2,2.306848722591727,2.473766286690921,2.597177599777914
3,2.306848722591727,2.473766286690921,2.597177599777914
4,2.306848722591727,2.473766286690921,2.597177599777914
5,2.306848722591727,2.473766286690921,2.597177599777914
