MDC_Number,CPU_cost,RAM_cost,disk_cost
0,0.7110311945781709,0.5102662174368047,0.8558374692488859
1,0.7534727022289776,0.6985546213299949,0.8110093770636603
2,0.6302931214590586,0.9015245734044326,0.6430827562051573
3,0.9382459432712085,0.662477214513916,0.811787293003815
4,0.9808761915473383,0.5527826434301844,0.8803302821671604
5,0.7409529625915743,0.5926313099078273,0.9830534918367351
