MDC_Number,CPU_cost,RAM_cost,disk_cost
0,0.6652297258866944,0.8835276101263659,0.8892035069421739
1,0.7525358021441371,0.8747948162714712,0.6088678218852652
2,0.8347205531243334,0.7154244548213182,0.6626003920794235
3,0.932002954496316,0.535704970872714,0.6836864320587444
4,0.5462733089709075,0.6612602040346345,0.5260731593986547
5,0.7877159682450441,0.798144793331877,0.9862326254426652
