MDC_Number,CPU_cost,RAM_cost,disk_cost
0,0.7474053149763218,0.533520245006579,0.5340912456592415
1,0.6999746758210291,0.8124155063136971,0.7211168866968982
2,0.6501655956028276,0.9946310810788985,0.7287082119438302
3,0.5876163141076599,0.9554409887749644,0.5027659602503631
4,0.918810371453902,0.567395396876984,0.8821954375406957
5,0.9174496909992536,0.9513666976456173,0.6988398699222989
