MDC_Number,CPU_cost,RAM_cost,disk_cost
0,0.7503415127278044,0.6752281839995489,0.6486530304679383
1,0.5048370433126013,0.8038187741142457,0.8580933567792906
2,0.5341842349874757,0.7341644981225482,0.7994815370267447
3,0.7504242597001664,0.548533406655705,0.7993436382177561
4,0.9149896468223222,0.9002728890635725,0.9708002787415222
5,0.8906695017374737,0.8847174660189379,0.909817653057353
