MDC_Number,CPU_cost,RAM_cost,disk_cost
0,0.697143435140221,0.6637439417607991,0.9658873575480191
1,0.8517436237728706,0.9481603836528105,0.675136296681442
2,0.7648812728197822,0.7648725054925503,0.6607055254915335
3,0.6176682180570867,0.5109771023339434,0.62685042649961
4,0.6953621137221111,0.8012073095007897,0.6170730968088087
5,0.946599474754979,0.7476185634200265,0.6323662510681796
