MDC_Number, CPU_capacity, RAM_capacity,disk_capacity
0,2.915827186042016,2.4152391807814353,2.426995999404572
1,2.915827186042016,2.4152391807814353,2.426995999404572
2,2.915827186042016,2.4152391807814353,2.426995999404572
3,2.915827186042016,2.4152391807814353,2.426995999404572
4,2.915827186042016,2.4152391807814353,2.426995999404572
5,2.915827186042016,2.4152391807814353,2.426995999404572
