MDC_Number, CPU_capacity, RAM_capacity,disk_capacity
0,3.3837258098905934,3.025519212326603,3.3395942080664702
1,3.3837258098905934,3.025519212326603,3.3395942080664702
2,3.3837258098905934,3.025519212326603,3.3395942080664702
3,3.3837258098905934,3.025519212326603,3.3395942080664702
4,3.3837258098905934,3.025519212326603,3.3395942080664702
5,3.3837258098905934,3.025519212326603,3.3395942080664702
