MDC_Number,CPU_cost,RAM_cost,disk_cost
0,0.9390602458053416,0.8426327519434857,0.7231866766377191
1,0.5681232296357213,0.6786728139122713,0.5337322622330234
2,0.5559774625843255,0.5340245871372558,0.5455469525113864
3,0.5829380021578897,0.9182454573139334,0.6552693026012072
4,0.7898579221983577,0.61211152283093,0.608645803561243
5,0.7703040835109006,0.5858274601449633,0.6171977657994476
