MDC_Number, CPU_capacity, RAM_capacity,disk_capacity
0,2.505446897334045,2.521530416076707,2.8411241279886346
1,2.505446897334045,2.521530416076707,2.8411241279886346
2,2.505446897334045,2.521530416076707,2.8411241279886346
3,2.505446897334045,2.521530416076707,2.8411241279886346
4,2.505446897334045,2.521530416076707,2.8411241279886346
5,2.505446897334045,2.521530416076707,2.8411241279886346
