MDC_Number, CPU_capacity, RAM_capacity,disk_capacity
0,2.4321927351141626,2.600358858726327,2.6258087220810062
1,2.4321927351141626,2.600358858726327,2.6258087220810062
2,2.4321927351141626,2.600358858726327,2.6258087220810062
3,2.4321927351141626,2.600358858726327,2.6258087220810062
4,2.4321927351141626,2.600358858726327,2.6258087220810062
5,2.4321927351141626,2.600358858726327,2.6258087220810062
