MDC_Number,CPU_cost,RAM_cost,disk_cost
0,0.5458924590527676,0.7530852565028587,0.5156525589561669
1,0.904717256640484,0.6064981833814707,0.820019307579821
2,0.5816250993788279,0.8359863699612142,0.6996806783476285
3,0.6245871262904701,0.9979687276341427,0.8778548093208668
4,0.6209568574527529,0.655455638877118,0.912694816134489
5,0.5278226278859453,0.7560106525141399,0.8218714179568805
