MDC_Number,CPU_cost,RAM_cost,disk_cost
0,0.5211499999774762,0.9160826224911505,0.893873108293749
1,0.8556217357049329,0.973620347998975,0.9497778412300044
2,0.8306330279289922,0.9041887970696286,0.9622858489421747
3,0.8947797130976667,0.6605007460594379,0.5614828097347977
4,0.7232448896762459,0.8360755418273222,0.6780505121648501
5,0.7925286035537469,0.5549857806407824,0.9815676248380056
