MDC_Number,CPU_cost,RAM_cost,disk_cost
0,0.893345116911086,0.6727603713736074,0.6813169571076596
1,0.7094918217117718,0.6871856955139268,0.6607313624699533
2,0.6960923435469397,0.9554559610448128,0.7404205634965162
3,0.9361439775748848,0.6088967256882745,0.8816732828186529
4,0.7496276922983829,0.538892928194201,0.6604284075844487
5,0.5812278912210256,0.8002527523031193,0.7647129018092003
