MDC_Number, CPU_capacity, RAM_capacity,disk_capacity
0,1.97824369487436,2.2419639197931387,2.14657988353985
1,1.97824369487436,2.2419639197931387,2.14657988353985
2,1.97824369487436,2.2419639197931387,2.14657988353985
3,1.97824369487436,2.2419639197931387,2.14657988353985
4,1.97824369487436,2.2419639197931387,2.14657988353985
5,1.97824369487436,2.2419639197931387,2.14657988353985
