MDC_Number, CPU_capacity, RAM_capacity,disk_capacity
0,2.1113984287409173,2.277123869444503,2.218953994932798
1,2.1113984287409173,2.277123869444503,2.218953994932798
2,2.1113984287409173,2.277123869444503,2.218953994932798
3,2.1113984287409173,2.277123869444503,2.218953994932798
4,2.1113984287409173,2.277123869444503,2.218953994932798
5,2.1113984287409173,2.277123869444503,2.218953994932798
