MDC_Number, CPU_capacity, RAM_capacity,disk_capacity
0,2.127640494456512,2.1769991100982957,2.2105891305575196
1,2.127640494456512,2.1769991100982957,2.2105891305575196
2,2.127640494456512,2.1769991100982957,2.2105891305575196
3,2.127640494456512,2.1769991100982957,2.2105891305575196
4,2.127640494456512,2.1769991100982957,2.2105891305575196
5,2.127640494456512,2.1769991100982957,2.2105891305575196
