MDC_Number, CPU_capacity, RAM_capacity,disk_capacity
0,2.255722639719719,2.3148902467668373,2.130815050096428
1,2.255722639719719,2.3148902467668373,2.130815050096428
2,2.255722639719719,2.3148902467668373,2.130815050096428
3,2.255722639719719,2.3148902467668373,2.130815050096428
4,2.255722639719719,2.3148902467668373,2.130815050096428
5,2.255722639719719,2.3148902467668373,2.130815050096428
