MDC_Number, CPU_capacity, RAM_capacity,disk_capacity
0,2.1129332298715897,2.2670992036212425,2.2562525545453807
1,2.1129332298715897,2.2670992036212425,2.2562525545453807
2,2.1129332298715897,2.2670992036212425,2.2562525545453807
3,2.1129332298715897,2.2670992036212425,2.2562525545453807
4,2.1129332298715897,2.2670992036212425,2.2562525545453807
5,2.1129332298715897,2.2670992036212425,2.2562525545453807
