MDC_Number, CPU_capacity, RAM_capacity,disk_capacity
0,2.166437810560421,2.0677924011119764,2.024129088196531
1,2.166437810560421,2.0677924011119764,2.024129088196531
2,2.166437810560421,2.0677924011119764,2.024129088196531
3,2.166437810560421,2.0677924011119764,2.024129088196531
4,2.166437810560421,2.0677924011119764,2.024129088196531
5,2.166437810560421,2.0677924011119764,2.024129088196531
