MDC_Number, CPU_capacity, RAM_capacity,disk_capacity
0,2.2598612337436483,2.0557722122147783,2.2331404199244957
1,2.2598612337436483,2.0557722122147783,2.2331404199244957
2,2.2598612337436483,2.0557722122147783,2.2331404199244957
3,2.2598612337436483,2.0557722122147783,2.2331404199244957
4,2.2598612337436483,2.0557722122147783,2.2331404199244957
5,2.2598612337436483,2.0557722122147783,2.2331404199244957
