MDC_Number, CPU_capacity, RAM_capacity,disk_capacity
0,2.1308341286047496,2.239215727343953,2.250226282869473
1,2.1308341286047496,2.239215727343953,2.250226282869473
2,2.1308341286047496,2.239215727343953,2.250226282869473
3,2.1308341286047496,2.239215727343953,2.250226282869473
4,2.1308341286047496,2.239215727343953,2.250226282869473
5,2.1308341286047496,2.239215727343953,2.250226282869473
