MDC_Number, CPU_capacity, RAM_capacity,disk_capacity
0,2.2038250494724965,1.9971563873464637,2.1568736629785916
1,2.2038250494724965,1.9971563873464637,2.1568736629785916
2,2.2038250494724965,1.9971563873464637,2.1568736629785916
3,2.2038250494724965,1.9971563873464637,2.1568736629785916
4,2.2038250494724965,1.9971563873464637,2.1568736629785916
5,2.2038250494724965,1.9971563873464637,2.1568736629785916
