MDC_Number, CPU_capacity, RAM_capacity,disk_capacity
0,2.024176966054898,1.9473929806783943,2.393807273101616
1,2.024176966054898,1.9473929806783943,2.393807273101616
2,2.024176966054898,1.9473929806783943,2.393807273101616
3,2.024176966054898,1.9473929806783943,2.393807273101616
4,2.024176966054898,1.9473929806783943,2.393807273101616
5,2.024176966054898,1.9473929806783943,2.393807273101616
