MDC_Number, CPU_capacity, RAM_capacity,disk_capacity
0,2.540622778268828,2.4617771071198997,2.090691384946539
1,2.540622778268828,2.4617771071198997,2.090691384946539
2,2.540622778268828,2.4617771071198997,2.090691384946539
3,2.540622778268828,2.4617771071198997,2.090691384946539
4,2.540622778268828,2.4617771071198997,2.090691384946539
5,2.540622778268828,2.4617771071198997,2.090691384946539
