MDC_Number, CPU_capacity, RAM_capacity,disk_capacity
0,1.9434401582831289,1.9099538050933018,2.4738623344236053
1,1.9434401582831289,1.9099538050933018,2.4738623344236053
2,1.9434401582831289,1.9099538050933018,2.4738623344236053
3,1.9434401582831289,1.9099538050933018,2.4738623344236053
4,1.9434401582831289,1.9099538050933018,2.4738623344236053
5,1.9434401582831289,1.9099538050933018,2.4738623344236053
