MDC_Number,CPU_cost,RAM_cost,disk_cost
0,0.5488999133730279,0.7276842025841708,0.7397007994772288
1,0.5439426936172185,0.6100972888094875,0.8210469962653105
2,0.8864205651591305,0.8323040063915975,0.9532368510443827
3,0.5573668980437841,0.8325129056115947,0.7124792984959243
4,0.9353706479882393,0.6441695705275603,0.5116468759206874
5,0.6108849671317382,0.7427444374308063,0.9593285233460845
