MDC_Number, CPU_capacity, RAM_capacity,disk_capacity
0,2.0044694763840902,2.074553618740178,2.2746772023670556
1,2.0044694763840902,2.074553618740178,2.2746772023670556
2,2.0044694763840902,2.074553618740178,2.2746772023670556
3,2.0044694763840902,2.074553618740178,2.2746772023670556
4,2.0044694763840902,2.074553618740178,2.2746772023670556
5,2.0044694763840902,2.074553618740178,2.2746772023670556
