MDC_Number, CPU_capacity, RAM_capacity,disk_capacity
0,2.819771508242161,2.521266010272169,2.7829951733887253
1,2.819771508242161,2.521266010272169,2.7829951733887253
2,2.819771508242161,2.521266010272169,2.7829951733887253
3,2.819771508242161,2.521266010272169,2.7829951733887253
4,2.819771508242161,2.521266010272169,2.7829951733887253
5,2.819771508242161,2.521266010272169,2.7829951733887253
