MDC_Number, CPU_capacity, RAM_capacity,disk_capacity
0,2.109657480370928,1.9913400996522013,1.871960651518669
1,2.109657480370928,1.9913400996522013,1.871960651518669
2,2.109657480370928,1.9913400996522013,1.871960651518669
3,2.109657480370928,1.9913400996522013,1.871960651518669
4,2.109657480370928,1.9913400996522013,1.871960651518669
5,2.109657480370928,1.9913400996522013,1.871960651518669
