MDC_Number, CPU_capacity, RAM_capacity,disk_capacity
0,1.9609126329748836,2.028928951646357,2.3523423445522185
1,1.9609126329748836,2.028928951646357,2.3523423445522185
2,1.9609126329748836,2.028928951646357,2.3523423445522185
3,1.9609126329748836,2.028928951646357,2.3523423445522185
4,1.9609126329748836,2.028928951646357,2.3523423445522185
5,1.9609126329748836,2.028928951646357,2.3523423445522185
