MDC_Number, CPU_capacity, RAM_capacity,disk_capacity
0,1.9223739354931058,2.0614719055757678,2.164314666481595
1,1.9223739354931058,2.0614719055757678,2.164314666481595
2,1.9223739354931058,2.0614719055757678,2.164314666481595
3,1.9223739354931058,2.0614719055757678,2.164314666481595
4,1.9223739354931058,2.0614719055757678,2.164314666481595
5,1.9223739354931058,2.0614719055757678,2.164314666481595
