MDC_Number,CPU_cost,RAM_cost,disk_cost
0,0.5890733844865539,0.6941659242175224,0.5151639197286197
1,0.5055699916143669,0.5192922182566866,0.5991012358202917
2,0.7627016538547071,0.732228453768835,0.8335811766064415
3,0.9594919164333213,0.8651259484380609,0.962467536208007
4,0.5520165549252293,0.730376769825356,0.7514222166844486
5,0.5736187855437371,0.5195178242739553,0.5516454905724157
