MDC_Number, CPU_capacity, RAM_capacity,disk_capacity
0,2.0781474596432914,2.160449744173268,1.8786056076388966
1,2.0781474596432914,2.160449744173268,1.8786056076388966
2,2.0781474596432914,2.160449744173268,1.8786056076388966
3,2.0781474596432914,2.160449744173268,1.8786056076388966
4,2.0781474596432914,2.160449744173268,1.8786056076388966
5,2.0781474596432914,2.160449744173268,1.8786056076388966
