MDC_Number, CPU_capacity, RAM_capacity,disk_capacity
0,1.9848193231196856,2.4444408300968896,2.2104906138086
1,1.9848193231196856,2.4444408300968896,2.2104906138086
2,1.9848193231196856,2.4444408300968896,2.2104906138086
3,1.9848193231196856,2.4444408300968896,2.2104906138086
4,1.9848193231196856,2.4444408300968896,2.2104906138086
5,1.9848193231196856,2.4444408300968896,2.2104906138086
