MDC_Number,CPU_cost,RAM_cost,disk_cost
0,0.6092056205125165,0.5659318916107339,0.6118941322368324
1,0.6480181642298363,0.8121054609551204,0.9723112229365736
2,0.5917669632339415,0.9890960380617131,0.8035186948744437
3,0.8683986879429269,0.5932206562176623,0.8265292634630387
4,0.7842800513730077,0.7488520305179276,0.5920304222022786
5,0.7865479309974611,0.9144739669235971,0.9889625579999715
