MDC_Number, CPU_capacity, RAM_capacity,disk_capacity
0,2.2430154179985085,2.4000414015143523,1.9998768323404221
1,2.2430154179985085,2.4000414015143523,1.9998768323404221
2,2.2430154179985085,2.4000414015143523,1.9998768323404221
3,2.2430154179985085,2.4000414015143523,1.9998768323404221
4,2.2430154179985085,2.4000414015143523,1.9998768323404221
5,2.2430154179985085,2.4000414015143523,1.9998768323404221
