MDC_Number, CPU_capacity, RAM_capacity,disk_capacity
0,2.3178284748518974,1.95943875914286,2.392800292734534
1,2.3178284748518974,1.95943875914286,2.392800292734534
2,2.3178284748518974,1.95943875914286,2.392800292734534
3,2.3178284748518974,1.95943875914286,2.392800292734534
4,2.3178284748518974,1.95943875914286,2.392800292734534
5,2.3178284748518974,1.95943875914286,2.392800292734534
