MDC_Number, CPU_capacity, RAM_capacity,disk_capacity
0,1.7697109067636785,2.6789510396538714,2.268222958985205
1,1.7697109067636785,2.6789510396538714,2.268222958985205
2,1.7697109067636785,2.6789510396538714,2.268222958985205
3,1.7697109067636785,2.6789510396538714,2.268222958985205
4,1.7697109067636785,2.6789510396538714,2.268222958985205
5,1.7697109067636785,2.6789510396538714,2.268222958985205
