MDC_Number, CPU_capacity, RAM_capacity,disk_capacity
0,2.0535466493652197,2.0203539187138735,2.582798672778234
1,2.0535466493652197,2.0203539187138735,2.582798672778234
2,2.0535466493652197,2.0203539187138735,2.582798672778234
3,2.0535466493652197,2.0203539187138735,2.582798672778234
4,2.0535466493652197,2.0203539187138735,2.582798672778234
5,2.0535466493652197,2.0203539187138735,2.582798672778234
