MDC_Number, CPU_capacity, RAM_capacity,disk_capacity
0,2.151273112502715,2.088613599646389,2.22383812818889
1,2.151273112502715,2.088613599646389,2.22383812818889
2,2.151273112502715,2.088613599646389,2.22383812818889
3,2.151273112502715,2.088613599646389,2.22383812818889
4,2.151273112502715,2.088613599646389,2.22383812818889
5,2.151273112502715,2.088613599646389,2.22383812818889
