MDC_Number, CPU_capacity, RAM_capacity,disk_capacity
0,1.877766849359995,2.018554489428872,2.3373129768477727
1,1.877766849359995,2.018554489428872,2.3373129768477727
2,1.877766849359995,2.018554489428872,2.3373129768477727
3,1.877766849359995,2.018554489428872,2.3373129768477727
4,1.877766849359995,2.018554489428872,2.3373129768477727
5,1.877766849359995,2.018554489428872,2.3373129768477727
