MDC_Number, CPU_capacity, RAM_capacity,disk_capacity
0,2.6824972246292837,1.7810129602286395,2.1960464936263056
1,2.6824972246292837,1.7810129602286395,2.1960464936263056
2,2.6824972246292837,1.7810129602286395,2.1960464936263056
3,2.6824972246292837,1.7810129602286395,2.1960464936263056
4,2.6824972246292837,1.7810129602286395,2.1960464936263056
5,2.6824972246292837,1.7810129602286395,2.1960464936263056
