MDC_Number, CPU_capacity, RAM_capacity,disk_capacity
0,2.061216383639169,2.1410545998368584,2.255502713838571
1,2.061216383639169,2.1410545998368584,2.255502713838571
2,2.061216383639169,2.1410545998368584,2.255502713838571
3,2.061216383639169,2.1410545998368584,2.255502713838571
4,2.061216383639169,2.1410545998368584,2.255502713838571
5,2.061216383639169,2.1410545998368584,2.255502713838571
