MDC_Number, CPU_capacity, RAM_capacity,disk_capacity
0,2.533310608979811,2.099672772433386,1.7139306092858693
1,2.533310608979811,2.099672772433386,1.7139306092858693
2,2.533310608979811,2.099672772433386,1.7139306092858693
3,2.533310608979811,2.099672772433386,1.7139306092858693
4,2.533310608979811,2.099672772433386,1.7139306092858693
5,2.533310608979811,2.099672772433386,1.7139306092858693
