MDC_Number, CPU_capacity, RAM_capacity,disk_capacity
0,2.19556008228499,2.144029269558007,2.0992251230624697
1,2.19556008228499,2.144029269558007,2.0992251230624697
2,2.19556008228499,2.144029269558007,2.0992251230624697
3,2.19556008228499,2.144029269558007,2.0992251230624697
4,2.19556008228499,2.144029269558007,2.0992251230624697
5,2.19556008228499,2.144029269558007,2.0992251230624697
