MDC_Number, CPU_capacity, RAM_capacity,disk_capacity
0,2.2705332602872947,1.8367994702734627,2.0967940957745044
1,2.2705332602872947,1.8367994702734627,2.0967940957745044
2,2.2705332602872947,1.8367994702734627,2.0967940957745044
3,2.2705332602872947,1.8367994702734627,2.0967940957745044
4,2.2705332602872947,1.8367994702734627,2.0967940957745044
5,2.2705332602872947,1.8367994702734627,2.0967940957745044
