MDC_Number, CPU_capacity, RAM_capacity,disk_capacity
0,2.111044275570389,2.365785486719875,2.210741958741055
1,2.111044275570389,2.365785486719875,2.210741958741055
2,2.111044275570389,2.365785486719875,2.210741958741055
3,2.111044275570389,2.365785486719875,2.210741958741055
4,2.111044275570389,2.365785486719875,2.210741958741055
5,2.111044275570389,2.365785486719875,2.210741958741055
