MDC_Number, CPU_capacity, RAM_capacity,disk_capacity
0,2.1017598456821935,1.8760536959892835,2.0085588618435843
1,2.1017598456821935,1.8760536959892835,2.0085588618435843
2,2.1017598456821935,1.8760536959892835,2.0085588618435843
3,2.1017598456821935,1.8760536959892835,2.0085588618435843
4,2.1017598456821935,1.8760536959892835,2.0085588618435843
5,2.1017598456821935,1.8760536959892835,2.0085588618435843
