MDC_Number, CPU_capacity, RAM_capacity,disk_capacity
0,1.581029098324571,2.144780261026382,2.059001162142836
1,1.581029098324571,2.144780261026382,2.059001162142836
2,1.581029098324571,2.144780261026382,2.059001162142836
3,1.581029098324571,2.144780261026382,2.059001162142836
4,1.581029098324571,2.144780261026382,2.059001162142836
5,1.581029098324571,2.144780261026382,2.059001162142836
