MDC_Number, CPU_capacity, RAM_capacity,disk_capacity
0,2.015459453127796,2.2123552233724397,2.2088925314966583
1,2.015459453127796,2.2123552233724397,2.2088925314966583
2,2.015459453127796,2.2123552233724397,2.2088925314966583
3,2.015459453127796,2.2123552233724397,2.2088925314966583
4,2.015459453127796,2.2123552233724397,2.2088925314966583
5,2.015459453127796,2.2123552233724397,2.2088925314966583
