MDC_Number, CPU_capacity, RAM_capacity,disk_capacity
0,2.0249540194767617,2.0037950226362424,2.0987754204648414
1,2.0249540194767617,2.0037950226362424,2.0987754204648414
2,2.0249540194767617,2.0037950226362424,2.0987754204648414
3,2.0249540194767617,2.0037950226362424,2.0987754204648414
4,2.0249540194767617,2.0037950226362424,2.0987754204648414
5,2.0249540194767617,2.0037950226362424,2.0987754204648414
