MDC_Number, CPU_capacity, RAM_capacity,disk_capacity
0,2.1164084913664163,2.3165274674508325,2.3410006218643082
1,2.1164084913664163,2.3165274674508325,2.3410006218643082
2,2.1164084913664163,2.3165274674508325,2.3410006218643082
3,2.1164084913664163,2.3165274674508325,2.3410006218643082
4,2.1164084913664163,2.3165274674508325,2.3410006218643082
5,2.1164084913664163,2.3165274674508325,2.3410006218643082
