MDC_Number, CPU_capacity, RAM_capacity,disk_capacity
0,2.159272075857052,2.1672971340637486,2.080401056271967
1,2.159272075857052,2.1672971340637486,2.080401056271967
2,2.159272075857052,2.1672971340637486,2.080401056271967
3,2.159272075857052,2.1672971340637486,2.080401056271967
4,2.159272075857052,2.1672971340637486,2.080401056271967
5,2.159272075857052,2.1672971340637486,2.080401056271967
