MDC_Number, CPU_capacity, RAM_capacity,disk_capacity
0,2.272376960656644,1.8244360400101503,2.1316039907963766
1,2.272376960656644,1.8244360400101503,2.1316039907963766
2,2.272376960656644,1.8244360400101503,2.1316039907963766
3,2.272376960656644,1.8244360400101503,2.1316039907963766
4,2.272376960656644,1.8244360400101503,2.1316039907963766
5,2.272376960656644,1.8244360400101503,2.1316039907963766
