MDC_Number, CPU_capacity, RAM_capacity,disk_capacity
0,2.0015203589193957,2.3922917313458987,2.0273066845341545
1,2.0015203589193957,2.3922917313458987,2.0273066845341545
2,2.0015203589193957,2.3922917313458987,2.0273066845341545
3,2.0015203589193957,2.3922917313458987,2.0273066845341545
4,2.0015203589193957,2.3922917313458987,2.0273066845341545
5,2.0015203589193957,2.3922917313458987,2.0273066845341545
