MDC_Number, CPU_capacity, RAM_capacity,disk_capacity
0,2.1746362473721494,2.1593062354915706,2.2754144228838555
1,2.1746362473721494,2.1593062354915706,2.2754144228838555
2,2.1746362473721494,2.1593062354915706,2.2754144228838555
3,2.1746362473721494,2.1593062354915706,2.2754144228838555
4,2.1746362473721494,2.1593062354915706,2.2754144228838555
5,2.1746362473721494,2.1593062354915706,2.2754144228838555
