MDC_Number, CPU_capacity, RAM_capacity,disk_capacity
0,2.093319546436046,1.8249112685314357,1.8752467105576087
1,2.093319546436046,1.8249112685314357,1.8752467105576087
2,2.093319546436046,1.8249112685314357,1.8752467105576087
3,2.093319546436046,1.8249112685314357,1.8752467105576087
4,2.093319546436046,1.8249112685314357,1.8752467105576087
5,2.093319546436046,1.8249112685314357,1.8752467105576087
