MDC_Number,CPU_cost,RAM_cost,disk_cost
0,0.7234353598890375,0.89525901611503,0.6364257840166193
1,0.9180592056102203,0.8026380707486827,0.9097962046897736
2,0.8577893116902526,0.9232531268286828,0.5821265577368508
3,0.6987813538191311,0.6080725531036693,0.5729696369944675
4,0.653107588058135,0.724727950917009,0.6467639846191153
5,0.8721873821061987,0.7229366381086071,0.7676230537007291
