MDC_Number,CPU_cost,RAM_cost,disk_cost
0,0.8258288754642065,0.7553045143455128,0.918446354060312
1,0.8713781477121376,0.9702358424131827,0.9310416805065815
2,0.7685071543358892,0.5894929475301209,0.9099688728768751
3,0.6068985330379276,0.9797051391127847,0.7200936102014059
4,0.9007774539439222,0.7903568685268207,0.8023753116384758
5,0.8726137130701896,0.5556157556672982,0.8026863688322181
