MDC_Number, CPU_capacity, RAM_capacity,disk_capacity
0,2.0711601847825474,2.4500962439263065,2.1469014940203133
1,2.0711601847825474,2.4500962439263065,2.1469014940203133
2,2.0711601847825474,2.4500962439263065,2.1469014940203133
3,2.0711601847825474,2.4500962439263065,2.1469014940203133
4,2.0711601847825474,2.4500962439263065,2.1469014940203133
5,2.0711601847825474,2.4500962439263065,2.1469014940203133
