MDC_Number, CPU_capacity, RAM_capacity,disk_capacity
0,2.341961902446411,2.154868358450775,2.133038675611343
1,2.341961902446411,2.154868358450775,2.133038675611343
2,2.341961902446411,2.154868358450775,2.133038675611343
3,2.341961902446411,2.154868358450775,2.133038675611343
4,2.341961902446411,2.154868358450775,2.133038675611343
5,2.341961902446411,2.154868358450775,2.133038675611343
