MDC_Number, CPU_capacity, RAM_capacity,disk_capacity
0,1.914294887898933,2.3483185731206655,2.081573372682916
1,1.914294887898933,2.3483185731206655,2.081573372682916
2,1.914294887898933,2.3483185731206655,2.081573372682916
3,1.914294887898933,2.3483185731206655,2.081573372682916
4,1.914294887898933,2.3483185731206655,2.081573372682916
5,1.914294887898933,2.3483185731206655,2.081573372682916
