MDC_Number, CPU_capacity, RAM_capacity,disk_capacity
0,2.2585899460024863,2.4173463239918362,2.0019226371955874
1,2.2585899460024863,2.4173463239918362,2.0019226371955874
2,2.2585899460024863,2.4173463239918362,2.0019226371955874
3,2.2585899460024863,2.4173463239918362,2.0019226371955874
4,2.2585899460024863,2.4173463239918362,2.0019226371955874
5,2.2585899460024863,2.4173463239918362,2.0019226371955874
