MDC_Number, CPU_capacity, RAM_capacity,disk_capacity
0,2.1467693037816997,2.2045124832682936,2.263418565555651
1,2.1467693037816997,2.2045124832682936,2.263418565555651
2,2.1467693037816997,2.2045124832682936,2.263418565555651
3,2.1467693037816997,2.2045124832682936,2.263418565555651
4,2.1467693037816997,2.2045124832682936,2.263418565555651
5,2.1467693037816997,2.2045124832682936,2.263418565555651
