MDC_Number, CPU_capacity, RAM_capacity,disk_capacity
0,2.353016478684132,1.993551032712056,2.2405831943847048
1,2.353016478684132,1.993551032712056,2.2405831943847048
2,2.353016478684132,1.993551032712056,2.2405831943847048
3,2.353016478684132,1.993551032712056,2.2405831943847048
4,2.353016478684132,1.993551032712056,2.2405831943847048
5,2.353016478684132,1.993551032712056,2.2405831943847048
