MDC_Number, CPU_capacity, RAM_capacity,disk_capacity
0,1.9930898682826097,2.4723788589713482,2.2802165310722224
1,1.9930898682826097,2.4723788589713482,2.2802165310722224
2,1.9930898682826097,2.4723788589713482,2.2802165310722224
3,1.9930898682826097,2.4723788589713482,2.2802165310722224
4,1.9930898682826097,2.4723788589713482,2.2802165310722224
5,1.9930898682826097,2.4723788589713482,2.2802165310722224
