MDC_Number, CPU_capacity, RAM_capacity,disk_capacity
0,2.1426687252503003,2.324013092900048,2.125978233468957
1,2.1426687252503003,2.324013092900048,2.125978233468957
2,2.1426687252503003,2.324013092900048,2.125978233468957
3,2.1426687252503003,2.324013092900048,2.125978233468957
4,2.1426687252503003,2.324013092900048,2.125978233468957
5,2.1426687252503003,2.324013092900048,2.125978233468957
