MDC_Number, CPU_capacity, RAM_capacity,disk_capacity
0,2.067620955005909,1.836498657561756,2.4094900095846326
1,2.067620955005909,1.836498657561756,2.4094900095846326
2,2.067620955005909,1.836498657561756,2.4094900095846326
3,2.067620955005909,1.836498657561756,2.4094900095846326
4,2.067620955005909,1.836498657561756,2.4094900095846326
5,2.067620955005909,1.836498657561756,2.4094900095846326
