MDC_Number,CPU_cost,RAM_cost,disk_cost
0,0.6250091100712117,0.5478124777994866,0.7294099057314547
1,0.602219050470669,0.8266548364505868,0.7846875304149765
2,0.5560963210627063,0.9437873593570475,0.9021343266087614
3,0.9905156858275062,0.5060555972685832,0.6192615285174882
4,0.9505251868044169,0.8165228716860858,0.6366231794329584
5,0.6595776052934957,0.9283589110262431,0.8302040479919798
