MDC_Number, CPU_capacity, RAM_capacity,disk_capacity
0,2.1807812122696193,2.312274121170427,2.3682613640163543
1,2.1807812122696193,2.312274121170427,2.3682613640163543
2,2.1807812122696193,2.312274121170427,2.3682613640163543
3,2.1807812122696193,2.312274121170427,2.3682613640163543
4,2.1807812122696193,2.312274121170427,2.3682613640163543
5,2.1807812122696193,2.312274121170427,2.3682613640163543
