MDC_Number, CPU_capacity, RAM_capacity,disk_capacity
0,2.2963224964306503,2.0968256381260812,2.326884789480658
1,2.2963224964306503,2.0968256381260812,2.326884789480658
2,2.2963224964306503,2.0968256381260812,2.326884789480658
3,2.2963224964306503,2.0968256381260812,2.326884789480658
4,2.2963224964306503,2.0968256381260812,2.326884789480658
5,2.2963224964306503,2.0968256381260812,2.326884789480658
