MDC_Number, CPU_capacity, RAM_capacity,disk_capacity
0,1.924546830150751,1.9000367196759402,1.8894502052138005
1,1.924546830150751,1.9000367196759402,1.8894502052138005
2,1.924546830150751,1.9000367196759402,1.8894502052138005
3,1.924546830150751,1.9000367196759402,1.8894502052138005
4,1.924546830150751,1.9000367196759402,1.8894502052138005
5,1.924546830150751,1.9000367196759402,1.8894502052138005
