MDC_Number, CPU_capacity, RAM_capacity,disk_capacity
0,2.2131632681854003,2.177509028959196,2.2215079751630222
1,2.2131632681854003,2.177509028959196,2.2215079751630222
2,2.2131632681854003,2.177509028959196,2.2215079751630222
3,2.2131632681854003,2.177509028959196,2.2215079751630222
4,2.2131632681854003,2.177509028959196,2.2215079751630222
5,2.2131632681854003,2.177509028959196,2.2215079751630222
