MDC_Number, CPU_capacity, RAM_capacity,disk_capacity
0,1.9413367949449902,2.18739407666742,2.235994917821625
1,1.9413367949449902,2.18739407666742,2.235994917821625
2,1.9413367949449902,2.18739407666742,2.235994917821625
3,1.9413367949449902,2.18739407666742,2.235994917821625
4,1.9413367949449902,2.18739407666742,2.235994917821625
5,1.9413367949449902,2.18739407666742,2.235994917821625
