MDC_Number, CPU_capacity, RAM_capacity,disk_capacity
0,2.349564612524953,2.213103666480076,1.9425878847939122
1,2.349564612524953,2.213103666480076,1.9425878847939122
2,2.349564612524953,2.213103666480076,1.9425878847939122
3,2.349564612524953,2.213103666480076,1.9425878847939122
4,2.349564612524953,2.213103666480076,1.9425878847939122
5,2.349564612524953,2.213103666480076,1.9425878847939122
