MDC_Number, CPU_capacity, RAM_capacity,disk_capacity
0,2.3365303440313085,2.155554231006683,2.1809693274316846
1,2.3365303440313085,2.155554231006683,2.1809693274316846
2,2.3365303440313085,2.155554231006683,2.1809693274316846
3,2.3365303440313085,2.155554231006683,2.1809693274316846
4,2.3365303440313085,2.155554231006683,2.1809693274316846
5,2.3365303440313085,2.155554231006683,2.1809693274316846
