MDC_Number, CPU_capacity, RAM_capacity,disk_capacity
0,2.1772637087047593,2.1666840525389515,2.1460072445046343
1,2.1772637087047593,2.1666840525389515,2.1460072445046343
2,2.1772637087047593,2.1666840525389515,2.1460072445046343
3,2.1772637087047593,2.1666840525389515,2.1460072445046343
4,2.1772637087047593,2.1666840525389515,2.1460072445046343
5,2.1772637087047593,2.1666840525389515,2.1460072445046343
