MDC_Number, CPU_capacity, RAM_capacity,disk_capacity
0,1.9910765753154707,1.930479401504584,2.0676001292821944
1,1.9910765753154707,1.930479401504584,2.0676001292821944
2,1.9910765753154707,1.930479401504584,2.0676001292821944
3,1.9910765753154707,1.930479401504584,2.0676001292821944
4,1.9910765753154707,1.930479401504584,2.0676001292821944
5,1.9910765753154707,1.930479401504584,2.0676001292821944
