MDC_Number, CPU_capacity, RAM_capacity,disk_capacity
0,2.062024764483643,2.3702550964834823,1.937103097333095
1,2.062024764483643,2.3702550964834823,1.937103097333095
2,2.062024764483643,2.3702550964834823,1.937103097333095
3,2.062024764483643,2.3702550964834823,1.937103097333095
4,2.062024764483643,2.3702550964834823,1.937103097333095
5,2.062024764483643,2.3702550964834823,1.937103097333095
