MDC_Number, CPU_capacity, RAM_capacity,disk_capacity
0,2.280169926719263,2.307755413291962,2.5695500664959594
1,2.280169926719263,2.307755413291962,2.5695500664959594
2,2.280169926719263,2.307755413291962,2.5695500664959594
3,2.280169926719263,2.307755413291962,2.5695500664959594
4,2.280169926719263,2.307755413291962,2.5695500664959594
5,2.280169926719263,2.307755413291962,2.5695500664959594
