MDC_Number, CPU_capacity, RAM_capacity,disk_capacity
0,1.8098076904428337,2.0021893662359447,2.2673965297718066
1,1.8098076904428337,2.0021893662359447,2.2673965297718066
2,1.8098076904428337,2.0021893662359447,2.2673965297718066
3,1.8098076904428337,2.0021893662359447,2.2673965297718066
4,1.8098076904428337,2.0021893662359447,2.2673965297718066
5,1.8098076904428337,2.0021893662359447,2.2673965297718066
