MDC_Number, CPU_capacity, RAM_capacity,disk_capacity
0,2.461078094288449,2.1171163789731025,1.927097239832387
1,2.461078094288449,2.1171163789731025,1.927097239832387
2,2.461078094288449,2.1171163789731025,1.927097239832387
3,2.461078094288449,2.1171163789731025,1.927097239832387
4,2.461078094288449,2.1171163789731025,1.927097239832387
5,2.461078094288449,2.1171163789731025,1.927097239832387
