MDC_Number, CPU_capacity, RAM_capacity,disk_capacity
0,1.8752019603858712,2.624083689139851,2.5522975297802772
1,1.8752019603858712,2.624083689139851,2.5522975297802772
2,1.8752019603858712,2.624083689139851,2.5522975297802772
3,1.8752019603858712,2.624083689139851,2.5522975297802772
4,1.8752019603858712,2.624083689139851,2.5522975297802772
5,1.8752019603858712,2.624083689139851,2.5522975297802772
