MDC_Number, CPU_capacity, RAM_capacity,disk_capacity
0,2.1175666325966165,2.2834804477256023,2.1117806552817275
1,2.1175666325966165,2.2834804477256023,2.1117806552817275
2,2.1175666325966165,2.2834804477256023,2.1117806552817275
3,2.1175666325966165,2.2834804477256023,2.1117806552817275
4,2.1175666325966165,2.2834804477256023,2.1117806552817275
5,2.1175666325966165,2.2834804477256023,2.1117806552817275
