MDC_Number, CPU_capacity, RAM_capacity,disk_capacity
0,2.3928251705747434,2.119664664908379,2.2274180534891004
1,2.3928251705747434,2.119664664908379,2.2274180534891004
2,2.3928251705747434,2.119664664908379,2.2274180534891004
3,2.3928251705747434,2.119664664908379,2.2274180534891004
4,2.3928251705747434,2.119664664908379,2.2274180534891004
5,2.3928251705747434,2.119664664908379,2.2274180534891004
