MDC_Number, CPU_capacity, RAM_capacity,disk_capacity
0,1.7667335543747287,2.212390610912332,1.7971972316476037
1,1.7667335543747287,2.212390610912332,1.7971972316476037
2,1.7667335543747287,2.212390610912332,1.7971972316476037
3,1.7667335543747287,2.212390610912332,1.7971972316476037
4,1.7667335543747287,2.212390610912332,1.7971972316476037
5,1.7667335543747287,2.212390610912332,1.7971972316476037
