MDC_Number, CPU_capacity, RAM_capacity,disk_capacity
0,2.3354812258203745,1.9311042082234644,2.228622185991082
1,2.3354812258203745,1.9311042082234644,2.228622185991082
2,2.3354812258203745,1.9311042082234644,2.228622185991082
3,2.3354812258203745,1.9311042082234644,2.228622185991082
4,2.3354812258203745,1.9311042082234644,2.228622185991082
5,2.3354812258203745,1.9311042082234644,2.228622185991082
