MDC_Number, CPU_capacity, RAM_capacity,disk_capacity
0,1.903435204758041,1.9323369695808728,2.0807891021632137
1,1.903435204758041,1.9323369695808728,2.0807891021632137
2,1.903435204758041,1.9323369695808728,2.0807891021632137
3,1.903435204758041,1.9323369695808728,2.0807891021632137
4,1.903435204758041,1.9323369695808728,2.0807891021632137
5,1.903435204758041,1.9323369695808728,2.0807891021632137
