MDC_Number, CPU_capacity, RAM_capacity,disk_capacity
0,1.8575533845587175,1.6230743191330097,2.003356754626981
1,1.8575533845587175,1.6230743191330097,2.003356754626981
2,1.8575533845587175,1.6230743191330097,2.003356754626981
3,1.8575533845587175,1.6230743191330097,2.003356754626981
4,1.8575533845587175,1.6230743191330097,2.003356754626981
5,1.8575533845587175,1.6230743191330097,2.003356754626981
