MDC_Number, CPU_capacity, RAM_capacity,disk_capacity
0,2.0997124562464724,2.4134147868854114,2.242765705051855
1,2.0997124562464724,2.4134147868854114,2.242765705051855
2,2.0997124562464724,2.4134147868854114,2.242765705051855
3,2.0997124562464724,2.4134147868854114,2.242765705051855
4,2.0997124562464724,2.4134147868854114,2.242765705051855
5,2.0997124562464724,2.4134147868854114,2.242765705051855
