MDC_Number, CPU_capacity, RAM_capacity,disk_capacity
0,2.4479330461057285,2.323965537844539,2.192593436615701
1,2.4479330461057285,2.323965537844539,2.192593436615701
2,2.4479330461057285,2.323965537844539,2.192593436615701
3,2.4479330461057285,2.323965537844539,2.192593436615701
4,2.4479330461057285,2.323965537844539,2.192593436615701
5,2.4479330461057285,2.323965537844539,2.192593436615701
