MDC_Number, CPU_capacity, RAM_capacity,disk_capacity
0,2.5641155426868343,2.178248213258355,2.2557538709257656
1,2.5641155426868343,2.178248213258355,2.2557538709257656
2,2.5641155426868343,2.178248213258355,2.2557538709257656
3,2.5641155426868343,2.178248213258355,2.2557538709257656
4,2.5641155426868343,2.178248213258355,2.2557538709257656
5,2.5641155426868343,2.178248213258355,2.2557538709257656
