MDC_Number, CPU_capacity, RAM_capacity,disk_capacity
0,2.1984597127635745,2.8343193653436725,2.2080478975853537
1,2.1984597127635745,2.8343193653436725,2.2080478975853537
2,2.1984597127635745,2.8343193653436725,2.2080478975853537
3,2.1984597127635745,2.8343193653436725,2.2080478975853537
4,2.1984597127635745,2.8343193653436725,2.2080478975853537
5,2.1984597127635745,2.8343193653436725,2.2080478975853537
