MDC_Number, CPU_capacity, RAM_capacity,disk_capacity
0,2.210697543999811,2.4325397774939304,2.243445638433292
1,2.210697543999811,2.4325397774939304,2.243445638433292
2,2.210697543999811,2.4325397774939304,2.243445638433292
3,2.210697543999811,2.4325397774939304,2.243445638433292
4,2.210697543999811,2.4325397774939304,2.243445638433292
5,2.210697543999811,2.4325397774939304,2.243445638433292
