MDC_Number, CPU_capacity, RAM_capacity,disk_capacity
0,2.048673067629006,2.0893231723761088,2.4251562631219667
1,2.048673067629006,2.0893231723761088,2.4251562631219667
2,2.048673067629006,2.0893231723761088,2.4251562631219667
3,2.048673067629006,2.0893231723761088,2.4251562631219667
4,2.048673067629006,2.0893231723761088,2.4251562631219667
5,2.048673067629006,2.0893231723761088,2.4251562631219667
