MDC_Number, CPU_capacity, RAM_capacity,disk_capacity
0,2.0342162369734687,1.797631211623754,1.960776673140625
1,2.0342162369734687,1.797631211623754,1.960776673140625
2,2.0342162369734687,1.797631211623754,1.960776673140625
3,2.0342162369734687,1.797631211623754,1.960776673140625
4,2.0342162369734687,1.797631211623754,1.960776673140625
5,2.0342162369734687,1.797631211623754,1.960776673140625
