MDC_Number, CPU_capacity, RAM_capacity,disk_capacity
0,2.429855988368347,2.0126993173178627,2.0224966661704764
1,2.429855988368347,2.0126993173178627,2.0224966661704764
2,2.429855988368347,2.0126993173178627,2.0224966661704764
3,2.429855988368347,2.0126993173178627,2.0224966661704764
4,2.429855988368347,2.0126993173178627,2.0224966661704764
5,2.429855988368347,2.0126993173178627,2.0224966661704764
