MDC_Number, CPU_capacity, RAM_capacity,disk_capacity
0,2.326161929967977,2.1149982520335597,2.2815289614008365
1,2.326161929967977,2.1149982520335597,2.2815289614008365
2,2.326161929967977,2.1149982520335597,2.2815289614008365
3,2.326161929967977,2.1149982520335597,2.2815289614008365
4,2.326161929967977,2.1149982520335597,2.2815289614008365
5,2.326161929967977,2.1149982520335597,2.2815289614008365
