MDC_Number, CPU_capacity, RAM_capacity,disk_capacity
0,2.226808512233653,1.9468435854777975,2.656969970029934
1,2.226808512233653,1.9468435854777975,2.656969970029934
2,2.226808512233653,1.9468435854777975,2.656969970029934
3,2.226808512233653,1.9468435854777975,2.656969970029934
4,2.226808512233653,1.9468435854777975,2.656969970029934
5,2.226808512233653,1.9468435854777975,2.656969970029934
