MDC_Number, CPU_capacity, RAM_capacity,disk_capacity
0,2.253301454924592,1.980690367450344,2.330221831375626
1,2.253301454924592,1.980690367450344,2.330221831375626
2,2.253301454924592,1.980690367450344,2.330221831375626
3,2.253301454924592,1.980690367450344,2.330221831375626
4,2.253301454924592,1.980690367450344,2.330221831375626
5,2.253301454924592,1.980690367450344,2.330221831375626
