MDC_Number, CPU_capacity, RAM_capacity,disk_capacity
0,2.252727784455755,1.9753442593957928,1.6781397027096847
1,2.252727784455755,1.9753442593957928,1.6781397027096847
2,2.252727784455755,1.9753442593957928,1.6781397027096847
3,2.252727784455755,1.9753442593957928,1.6781397027096847
4,2.252727784455755,1.9753442593957928,1.6781397027096847
5,2.252727784455755,1.9753442593957928,1.6781397027096847
