MDC_Number, CPU_capacity, RAM_capacity,disk_capacity
0,2.118520167603308,1.9265154448440374,2.2984751294468295
1,2.118520167603308,1.9265154448440374,2.2984751294468295
2,2.118520167603308,1.9265154448440374,2.2984751294468295
3,2.118520167603308,1.9265154448440374,2.2984751294468295
4,2.118520167603308,1.9265154448440374,2.2984751294468295
5,2.118520167603308,1.9265154448440374,2.2984751294468295
