MDC_Number, CPU_capacity, RAM_capacity,disk_capacity
0,2.1154333371885694,2.4193141017509237,2.290449595099565
1,2.1154333371885694,2.4193141017509237,2.290449595099565
2,2.1154333371885694,2.4193141017509237,2.290449595099565
3,2.1154333371885694,2.4193141017509237,2.290449595099565
4,2.1154333371885694,2.4193141017509237,2.290449595099565
5,2.1154333371885694,2.4193141017509237,2.290449595099565
