MDC_Number, CPU_capacity, RAM_capacity,disk_capacity
0,2.296947997190139,2.2403576178382116,2.026892511696165
1,2.296947997190139,2.2403576178382116,2.026892511696165
2,2.296947997190139,2.2403576178382116,2.026892511696165
3,2.296947997190139,2.2403576178382116,2.026892511696165
4,2.296947997190139,2.2403576178382116,2.026892511696165
5,2.296947997190139,2.2403576178382116,2.026892511696165
