MDC_Number, CPU_capacity, RAM_capacity,disk_capacity
0,1.976455454823033,2.076986821827141,1.8666874211140037
1,1.976455454823033,2.076986821827141,1.8666874211140037
2,1.976455454823033,2.076986821827141,1.8666874211140037
3,1.976455454823033,2.076986821827141,1.8666874211140037
4,1.976455454823033,2.076986821827141,1.8666874211140037
5,1.976455454823033,2.076986821827141,1.8666874211140037
