MDC_Number, CPU_capacity, RAM_capacity,disk_capacity
0,2.094920569890762,2.305530431039577,2.011009443890528
1,2.094920569890762,2.305530431039577,2.011009443890528
2,2.094920569890762,2.305530431039577,2.011009443890528
3,2.094920569890762,2.305530431039577,2.011009443890528
4,2.094920569890762,2.305530431039577,2.011009443890528
5,2.094920569890762,2.305530431039577,2.011009443890528
