MDC_Number, CPU_capacity, RAM_capacity,disk_capacity
0,2.2310626053622364,2.2931892102106546,1.7414610276455138
1,2.2310626053622364,2.2931892102106546,1.7414610276455138
2,2.2310626053622364,2.2931892102106546,1.7414610276455138
3,2.2310626053622364,2.2931892102106546,1.7414610276455138
4,2.2310626053622364,2.2931892102106546,1.7414610276455138
5,2.2310626053622364,2.2931892102106546,1.7414610276455138
