MDC_Number, CPU_capacity, RAM_capacity,disk_capacity
0,2.2576946549775596,1.9193068257909127,2.137522899137162
1,2.2576946549775596,1.9193068257909127,2.137522899137162
2,2.2576946549775596,1.9193068257909127,2.137522899137162
3,2.2576946549775596,1.9193068257909127,2.137522899137162
4,2.2576946549775596,1.9193068257909127,2.137522899137162
5,2.2576946549775596,1.9193068257909127,2.137522899137162
