MDC_Number, CPU_capacity, RAM_capacity,disk_capacity
0,2.13711679535282,2.42009272182529,2.158570700716505
1,2.13711679535282,2.42009272182529,2.158570700716505
2,2.13711679535282,2.42009272182529,2.158570700716505
3,2.13711679535282,2.42009272182529,2.158570700716505
4,2.13711679535282,2.42009272182529,2.158570700716505
5,2.13711679535282,2.42009272182529,2.158570700716505
