MDC_Number, CPU_capacity, RAM_capacity,disk_capacity
0,2.148284754531208,1.9494057525571928,2.2984214393226137
1,2.148284754531208,1.9494057525571928,2.2984214393226137
2,2.148284754531208,1.9494057525571928,2.2984214393226137
3,2.148284754531208,1.9494057525571928,2.2984214393226137
4,2.148284754531208,1.9494057525571928,2.2984214393226137
5,2.148284754531208,1.9494057525571928,2.2984214393226137
