MDC_Number, CPU_capacity, RAM_capacity,disk_capacity
0,2.2737918255088316,1.9322047163362148,2.188346613685081
1,2.2737918255088316,1.9322047163362148,2.188346613685081
2,2.2737918255088316,1.9322047163362148,2.188346613685081
3,2.2737918255088316,1.9322047163362148,2.188346613685081
4,2.2737918255088316,1.9322047163362148,2.188346613685081
5,2.2737918255088316,1.9322047163362148,2.188346613685081
