MDC_Number, CPU_capacity, RAM_capacity,disk_capacity
0,1.977201557010927,1.9794910568898516,2.0078809855702544
1,1.977201557010927,1.9794910568898516,2.0078809855702544
2,1.977201557010927,1.9794910568898516,2.0078809855702544
3,1.977201557010927,1.9794910568898516,2.0078809855702544
4,1.977201557010927,1.9794910568898516,2.0078809855702544
5,1.977201557010927,1.9794910568898516,2.0078809855702544
