MDC_Number, CPU_capacity, RAM_capacity,disk_capacity
0,2.1162251962041747,1.960642643923702,2.0950381163763874
1,2.1162251962041747,1.960642643923702,2.0950381163763874
2,2.1162251962041747,1.960642643923702,2.0950381163763874
3,2.1162251962041747,1.960642643923702,2.0950381163763874
4,2.1162251962041747,1.960642643923702,2.0950381163763874
5,2.1162251962041747,1.960642643923702,2.0950381163763874
