MDC_Number, CPU_capacity, RAM_capacity,disk_capacity
0,2.112063985331133,2.505464706497003,2.448559088201201
1,2.112063985331133,2.505464706497003,2.448559088201201
2,2.112063985331133,2.505464706497003,2.448559088201201
3,2.112063985331133,2.505464706497003,2.448559088201201
4,2.112063985331133,2.505464706497003,2.448559088201201
5,2.112063985331133,2.505464706497003,2.448559088201201
