MDC_Number, CPU_capacity, RAM_capacity,disk_capacity
0,2.407965534063829,1.9953033978710482,2.3059563991942813
1,2.407965534063829,1.9953033978710482,2.3059563991942813
2,2.407965534063829,1.9953033978710482,2.3059563991942813
3,2.407965534063829,1.9953033978710482,2.3059563991942813
4,2.407965534063829,1.9953033978710482,2.3059563991942813
5,2.407965534063829,1.9953033978710482,2.3059563991942813
