MDC_Number, CPU_capacity, RAM_capacity,disk_capacity
0,1.9512056967907128,2.0290496039401575,2.258247575900723
1,1.9512056967907128,2.0290496039401575,2.258247575900723
2,1.9512056967907128,2.0290496039401575,2.258247575900723
3,1.9512056967907128,2.0290496039401575,2.258247575900723
4,1.9512056967907128,2.0290496039401575,2.258247575900723
5,1.9512056967907128,2.0290496039401575,2.258247575900723
