MDC_Number, CPU_capacity, RAM_capacity,disk_capacity
0,2.337185331989645,2.0489077105144284,2.0101318298036737
1,2.337185331989645,2.0489077105144284,2.0101318298036737
2,2.337185331989645,2.0489077105144284,2.0101318298036737
3,2.337185331989645,2.0489077105144284,2.0101318298036737
4,2.337185331989645,2.0489077105144284,2.0101318298036737
5,2.337185331989645,2.0489077105144284,2.0101318298036737
