MDC_Number, CPU_capacity, RAM_capacity,disk_capacity
0,2.1857002327552615,1.9135779292510888,2.3550358952222896
1,2.1857002327552615,1.9135779292510888,2.3550358952222896
2,2.1857002327552615,1.9135779292510888,2.3550358952222896
3,2.1857002327552615,1.9135779292510888,2.3550358952222896
4,2.1857002327552615,1.9135779292510888,2.3550358952222896
5,2.1857002327552615,1.9135779292510888,2.3550358952222896
