MDC_Number, CPU_capacity, RAM_capacity,disk_capacity
0,2.267585771913989,1.9253321535613186,2.2299586576721553
1,2.267585771913989,1.9253321535613186,2.2299586576721553
2,2.267585771913989,1.9253321535613186,2.2299586576721553
3,2.267585771913989,1.9253321535613186,2.2299586576721553
4,2.267585771913989,1.9253321535613186,2.2299586576721553
5,2.267585771913989,1.9253321535613186,2.2299586576721553
