MDC_Number, CPU_capacity, RAM_capacity,disk_capacity
0,2.0744232734087658,2.0504271838396555,1.9194259525198154
1,2.0744232734087658,2.0504271838396555,1.9194259525198154
2,2.0744232734087658,2.0504271838396555,1.9194259525198154
3,2.0744232734087658,2.0504271838396555,1.9194259525198154
4,2.0744232734087658,2.0504271838396555,1.9194259525198154
5,2.0744232734087658,2.0504271838396555,1.9194259525198154
