MDC_Number, CPU_capacity, RAM_capacity,disk_capacity
0,2.297787470001342,2.2601106650541762,2.175139420982906
1,2.297787470001342,2.2601106650541762,2.175139420982906
2,2.297787470001342,2.2601106650541762,2.175139420982906
3,2.297787470001342,2.2601106650541762,2.175139420982906
4,2.297787470001342,2.2601106650541762,2.175139420982906
5,2.297787470001342,2.2601106650541762,2.175139420982906
