MDC_Number, CPU_capacity, RAM_capacity,disk_capacity
0,2.026827279261802,2.1669657156052726,2.188173935067505
1,2.026827279261802,2.1669657156052726,2.188173935067505
2,2.026827279261802,2.1669657156052726,2.188173935067505
3,2.026827279261802,2.1669657156052726,2.188173935067505
4,2.026827279261802,2.1669657156052726,2.188173935067505
5,2.026827279261802,2.1669657156052726,2.188173935067505
