MDC_Number, CPU_capacity, RAM_capacity,disk_capacity
0,2.3718839963736387,2.1984937751712446,2.314974449012532
1,2.3718839963736387,2.1984937751712446,2.314974449012532
2,2.3718839963736387,2.1984937751712446,2.314974449012532
3,2.3718839963736387,2.1984937751712446,2.314974449012532
4,2.3718839963736387,2.1984937751712446,2.314974449012532
5,2.3718839963736387,2.1984937751712446,2.314974449012532
