MDC_Number, CPU_capacity, RAM_capacity,disk_capacity
0,2.1044789152956302,2.2366359012068933,2.1124944330047954
1,2.1044789152956302,2.2366359012068933,2.1124944330047954
2,2.1044789152956302,2.2366359012068933,2.1124944330047954
3,2.1044789152956302,2.2366359012068933,2.1124944330047954
4,2.1044789152956302,2.2366359012068933,2.1124944330047954
5,2.1044789152956302,2.2366359012068933,2.1124944330047954
