MDC_Number, CPU_capacity, RAM_capacity,disk_capacity
0,2.084034563103767,2.7193685732472823,1.8588760184776911
1,2.084034563103767,2.7193685732472823,1.8588760184776911
2,2.084034563103767,2.7193685732472823,1.8588760184776911
3,2.084034563103767,2.7193685732472823,1.8588760184776911
4,2.084034563103767,2.7193685732472823,1.8588760184776911
5,2.084034563103767,2.7193685732472823,1.8588760184776911
