MDC_Number, CPU_capacity, RAM_capacity,disk_capacity
0,1.9310900855636985,2.062388051279988,1.9475348743238092
1,1.9310900855636985,2.062388051279988,1.9475348743238092
2,1.9310900855636985,2.062388051279988,1.9475348743238092
3,1.9310900855636985,2.062388051279988,1.9475348743238092
4,1.9310900855636985,2.062388051279988,1.9475348743238092
5,1.9310900855636985,2.062388051279988,1.9475348743238092
