MDC_Number, CPU_capacity, RAM_capacity,disk_capacity
0,2.24264950269658,2.412973733899793,2.395826149126423
1,2.24264950269658,2.412973733899793,2.395826149126423
2,2.24264950269658,2.412973733899793,2.395826149126423
3,2.24264950269658,2.412973733899793,2.395826149126423
4,2.24264950269658,2.412973733899793,2.395826149126423
5,2.24264950269658,2.412973733899793,2.395826149126423
