MDC_Number, CPU_capacity, RAM_capacity,disk_capacity
0,1.7244829155322545,1.8688947209685889,2.5155215100624067
1,1.7244829155322545,1.8688947209685889,2.5155215100624067
2,1.7244829155322545,1.8688947209685889,2.5155215100624067
3,1.7244829155322545,1.8688947209685889,2.5155215100624067
4,1.7244829155322545,1.8688947209685889,2.5155215100624067
5,1.7244829155322545,1.8688947209685889,2.5155215100624067
