MDC_Number, CPU_capacity, RAM_capacity,disk_capacity
0,2.378275537506324,2.0429450516090712,1.7950629346469442
1,2.378275537506324,2.0429450516090712,1.7950629346469442
2,2.378275537506324,2.0429450516090712,1.7950629346469442
3,2.378275537506324,2.0429450516090712,1.7950629346469442
4,2.378275537506324,2.0429450516090712,1.7950629346469442
5,2.378275537506324,2.0429450516090712,1.7950629346469442
