MDC_Number, CPU_capacity, RAM_capacity,disk_capacity
0,2.318929452452343,1.9497628171038413,2.1694695453810176
1,2.318929452452343,1.9497628171038413,2.1694695453810176
2,2.318929452452343,1.9497628171038413,2.1694695453810176
3,2.318929452452343,1.9497628171038413,2.1694695453810176
4,2.318929452452343,1.9497628171038413,2.1694695453810176
5,2.318929452452343,1.9497628171038413,2.1694695453810176
