MDC_Number, CPU_capacity, RAM_capacity,disk_capacity
0,2.1228344719970105,1.8756387239103824,1.9142348319721096
1,2.1228344719970105,1.8756387239103824,1.9142348319721096
2,2.1228344719970105,1.8756387239103824,1.9142348319721096
3,2.1228344719970105,1.8756387239103824,1.9142348319721096
4,2.1228344719970105,1.8756387239103824,1.9142348319721096
5,2.1228344719970105,1.8756387239103824,1.9142348319721096
