MDC_Number, CPU_capacity, RAM_capacity,disk_capacity
0,2.1605909122177063,1.9839854684447593,1.9059437911708066
1,2.1605909122177063,1.9839854684447593,1.9059437911708066
2,2.1605909122177063,1.9839854684447593,1.9059437911708066
3,2.1605909122177063,1.9839854684447593,1.9059437911708066
4,2.1605909122177063,1.9839854684447593,1.9059437911708066
5,2.1605909122177063,1.9839854684447593,1.9059437911708066
