MDC_Number, CPU_capacity, RAM_capacity,disk_capacity
0,2.0067210317426345,2.4636763615260393,1.8850224427670879
1,2.0067210317426345,2.4636763615260393,1.8850224427670879
2,2.0067210317426345,2.4636763615260393,1.8850224427670879
3,2.0067210317426345,2.4636763615260393,1.8850224427670879
4,2.0067210317426345,2.4636763615260393,1.8850224427670879
5,2.0067210317426345,2.4636763615260393,1.8850224427670879
