MDC_Number, CPU_capacity, RAM_capacity,disk_capacity
0,2.2196996876926423,2.148257412681657,2.282283094606132
1,2.2196996876926423,2.148257412681657,2.282283094606132
2,2.2196996876926423,2.148257412681657,2.282283094606132
3,2.2196996876926423,2.148257412681657,2.282283094606132
4,2.2196996876926423,2.148257412681657,2.282283094606132
5,2.2196996876926423,2.148257412681657,2.282283094606132
