MDC_Number, CPU_capacity, RAM_capacity,disk_capacity
0,2.207015933522412,1.920808967122575,2.148523895888538
1,2.207015933522412,1.920808967122575,2.148523895888538
2,2.207015933522412,1.920808967122575,2.148523895888538
3,2.207015933522412,1.920808967122575,2.148523895888538
4,2.207015933522412,1.920808967122575,2.148523895888538
5,2.207015933522412,1.920808967122575,2.148523895888538
