MDC_Number, CPU_capacity, RAM_capacity,disk_capacity
0,2.2172390603783008,2.148938458161432,2.269548476261211
1,2.2172390603783008,2.148938458161432,2.269548476261211
2,2.2172390603783008,2.148938458161432,2.269548476261211
3,2.2172390603783008,2.148938458161432,2.269548476261211
4,2.2172390603783008,2.148938458161432,2.269548476261211
5,2.2172390603783008,2.148938458161432,2.269548476261211
