MDC_Number, CPU_capacity, RAM_capacity,disk_capacity
0,2.304262540317699,2.051497080803158,2.1702724802433537
1,2.304262540317699,2.051497080803158,2.1702724802433537
2,2.304262540317699,2.051497080803158,2.1702724802433537
3,2.304262540317699,2.051497080803158,2.1702724802433537
4,2.304262540317699,2.051497080803158,2.1702724802433537
5,2.304262540317699,2.051497080803158,2.1702724802433537
