MDC_Number, CPU_capacity, RAM_capacity,disk_capacity
0,2.0510423797048376,2.3438882219254755,2.3024623128629913
1,2.0510423797048376,2.3438882219254755,2.3024623128629913
2,2.0510423797048376,2.3438882219254755,2.3024623128629913
3,2.0510423797048376,2.3438882219254755,2.3024623128629913
4,2.0510423797048376,2.3438882219254755,2.3024623128629913
5,2.0510423797048376,2.3438882219254755,2.3024623128629913
