MDC_Number, CPU_capacity, RAM_capacity,disk_capacity
0,2.0523597725577045,1.9433706710590084,1.9375472020403912
1,2.0523597725577045,1.9433706710590084,1.9375472020403912
2,2.0523597725577045,1.9433706710590084,1.9375472020403912
3,2.0523597725577045,1.9433706710590084,1.9375472020403912
4,2.0523597725577045,1.9433706710590084,1.9375472020403912
5,2.0523597725577045,1.9433706710590084,1.9375472020403912
