MDC_Number, CPU_capacity, RAM_capacity,disk_capacity
0,2.6297702675802763,2.2814179545971265,2.266882591887129
1,2.6297702675802763,2.2814179545971265,2.266882591887129
2,2.6297702675802763,2.2814179545971265,2.266882591887129
3,2.6297702675802763,2.2814179545971265,2.266882591887129
4,2.6297702675802763,2.2814179545971265,2.266882591887129
5,2.6297702675802763,2.2814179545971265,2.266882591887129
