MDC_Number, CPU_capacity, RAM_capacity,disk_capacity
0,2.2071988736767376,2.1187111521751794,2.088379444120976
1,2.2071988736767376,2.1187111521751794,2.088379444120976
2,2.2071988736767376,2.1187111521751794,2.088379444120976
3,2.2071988736767376,2.1187111521751794,2.088379444120976
4,2.2071988736767376,2.1187111521751794,2.088379444120976
5,2.2071988736767376,2.1187111521751794,2.088379444120976
