MDC_Number, CPU_capacity, RAM_capacity,disk_capacity
0,2.358611443106018,2.304469426347499,1.9703223198411763
1,2.358611443106018,2.304469426347499,1.9703223198411763
2,2.358611443106018,2.304469426347499,1.9703223198411763
3,2.358611443106018,2.304469426347499,1.9703223198411763
4,2.358611443106018,2.304469426347499,1.9703223198411763
5,2.358611443106018,2.304469426347499,1.9703223198411763
