MDC_Number, CPU_capacity, RAM_capacity,disk_capacity
0,2.420957116708873,2.203141277568909,2.1757441233967967
1,2.420957116708873,2.203141277568909,2.1757441233967967
2,2.420957116708873,2.203141277568909,2.1757441233967967
3,2.420957116708873,2.203141277568909,2.1757441233967967
4,2.420957116708873,2.203141277568909,2.1757441233967967
5,2.420957116708873,2.203141277568909,2.1757441233967967
