MDC_Number, CPU_capacity, RAM_capacity,disk_capacity
0,2.206527365966197,2.196726614165963,1.8062456275247492
1,2.206527365966197,2.196726614165963,1.8062456275247492
2,2.206527365966197,2.196726614165963,1.8062456275247492
3,2.206527365966197,2.196726614165963,1.8062456275247492
4,2.206527365966197,2.196726614165963,1.8062456275247492
5,2.206527365966197,2.196726614165963,1.8062456275247492
