MDC_Number, CPU_capacity, RAM_capacity,disk_capacity
0,2.2945723438434134,2.276857421834443,2.2093970786993937
1,2.2945723438434134,2.276857421834443,2.2093970786993937
2,2.2945723438434134,2.276857421834443,2.2093970786993937
3,2.2945723438434134,2.276857421834443,2.2093970786993937
4,2.2945723438434134,2.276857421834443,2.2093970786993937
5,2.2945723438434134,2.276857421834443,2.2093970786993937
