MDC_Number, CPU_capacity, RAM_capacity,disk_capacity
0,2.2532924673345995,2.1901696092782945,2.5326204992241417
1,2.2532924673345995,2.1901696092782945,2.5326204992241417
2,2.2532924673345995,2.1901696092782945,2.5326204992241417
3,2.2532924673345995,2.1901696092782945,2.5326204992241417
4,2.2532924673345995,2.1901696092782945,2.5326204992241417
5,2.2532924673345995,2.1901696092782945,2.5326204992241417
