MDC_Number, CPU_capacity, RAM_capacity,disk_capacity
0,1.9901298303089403,1.8485232157576046,2.3283692823418574
1,1.9901298303089403,1.8485232157576046,2.3283692823418574
2,1.9901298303089403,1.8485232157576046,2.3283692823418574
3,1.9901298303089403,1.8485232157576046,2.3283692823418574
4,1.9901298303089403,1.8485232157576046,2.3283692823418574
5,1.9901298303089403,1.8485232157576046,2.3283692823418574
