MDC_Number, CPU_capacity, RAM_capacity,disk_capacity
0,2.2834715891523927,2.2024762507845916,2.0680391778723592
1,2.2834715891523927,2.2024762507845916,2.0680391778723592
2,2.2834715891523927,2.2024762507845916,2.0680391778723592
3,2.2834715891523927,2.2024762507845916,2.0680391778723592
4,2.2834715891523927,2.2024762507845916,2.0680391778723592
5,2.2834715891523927,2.2024762507845916,2.0680391778723592
