MDC_Number, CPU_capacity, RAM_capacity,disk_capacity
0,2.110924652461177,2.2931011340178915,2.0376203302648013
1,2.110924652461177,2.2931011340178915,2.0376203302648013
2,2.110924652461177,2.2931011340178915,2.0376203302648013
3,2.110924652461177,2.2931011340178915,2.0376203302648013
4,2.110924652461177,2.2931011340178915,2.0376203302648013
5,2.110924652461177,2.2931011340178915,2.0376203302648013
