MDC_Number, CPU_capacity, RAM_capacity,disk_capacity
0,2.1992280212396405,2.660477292713255,1.941975748476013
1,2.1992280212396405,2.660477292713255,1.941975748476013
2,2.1992280212396405,2.660477292713255,1.941975748476013
3,2.1992280212396405,2.660477292713255,1.941975748476013
4,2.1992280212396405,2.660477292713255,1.941975748476013
5,2.1992280212396405,2.660477292713255,1.941975748476013
