MDC_Number, CPU_capacity, RAM_capacity,disk_capacity
0,2.6737393716094555,1.8959676016789906,2.328628895388838
1,2.6737393716094555,1.8959676016789906,2.328628895388838
2,2.6737393716094555,1.8959676016789906,2.328628895388838
3,2.6737393716094555,1.8959676016789906,2.328628895388838
4,2.6737393716094555,1.8959676016789906,2.328628895388838
5,2.6737393716094555,1.8959676016789906,2.328628895388838
