MDC_Number, CPU_capacity, RAM_capacity,disk_capacity
0,1.943854734476748,1.8764223121764696,2.0888904665012524
1,1.943854734476748,1.8764223121764696,2.0888904665012524
2,1.943854734476748,1.8764223121764696,2.0888904665012524
3,1.943854734476748,1.8764223121764696,2.0888904665012524
4,1.943854734476748,1.8764223121764696,2.0888904665012524
5,1.943854734476748,1.8764223121764696,2.0888904665012524
