MDC_Number, CPU_capacity, RAM_capacity,disk_capacity
0,2.0786501420512953,2.288002963208018,2.405845916572034
1,2.0786501420512953,2.288002963208018,2.405845916572034
2,2.0786501420512953,2.288002963208018,2.405845916572034
3,2.0786501420512953,2.288002963208018,2.405845916572034
4,2.0786501420512953,2.288002963208018,2.405845916572034
5,2.0786501420512953,2.288002963208018,2.405845916572034
