MDC_Number, CPU_capacity, RAM_capacity,disk_capacity
0,2.0749661428646426,2.516419378892187,2.454570815549827
1,2.0749661428646426,2.516419378892187,2.454570815549827
2,2.0749661428646426,2.516419378892187,2.454570815549827
3,2.0749661428646426,2.516419378892187,2.454570815549827
4,2.0749661428646426,2.516419378892187,2.454570815549827
5,2.0749661428646426,2.516419378892187,2.454570815549827
