MDC_Number, CPU_capacity, RAM_capacity,disk_capacity
0,1.9079236196971376,1.9333406925034613,1.8832464175442727
1,1.9079236196971376,1.9333406925034613,1.8832464175442727
2,1.9079236196971376,1.9333406925034613,1.8832464175442727
3,1.9079236196971376,1.9333406925034613,1.8832464175442727
4,1.9079236196971376,1.9333406925034613,1.8832464175442727
5,1.9079236196971376,1.9333406925034613,1.8832464175442727
