MDC_Number, CPU_capacity, RAM_capacity,disk_capacity
0,2.255895968485321,1.9600106495595744,2.489525329411201
1,2.255895968485321,1.9600106495595744,2.489525329411201
2,2.255895968485321,1.9600106495595744,2.489525329411201
3,2.255895968485321,1.9600106495595744,2.489525329411201
4,2.255895968485321,1.9600106495595744,2.489525329411201
5,2.255895968485321,1.9600106495595744,2.489525329411201
