MDC_Number, CPU_capacity, RAM_capacity,disk_capacity
0,2.302835378837559,2.196822240919684,2.2195083796183415
1,2.302835378837559,2.196822240919684,2.2195083796183415
2,2.302835378837559,2.196822240919684,2.2195083796183415
3,2.302835378837559,2.196822240919684,2.2195083796183415
4,2.302835378837559,2.196822240919684,2.2195083796183415
5,2.302835378837559,2.196822240919684,2.2195083796183415
