MDC_Number, CPU_capacity, RAM_capacity,disk_capacity
0,1.842327889885227,2.0100618976486553,2.2853359029387668
1,1.842327889885227,2.0100618976486553,2.2853359029387668
2,1.842327889885227,2.0100618976486553,2.2853359029387668
3,1.842327889885227,2.0100618976486553,2.2853359029387668
4,1.842327889885227,2.0100618976486553,2.2853359029387668
5,1.842327889885227,2.0100618976486553,2.2853359029387668
