MDC_Number, CPU_capacity, RAM_capacity,disk_capacity
0,2.2879045728789116,2.4846468241623256,2.18818217482554
1,2.2879045728789116,2.4846468241623256,2.18818217482554
2,2.2879045728789116,2.4846468241623256,2.18818217482554
3,2.2879045728789116,2.4846468241623256,2.18818217482554
4,2.2879045728789116,2.4846468241623256,2.18818217482554
5,2.2879045728789116,2.4846468241623256,2.18818217482554
