MDC_Number, CPU_capacity, RAM_capacity,disk_capacity
0,2.1336357319245463,2.1288157914939054,2.1585658751758205
1,2.1336357319245463,2.1288157914939054,2.1585658751758205
2,2.1336357319245463,2.1288157914939054,2.1585658751758205
3,2.1336357319245463,2.1288157914939054,2.1585658751758205
4,2.1336357319245463,2.1288157914939054,2.1585658751758205
5,2.1336357319245463,2.1288157914939054,2.1585658751758205
