MDC_Number, CPU_capacity, RAM_capacity,disk_capacity
0,2.0572329447722533,2.0388166644175123,1.6421879114122646
1,2.0572329447722533,2.0388166644175123,1.6421879114122646
2,2.0572329447722533,2.0388166644175123,1.6421879114122646
3,2.0572329447722533,2.0388166644175123,1.6421879114122646
4,2.0572329447722533,2.0388166644175123,1.6421879114122646
5,2.0572329447722533,2.0388166644175123,1.6421879114122646
