MDC_Number,CPU_cost,RAM_cost,disk_cost
0,0.8246337761593157,0.7425030475952175,0.8702964608305601
1,0.5502135970083627,0.9881940703207683,0.7041499343161313
2,0.6449988673103282,0.6137682915898905,0.9625247730533522
3,0.6489554251833424,0.7343431882843781,0.5042600677556133
4,0.8722699125463527,0.5588385195923395,0.56072482450037
5,0.545291352699296,0.5535125353079939,0.6724892260360603
