MDC_Number, CPU_capacity, RAM_capacity,disk_capacity
0,1.853184633929452,2.099404467170398,2.063524648167471
1,1.853184633929452,2.099404467170398,2.063524648167471
2,1.853184633929452,2.099404467170398,2.063524648167471
3,1.853184633929452,2.099404467170398,2.063524648167471
4,1.853184633929452,2.099404467170398,2.063524648167471
5,1.853184633929452,2.099404467170398,2.063524648167471
