MDC_Number, CPU_capacity, RAM_capacity,disk_capacity
0,2.177198051266409,2.1769736690996804,2.30745840687045
1,2.177198051266409,2.1769736690996804,2.30745840687045
2,2.177198051266409,2.1769736690996804,2.30745840687045
3,2.177198051266409,2.1769736690996804,2.30745840687045
4,2.177198051266409,2.1769736690996804,2.30745840687045
5,2.177198051266409,2.1769736690996804,2.30745840687045
