MDC_Number, CPU_capacity, RAM_capacity,disk_capacity
0,2.192149007003071,1.6164249942136466,2.5428133925903147
1,2.192149007003071,1.6164249942136466,2.5428133925903147
2,2.192149007003071,1.6164249942136466,2.5428133925903147
3,2.192149007003071,1.6164249942136466,2.5428133925903147
4,2.192149007003071,1.6164249942136466,2.5428133925903147
5,2.192149007003071,1.6164249942136466,2.5428133925903147
