MDC_Number, CPU_capacity, RAM_capacity,disk_capacity
0,1.9612843289861148,1.9549382639689086,2.2844358428587923
1,1.9612843289861148,1.9549382639689086,2.2844358428587923
2,1.9612843289861148,1.9549382639689086,2.2844358428587923
3,1.9612843289861148,1.9549382639689086,2.2844358428587923
4,1.9612843289861148,1.9549382639689086,2.2844358428587923
5,1.9612843289861148,1.9549382639689086,2.2844358428587923
