MDC_Number, CPU_capacity, RAM_capacity,disk_capacity
0,1.8545674946080666,1.997798090381582,1.8496322132385197
1,1.8545674946080666,1.997798090381582,1.8496322132385197
2,1.8545674946080666,1.997798090381582,1.8496322132385197
3,1.8545674946080666,1.997798090381582,1.8496322132385197
4,1.8545674946080666,1.997798090381582,1.8496322132385197
5,1.8545674946080666,1.997798090381582,1.8496322132385197
