MDC_Number, CPU_capacity, RAM_capacity,disk_capacity
0,2.4831823997026956,2.097871972150754,2.253222348493945
1,2.4831823997026956,2.097871972150754,2.253222348493945
2,2.4831823997026956,2.097871972150754,2.253222348493945
3,2.4831823997026956,2.097871972150754,2.253222348493945
4,2.4831823997026956,2.097871972150754,2.253222348493945
5,2.4831823997026956,2.097871972150754,2.253222348493945
