MDC_Number, CPU_capacity, RAM_capacity,disk_capacity
0,2.1065594486480497,1.9231118446880926,1.8911782759095892
1,2.1065594486480497,1.9231118446880926,1.8911782759095892
2,2.1065594486480497,1.9231118446880926,1.8911782759095892
3,2.1065594486480497,1.9231118446880926,1.8911782759095892
4,2.1065594486480497,1.9231118446880926,1.8911782759095892
5,2.1065594486480497,1.9231118446880926,1.8911782759095892
