MDC_Number, CPU_capacity, RAM_capacity,disk_capacity
0,2.2947816465906965,1.8941352307633117,2.1011140096161185
1,2.2947816465906965,1.8941352307633117,2.1011140096161185
2,2.2947816465906965,1.8941352307633117,2.1011140096161185
3,2.2947816465906965,1.8941352307633117,2.1011140096161185
4,2.2947816465906965,1.8941352307633117,2.1011140096161185
5,2.2947816465906965,1.8941352307633117,2.1011140096161185
