MDC_Number, CPU_capacity, RAM_capacity,disk_capacity
0,2.1662344151565756,2.043936447404537,2.0881522949622777
1,2.1662344151565756,2.043936447404537,2.0881522949622777
2,2.1662344151565756,2.043936447404537,2.0881522949622777
3,2.1662344151565756,2.043936447404537,2.0881522949622777
4,2.1662344151565756,2.043936447404537,2.0881522949622777
5,2.1662344151565756,2.043936447404537,2.0881522949622777
