MDC_Number,CPU_cost,RAM_cost,disk_cost
0,0.8994444398285728,0.7551601393336856,0.7732914525799673
1,0.842483182519413,0.8535262610345665,0.8175465628661486
2,0.9773360581482522,0.5414527559027087,0.5145684368362582
3,0.8171342142684658,0.9487397224029943,0.6612289818470926
4,0.5001776669495583,0.8978672792606093,0.9778830463905288
5,0.8087923156567245,0.6887294094021768,0.5165155781463344
