MDC_Number, CPU_capacity, RAM_capacity,disk_capacity
0,2.332778229109961,2.06213079166222,1.900597523016761
1,2.332778229109961,2.06213079166222,1.900597523016761
2,2.332778229109961,2.06213079166222,1.900597523016761
3,2.332778229109961,2.06213079166222,1.900597523016761
4,2.332778229109961,2.06213079166222,1.900597523016761
5,2.332778229109961,2.06213079166222,1.900597523016761
