MDC_Number, CPU_capacity, RAM_capacity,disk_capacity
0,2.1444353191212726,2.049529208993179,1.94552141548242
1,2.1444353191212726,2.049529208993179,1.94552141548242
2,2.1444353191212726,2.049529208993179,1.94552141548242
3,2.1444353191212726,2.049529208993179,1.94552141548242
4,2.1444353191212726,2.049529208993179,1.94552141548242
5,2.1444353191212726,2.049529208993179,1.94552141548242
