MDC_Number, CPU_capacity, RAM_capacity,disk_capacity
0,2.08758354438063,2.020816828867094,1.8822500386720673
1,2.08758354438063,2.020816828867094,1.8822500386720673
2,2.08758354438063,2.020816828867094,1.8822500386720673
3,2.08758354438063,2.020816828867094,1.8822500386720673
4,2.08758354438063,2.020816828867094,1.8822500386720673
5,2.08758354438063,2.020816828867094,1.8822500386720673
