MDC_Number, CPU_capacity, RAM_capacity,disk_capacity
0,2.4536310335941596,2.0054326123681334,1.9129462905214225
1,2.4536310335941596,2.0054326123681334,1.9129462905214225
2,2.4536310335941596,2.0054326123681334,1.9129462905214225
3,2.4536310335941596,2.0054326123681334,1.9129462905214225
4,2.4536310335941596,2.0054326123681334,1.9129462905214225
5,2.4536310335941596,2.0054326123681334,1.9129462905214225
