MDC_Number, CPU_capacity, RAM_capacity,disk_capacity
0,1.9678596235356702,2.3668092082227257,2.207406806942916
1,1.9678596235356702,2.3668092082227257,2.207406806942916
2,1.9678596235356702,2.3668092082227257,2.207406806942916
3,1.9678596235356702,2.3668092082227257,2.207406806942916
4,1.9678596235356702,2.3668092082227257,2.207406806942916
5,1.9678596235356702,2.3668092082227257,2.207406806942916
