MDC_Number, CPU_capacity, RAM_capacity,disk_capacity
0,2.2033439108640924,1.565130020900333,2.549932708079519
1,2.2033439108640924,1.565130020900333,2.549932708079519
2,2.2033439108640924,1.565130020900333,2.549932708079519
3,2.2033439108640924,1.565130020900333,2.549932708079519
4,2.2033439108640924,1.565130020900333,2.549932708079519
5,2.2033439108640924,1.565130020900333,2.549932708079519
