MDC_Number,CPU_cost,RAM_cost,disk_cost
0,0.5799425381546907,0.5815431027167655,0.9681437271689795
1,0.5183486851897157,0.8709303870443954,0.622936003514724
2,0.7598313983481289,0.5071313861130538,0.7809083725114732
3,0.8289901202853028,0.6733047272671455,0.719616673161394
4,0.6207764983438502,0.753066954670698,0.7037319197279088
5,0.9588919020783515,0.8334680842131665,0.8707064631699507
