MDC_Number, CPU_capacity, RAM_capacity,disk_capacity
0,2.342845980324142,2.068154052334227,2.2133469199413645
1,2.342845980324142,2.068154052334227,2.2133469199413645
2,2.342845980324142,2.068154052334227,2.2133469199413645
3,2.342845980324142,2.068154052334227,2.2133469199413645
4,2.342845980324142,2.068154052334227,2.2133469199413645
5,2.342845980324142,2.068154052334227,2.2133469199413645
