MDC_Number, CPU_capacity, RAM_capacity,disk_capacity
0,2.412264545762147,2.044666977473991,2.0625693868609427
1,2.412264545762147,2.044666977473991,2.0625693868609427
2,2.412264545762147,2.044666977473991,2.0625693868609427
3,2.412264545762147,2.044666977473991,2.0625693868609427
4,2.412264545762147,2.044666977473991,2.0625693868609427
5,2.412264545762147,2.044666977473991,2.0625693868609427
