MDC_Number, CPU_capacity, RAM_capacity,disk_capacity
0,2.3264925932263907,2.2894763022376075,2.221162205696704
1,2.3264925932263907,2.2894763022376075,2.221162205696704
2,2.3264925932263907,2.2894763022376075,2.221162205696704
3,2.3264925932263907,2.2894763022376075,2.221162205696704
4,2.3264925932263907,2.2894763022376075,2.221162205696704
5,2.3264925932263907,2.2894763022376075,2.221162205696704
