MDC_Number, CPU_capacity, RAM_capacity,disk_capacity
0,2.246554395833129,1.9139433943639785,2.5593129137169464
1,2.246554395833129,1.9139433943639785,2.5593129137169464
2,2.246554395833129,1.9139433943639785,2.5593129137169464
3,2.246554395833129,1.9139433943639785,2.5593129137169464
4,2.246554395833129,1.9139433943639785,2.5593129137169464
5,2.246554395833129,1.9139433943639785,2.5593129137169464
