MDC_Number, CPU_capacity, RAM_capacity,disk_capacity
0,2.090516970657729,2.1417923356855764,2.325776981858215
1,2.090516970657729,2.1417923356855764,2.325776981858215
2,2.090516970657729,2.1417923356855764,2.325776981858215
3,2.090516970657729,2.1417923356855764,2.325776981858215
4,2.090516970657729,2.1417923356855764,2.325776981858215
5,2.090516970657729,2.1417923356855764,2.325776981858215
