MDC_Number, CPU_capacity, RAM_capacity,disk_capacity
0,1.891398676158551,2.1038123568008094,2.493760377800824
1,1.891398676158551,2.1038123568008094,2.493760377800824
2,1.891398676158551,2.1038123568008094,2.493760377800824
3,1.891398676158551,2.1038123568008094,2.493760377800824
4,1.891398676158551,2.1038123568008094,2.493760377800824
5,1.891398676158551,2.1038123568008094,2.493760377800824
