MDC_Number, CPU_capacity, RAM_capacity,disk_capacity
0,2.4381058479220283,2.165214581789336,2.0609910557372246
1,2.4381058479220283,2.165214581789336,2.0609910557372246
2,2.4381058479220283,2.165214581789336,2.0609910557372246
3,2.4381058479220283,2.165214581789336,2.0609910557372246
4,2.4381058479220283,2.165214581789336,2.0609910557372246
5,2.4381058479220283,2.165214581789336,2.0609910557372246
