MDC_Number, CPU_capacity, RAM_capacity,disk_capacity
0,3.257653842797101,3.6039408592247004,4.081313753589252
1,3.257653842797101,3.6039408592247004,4.081313753589252
2,3.257653842797101,3.6039408592247004,4.081313753589252
3,3.257653842797101,3.6039408592247004,4.081313753589252
4,3.257653842797101,3.6039408592247004,4.081313753589252
5,3.257653842797101,3.6039408592247004,4.081313753589252
