MDC_Number, CPU_capacity, RAM_capacity,disk_capacity
0,3.703019300590056,3.6698699959515224,2.955938240542076
1,3.703019300590056,3.6698699959515224,2.955938240542076
2,3.703019300590056,3.6698699959515224,2.955938240542076
3,3.703019300590056,3.6698699959515224,2.955938240542076
4,3.703019300590056,3.6698699959515224,2.955938240542076
5,3.703019300590056,3.6698699959515224,2.955938240542076
