MDC_Number, CPU_capacity, RAM_capacity,disk_capacity
0,3.5303117921750067,3.5188888751440355,4.111984517145826
1,3.5303117921750067,3.5188888751440355,4.111984517145826
2,3.5303117921750067,3.5188888751440355,4.111984517145826
3,3.5303117921750067,3.5188888751440355,4.111984517145826
4,3.5303117921750067,3.5188888751440355,4.111984517145826
5,3.5303117921750067,3.5188888751440355,4.111984517145826
