MDC_Number, CPU_capacity, RAM_capacity,disk_capacity
0,3.721717719010636,3.3056975836111606,4.337082017252339
1,3.721717719010636,3.3056975836111606,4.337082017252339
2,3.721717719010636,3.3056975836111606,4.337082017252339
3,3.721717719010636,3.3056975836111606,4.337082017252339
4,3.721717719010636,3.3056975836111606,4.337082017252339
5,3.721717719010636,3.3056975836111606,4.337082017252339
