MDC_Number, CPU_capacity, RAM_capacity,disk_capacity
0,3.5296427393547907,3.6520721129634426,4.234216220193994
1,3.5296427393547907,3.6520721129634426,4.234216220193994
2,3.5296427393547907,3.6520721129634426,4.234216220193994
3,3.5296427393547907,3.6520721129634426,4.234216220193994
4,3.5296427393547907,3.6520721129634426,4.234216220193994
5,3.5296427393547907,3.6520721129634426,4.234216220193994
