MDC_Number, CPU_capacity, RAM_capacity,disk_capacity
0,4.174073014414217,3.509573070786914,3.9050451816858316
1,4.174073014414217,3.509573070786914,3.9050451816858316
2,4.174073014414217,3.509573070786914,3.9050451816858316
3,4.174073014414217,3.509573070786914,3.9050451816858316
4,4.174073014414217,3.509573070786914,3.9050451816858316
5,4.174073014414217,3.509573070786914,3.9050451816858316
