MDC_Number, CPU_capacity, RAM_capacity,disk_capacity
0,3.710189490550504,3.8538982797063452,4.059904884909428
1,3.710189490550504,3.8538982797063452,4.059904884909428
2,3.710189490550504,3.8538982797063452,4.059904884909428
3,3.710189490550504,3.8538982797063452,4.059904884909428
4,3.710189490550504,3.8538982797063452,4.059904884909428
5,3.710189490550504,3.8538982797063452,4.059904884909428
