MDC_Number, CPU_capacity, RAM_capacity,disk_capacity
0,3.316190201793409,3.6181114157675798,4.11360462528978
1,3.316190201793409,3.6181114157675798,4.11360462528978
2,3.316190201793409,3.6181114157675798,4.11360462528978
3,3.316190201793409,3.6181114157675798,4.11360462528978
4,3.316190201793409,3.6181114157675798,4.11360462528978
5,3.316190201793409,3.6181114157675798,4.11360462528978
