MDC_Number, CPU_capacity, RAM_capacity,disk_capacity
0,4.08165438944518,3.4655978764103734,4.01392558380988
1,4.08165438944518,3.4655978764103734,4.01392558380988
2,4.08165438944518,3.4655978764103734,4.01392558380988
3,4.08165438944518,3.4655978764103734,4.01392558380988
4,4.08165438944518,3.4655978764103734,4.01392558380988
5,4.08165438944518,3.4655978764103734,4.01392558380988
