MDC_Number, CPU_capacity, RAM_capacity,disk_capacity
0,4.187091473942359,3.8069968536604075,4.106752130521506
1,4.187091473942359,3.8069968536604075,4.106752130521506
2,4.187091473942359,3.8069968536604075,4.106752130521506
3,4.187091473942359,3.8069968536604075,4.106752130521506
4,4.187091473942359,3.8069968536604075,4.106752130521506
5,4.187091473942359,3.8069968536604075,4.106752130521506
