MDC_Number, CPU_capacity, RAM_capacity,disk_capacity
0,4.054910012020359,3.555619666912427,3.0206514648774325
1,4.054910012020359,3.555619666912427,3.0206514648774325
2,4.054910012020359,3.555619666912427,3.0206514648774325
3,4.054910012020359,3.555619666912427,3.0206514648774325
4,4.054910012020359,3.555619666912427,3.0206514648774325
5,4.054910012020359,3.555619666912427,3.0206514648774325
