MDC_Number,CPU_cost,RAM_cost,disk_cost
0,0.7873061211410859,0.5489670549518086,0.9164065929934562
1,0.8575209203606635,0.8669979921228612,0.8614587474005793
2,0.6191408936952911,0.6478920932995526,0.8045028727826665
3,0.8613218677518055,0.8958921694871991,0.6609778001106876
4,0.9320492134728893,0.9753798215159889,0.6557792467802706
5,0.6757097332537537,0.975898077859403,0.7119807809618737
