MDC_Number, CPU_capacity, RAM_capacity,disk_capacity
0,3.5589628026196687,3.563083902401733,3.614185774026458
1,3.5589628026196687,3.563083902401733,3.614185774026458
2,3.5589628026196687,3.563083902401733,3.614185774026458
3,3.5589628026196687,3.563083902401733,3.614185774026458
4,3.5589628026196687,3.563083902401733,3.614185774026458
5,3.5589628026196687,3.563083902401733,3.614185774026458
