MDC_Number, CPU_capacity, RAM_capacity,disk_capacity
0,3.4261833685644736,3.478206545245571,3.7454203838937845
1,3.4261833685644736,3.478206545245571,3.7454203838937845
2,3.4261833685644736,3.478206545245571,3.7454203838937845
3,3.4261833685644736,3.478206545245571,3.7454203838937845
4,3.4261833685644736,3.478206545245571,3.7454203838937845
5,3.4261833685644736,3.478206545245571,3.7454203838937845
