MDC_Number, CPU_capacity, RAM_capacity,disk_capacity
0,3.97925557919966,4.378571599489074,4.038202149179925
1,3.97925557919966,4.378571599489074,4.038202149179925
2,3.97925557919966,4.378571599489074,4.038202149179925
3,3.97925557919966,4.378571599489074,4.038202149179925
4,3.97925557919966,4.378571599489074,4.038202149179925
5,3.97925557919966,4.378571599489074,4.038202149179925
