MDC_Number, CPU_capacity, RAM_capacity,disk_capacity
0,3.813336301685954,3.4677278007192673,4.137255233004293
1,3.813336301685954,3.4677278007192673,4.137255233004293
2,3.813336301685954,3.4677278007192673,4.137255233004293
3,3.813336301685954,3.4677278007192673,4.137255233004293
4,3.813336301685954,3.4677278007192673,4.137255233004293
5,3.813336301685954,3.4677278007192673,4.137255233004293
