MDC_Number, CPU_capacity, RAM_capacity,disk_capacity
0,3.4342625154548476,3.4800132465062306,3.3898435515796908
1,3.4342625154548476,3.4800132465062306,3.3898435515796908
2,3.4342625154548476,3.4800132465062306,3.3898435515796908
3,3.4342625154548476,3.4800132465062306,3.3898435515796908
4,3.4342625154548476,3.4800132465062306,3.3898435515796908
5,3.4342625154548476,3.4800132465062306,3.3898435515796908
