MDC_Number, CPU_capacity, RAM_capacity,disk_capacity
0,4.406279482990311,4.18313796812017,3.946668185908262
1,4.406279482990311,4.18313796812017,3.946668185908262
2,4.406279482990311,4.18313796812017,3.946668185908262
3,4.406279482990311,4.18313796812017,3.946668185908262
4,4.406279482990311,4.18313796812017,3.946668185908262
5,4.406279482990311,4.18313796812017,3.946668185908262
