MDC_Number, CPU_capacity, RAM_capacity,disk_capacity
0,3.4460174666289256,3.3853754615728278,3.6819225095445773
1,3.4460174666289256,3.3853754615728278,3.6819225095445773
2,3.4460174666289256,3.3853754615728278,3.6819225095445773
3,3.4460174666289256,3.3853754615728278,3.6819225095445773
4,3.4460174666289256,3.3853754615728278,3.6819225095445773
5,3.4460174666289256,3.3853754615728278,3.6819225095445773
