MDC_Number, CPU_capacity, RAM_capacity,disk_capacity
0,3.9143452452698693,3.8867512238848274,4.09574596119094
1,3.9143452452698693,3.8867512238848274,4.09574596119094
2,3.9143452452698693,3.8867512238848274,4.09574596119094
3,3.9143452452698693,3.8867512238848274,4.09574596119094
4,3.9143452452698693,3.8867512238848274,4.09574596119094
5,3.9143452452698693,3.8867512238848274,4.09574596119094
