MDC_Number, CPU_capacity, RAM_capacity,disk_capacity
0,3.3357323410730135,3.7789280409067167,3.714344366701448
1,3.3357323410730135,3.7789280409067167,3.714344366701448
2,3.3357323410730135,3.7789280409067167,3.714344366701448
3,3.3357323410730135,3.7789280409067167,3.714344366701448
4,3.3357323410730135,3.7789280409067167,3.714344366701448
5,3.3357323410730135,3.7789280409067167,3.714344366701448
