MDC_Number, CPU_capacity, RAM_capacity,disk_capacity
0,4.0559264412022795,3.94230529670093,4.558716898603455
1,4.0559264412022795,3.94230529670093,4.558716898603455
2,4.0559264412022795,3.94230529670093,4.558716898603455
3,4.0559264412022795,3.94230529670093,4.558716898603455
4,4.0559264412022795,3.94230529670093,4.558716898603455
5,4.0559264412022795,3.94230529670093,4.558716898603455
