MDC_Number, CPU_capacity, RAM_capacity,disk_capacity
0,3.8468102316350756,4.3561668992855225,3.885427261289709
1,3.8468102316350756,4.3561668992855225,3.885427261289709
2,3.8468102316350756,4.3561668992855225,3.885427261289709
3,3.8468102316350756,4.3561668992855225,3.885427261289709
4,3.8468102316350756,4.3561668992855225,3.885427261289709
5,3.8468102316350756,4.3561668992855225,3.885427261289709
