MDC_Number, CPU_capacity, RAM_capacity,disk_capacity
0,3.8032798137688615,4.080778566518236,4.061254598181685
1,3.8032798137688615,4.080778566518236,4.061254598181685
2,3.8032798137688615,4.080778566518236,4.061254598181685
3,3.8032798137688615,4.080778566518236,4.061254598181685
4,3.8032798137688615,4.080778566518236,4.061254598181685
5,3.8032798137688615,4.080778566518236,4.061254598181685
