MDC_Number, CPU_capacity, RAM_capacity,disk_capacity
0,3.4641842942713517,3.4200660954166926,3.401010369384841
1,3.4641842942713517,3.4200660954166926,3.401010369384841
2,3.4641842942713517,3.4200660954166926,3.401010369384841
3,3.4641842942713517,3.4200660954166926,3.401010369384841
4,3.4641842942713517,3.4200660954166926,3.401010369384841
5,3.4641842942713517,3.4200660954166926,3.401010369384841
