MDC_Number, CPU_capacity, RAM_capacity,disk_capacity
0,3.9135537222068177,3.6262826299447246,4.01487058121733
1,3.9135537222068177,3.6262826299447246,4.01487058121733
2,3.9135537222068177,3.6262826299447246,4.01487058121733
3,3.9135537222068177,3.6262826299447246,4.01487058121733
4,3.9135537222068177,3.6262826299447246,4.01487058121733
5,3.9135537222068177,3.6262826299447246,4.01487058121733
