MDC_Number, CPU_capacity, RAM_capacity,disk_capacity
0,3.0020105481491393,3.1820561663197364,3.670139686912838
1,3.0020105481491393,3.1820561663197364,3.670139686912838
2,3.0020105481491393,3.1820561663197364,3.670139686912838
3,3.0020105481491393,3.1820561663197364,3.670139686912838
4,3.0020105481491393,3.1820561663197364,3.670139686912838
5,3.0020105481491393,3.1820561663197364,3.670139686912838
