MDC_Number, CPU_capacity, RAM_capacity,disk_capacity
0,4.217122764583456,3.722677294201609,3.984024455894456
1,4.217122764583456,3.722677294201609,3.984024455894456
2,4.217122764583456,3.722677294201609,3.984024455894456
3,4.217122764583456,3.722677294201609,3.984024455894456
4,4.217122764583456,3.722677294201609,3.984024455894456
5,4.217122764583456,3.722677294201609,3.984024455894456
