MDC_Number, CPU_capacity, RAM_capacity,disk_capacity
0,4.19900081239793,3.711835424991996,3.42107554143017
1,4.19900081239793,3.711835424991996,3.42107554143017
2,4.19900081239793,3.711835424991996,3.42107554143017
3,4.19900081239793,3.711835424991996,3.42107554143017
4,4.19900081239793,3.711835424991996,3.42107554143017
5,4.19900081239793,3.711835424991996,3.42107554143017
