MDC_Number, CPU_capacity, RAM_capacity,disk_capacity
0,4.205754619256355,3.8799976158120297,3.9257447893770325
1,4.205754619256355,3.8799976158120297,3.9257447893770325
2,4.205754619256355,3.8799976158120297,3.9257447893770325
3,4.205754619256355,3.8799976158120297,3.9257447893770325
4,4.205754619256355,3.8799976158120297,3.9257447893770325
5,4.205754619256355,3.8799976158120297,3.9257447893770325
