MDC_Number, CPU_capacity, RAM_capacity,disk_capacity
0,3.7880620475321347,4.025944622172408,3.802489979408632
1,3.7880620475321347,4.025944622172408,3.802489979408632
2,3.7880620475321347,4.025944622172408,3.802489979408632
3,3.7880620475321347,4.025944622172408,3.802489979408632
4,3.7880620475321347,4.025944622172408,3.802489979408632
5,3.7880620475321347,4.025944622172408,3.802489979408632
