MDC_Number,CPU_cost,RAM_cost,disk_cost
0,0.9219564608963333,0.6655128324402109,0.7387225938517872
1,0.5424852752311741,0.5685061359033208,0.7086773333371181
2,0.8057391367280966,0.8737756313489067,0.5205125108132952
3,0.578796995594185,0.5542177874644321,0.5107128449629317
4,0.9430654507378353,0.9192281916409466,0.7118373016892314
5,0.5818198167357098,0.8945769106352798,0.5444143760602733
