MDC_Number, CPU_capacity, RAM_capacity,disk_capacity
0,4.422932777002076,3.51150046193735,3.7957480772806695
1,4.422932777002076,3.51150046193735,3.7957480772806695
2,4.422932777002076,3.51150046193735,3.7957480772806695
3,4.422932777002076,3.51150046193735,3.7957480772806695
4,4.422932777002076,3.51150046193735,3.7957480772806695
5,4.422932777002076,3.51150046193735,3.7957480772806695
