MDC_Number, CPU_capacity, RAM_capacity,disk_capacity
0,3.6876115217322107,3.760781710276996,4.36528127361954
1,3.6876115217322107,3.760781710276996,4.36528127361954
2,3.6876115217322107,3.760781710276996,4.36528127361954
3,3.6876115217322107,3.760781710276996,4.36528127361954
4,3.6876115217322107,3.760781710276996,4.36528127361954
5,3.6876115217322107,3.760781710276996,4.36528127361954
