MDC_Number, CPU_capacity, RAM_capacity,disk_capacity
0,3.3753635286945682,4.7233506404517325,4.594135553604499
1,3.3753635286945682,4.7233506404517325,4.594135553604499
2,3.3753635286945682,4.7233506404517325,4.594135553604499
3,3.3753635286945682,4.7233506404517325,4.594135553604499
4,3.3753635286945682,4.7233506404517325,4.594135553604499
5,3.3753635286945682,4.7233506404517325,4.594135553604499
