MDC_Number, CPU_capacity, RAM_capacity,disk_capacity
0,4.245500597590833,4.148044967425498,3.5465801757141175
1,4.245500597590833,4.148044967425498,3.5465801757141175
2,4.245500597590833,4.148044967425498,3.5465801757141175
3,4.245500597590833,4.148044967425498,3.5465801757141175
4,4.245500597590833,4.148044967425498,3.5465801757141175
5,4.245500597590833,4.148044967425498,3.5465801757141175
