MDC_Number, CPU_capacity, RAM_capacity,disk_capacity
0,3.55761981868146,3.7385762792888535,3.3600373580052065
1,3.55761981868146,3.7385762792888535,3.3600373580052065
2,3.55761981868146,3.7385762792888535,3.3600373580052065
3,3.55761981868146,3.7385762792888535,3.3600373580052065
4,3.55761981868146,3.7385762792888535,3.3600373580052065
5,3.55761981868146,3.7385762792888535,3.3600373580052065
