MDC_Number, CPU_capacity, RAM_capacity,disk_capacity
0,3.8568037054505404,4.183223567220087,3.8267608202441226
1,3.8568037054505404,4.183223567220087,3.8267608202441226
2,3.8568037054505404,4.183223567220087,3.8267608202441226
3,3.8568037054505404,4.183223567220087,3.8267608202441226
4,3.8568037054505404,4.183223567220087,3.8267608202441226
5,3.8568037054505404,4.183223567220087,3.8267608202441226
