MDC_Number, CPU_capacity, RAM_capacity,disk_capacity
0,3.1801203978745116,3.9823030996421975,3.234955016965687
1,3.1801203978745116,3.9823030996421975,3.234955016965687
2,3.1801203978745116,3.9823030996421975,3.234955016965687
3,3.1801203978745116,3.9823030996421975,3.234955016965687
4,3.1801203978745116,3.9823030996421975,3.234955016965687
5,3.1801203978745116,3.9823030996421975,3.234955016965687
