MDC_Number, CPU_capacity, RAM_capacity,disk_capacity
0,3.721016581088028,4.175362399047081,3.0925570416483543
1,3.721016581088028,4.175362399047081,3.0925570416483543
2,3.721016581088028,4.175362399047081,3.0925570416483543
3,3.721016581088028,4.175362399047081,3.0925570416483543
4,3.721016581088028,4.175362399047081,3.0925570416483543
5,3.721016581088028,4.175362399047081,3.0925570416483543
