MDC_Number, CPU_capacity, RAM_capacity,disk_capacity
0,3.583937835567847,3.4748629227082515,3.72168023270795
1,3.583937835567847,3.4748629227082515,3.72168023270795
2,3.583937835567847,3.4748629227082515,3.72168023270795
3,3.583937835567847,3.4748629227082515,3.72168023270795
4,3.583937835567847,3.4748629227082515,3.72168023270795
5,3.583937835567847,3.4748629227082515,3.72168023270795
