MDC_Number,CPU_cost,RAM_cost,disk_cost
0,0.6338461305903864,0.9950718837011194,0.9907301910695483
1,0.936554636742904,0.5759356076854709,0.7451275722541837
2,0.8185629513834388,0.52897878921832,0.7953424976694439
3,0.9803872301955046,0.805815759258111,0.9272756208182122
4,0.600553104040076,0.7560168775841651,0.7427112912309579
5,0.5811747003848096,0.9301876476869003,0.8986499411058735
