MDC_Number, CPU_capacity, RAM_capacity,disk_capacity
0,3.8995880590087584,3.7220263220015575,3.6434323587537554
1,3.8995880590087584,3.7220263220015575,3.6434323587537554
2,3.8995880590087584,3.7220263220015575,3.6434323587537554
3,3.8995880590087584,3.7220263220015575,3.6434323587537554
4,3.8995880590087584,3.7220263220015575,3.6434323587537554
5,3.8995880590087584,3.7220263220015575,3.6434323587537554
