MDC_Number,CPU_cost,RAM_cost,disk_cost
0,0.8134181696668019,0.9211152292605684,0.6725233515273354
1,0.7387071971984436,0.7375800383989937,0.8447542899535123
2,0.9156695697628616,0.8518076634445741,0.9847486174655344
3,0.9202215397467941,0.5099573358099085,0.6325619247583945
4,0.9321265492953392,0.5457783273631049,0.8319005996677871
5,0.9621844632530756,0.7596900418270732,0.606500335529053
