MDC_Number, CPU_capacity, RAM_capacity,disk_capacity
0,4.187686667807504,4.121057344027694,3.998091970254068
1,4.187686667807504,4.121057344027694,3.998091970254068
2,4.187686667807504,4.121057344027694,3.998091970254068
3,4.187686667807504,4.121057344027694,3.998091970254068
4,4.187686667807504,4.121057344027694,3.998091970254068
5,4.187686667807504,4.121057344027694,3.998091970254068
