MDC_Number, CPU_capacity, RAM_capacity,disk_capacity
0,3.995468388708377,4.119765460510343,4.261488183346517
1,3.995468388708377,4.119765460510343,4.261488183346517
2,3.995468388708377,4.119765460510343,4.261488183346517
3,3.995468388708377,4.119765460510343,4.261488183346517
4,3.995468388708377,4.119765460510343,4.261488183346517
5,3.995468388708377,4.119765460510343,4.261488183346517
