MDC_Number, CPU_capacity, RAM_capacity,disk_capacity
0,2.8458523769842277,3.860604469847488,3.706202091857105
1,2.8458523769842277,3.860604469847488,3.706202091857105
2,2.8458523769842277,3.860604469847488,3.706202091857105
3,2.8458523769842277,3.860604469847488,3.706202091857105
4,2.8458523769842277,3.860604469847488,3.706202091857105
5,2.8458523769842277,3.860604469847488,3.706202091857105
