MDC_Number,CPU_cost,RAM_cost,disk_cost
0,0.7612080879702945,0.5569302352588807,0.7513169430072297
1,0.6112381158757804,0.9795780711178105,0.9490277982359703
2,0.7629537854599986,0.9788819577011791,0.9597850279642448
3,0.5247768350037861,0.7971132511522625,0.780717485883296
4,0.7673442317227996,0.6513984131297696,0.7114322474781904
5,0.9015116927363546,0.7275227763402172,0.9019312173675851
