MDC_Number, CPU_capacity, RAM_capacity,disk_capacity
0,3.9342604189594708,3.44444027265196,4.239064611400122
1,3.9342604189594708,3.44444027265196,4.239064611400122
2,3.9342604189594708,3.44444027265196,4.239064611400122
3,3.9342604189594708,3.44444027265196,4.239064611400122
4,3.9342604189594708,3.44444027265196,4.239064611400122
5,3.9342604189594708,3.44444027265196,4.239064611400122
