MDC_Number, CPU_capacity, RAM_capacity,disk_capacity
0,3.9836938827337205,3.919516252126553,3.99871435529344
1,3.9836938827337205,3.919516252126553,3.99871435529344
2,3.9836938827337205,3.919516252126553,3.99871435529344
3,3.9836938827337205,3.919516252126553,3.99871435529344
4,3.9836938827337205,3.919516252126553,3.99871435529344
5,3.9836938827337205,3.919516252126553,3.99871435529344
