MDC_Number, CPU_capacity, RAM_capacity,disk_capacity
0,3.9572274829744343,5.101774857618611,3.974486215653637
1,3.9572274829744343,5.101774857618611,3.974486215653637
2,3.9572274829744343,5.101774857618611,3.974486215653637
3,3.9572274829744343,5.101774857618611,3.974486215653637
4,3.9572274829744343,5.101774857618611,3.974486215653637
5,3.9572274829744343,5.101774857618611,3.974486215653637
