MDC_Number, CPU_capacity, RAM_capacity,disk_capacity
0,3.7831677222279483,3.3768966527807103,3.615405951318452
1,3.7831677222279483,3.3768966527807103,3.615405951318452
2,3.7831677222279483,3.3768966527807103,3.615405951318452
3,3.7831677222279483,3.3768966527807103,3.615405951318452
4,3.7831677222279483,3.3768966527807103,3.615405951318452
5,3.7831677222279483,3.3768966527807103,3.615405951318452
