MDC_Number, CPU_capacity, RAM_capacity,disk_capacity
0,3.94074889301338,3.778152755749213,3.6856571618462195
1,3.94074889301338,3.778152755749213,3.6856571618462195
2,3.94074889301338,3.778152755749213,3.6856571618462195
3,3.94074889301338,3.778152755749213,3.6856571618462195
4,3.94074889301338,3.778152755749213,3.6856571618462195
5,3.94074889301338,3.778152755749213,3.6856571618462195
