MDC_Number, CPU_capacity, RAM_capacity,disk_capacity
0,4.133380493575171,3.7742861486269463,4.1883926210651845
1,4.133380493575171,3.7742861486269463,4.1883926210651845
2,4.133380493575171,3.7742861486269463,4.1883926210651845
3,4.133380493575171,3.7742861486269463,4.1883926210651845
4,4.133380493575171,3.7742861486269463,4.1883926210651845
5,4.133380493575171,3.7742861486269463,4.1883926210651845
