MDC_Number, CPU_capacity, RAM_capacity,disk_capacity
0,3.7415702556923316,4.118405333774432,4.330522649829661
1,3.7415702556923316,4.118405333774432,4.330522649829661
2,3.7415702556923316,4.118405333774432,4.330522649829661
3,3.7415702556923316,4.118405333774432,4.330522649829661
4,3.7415702556923316,4.118405333774432,4.330522649829661
5,3.7415702556923316,4.118405333774432,4.330522649829661
