MDC_Number, CPU_capacity, RAM_capacity,disk_capacity
0,3.758950254066712,3.171425498801844,3.842427373128637
1,3.758950254066712,3.171425498801844,3.842427373128637
2,3.758950254066712,3.171425498801844,3.842427373128637
3,3.758950254066712,3.171425498801844,3.842427373128637
4,3.758950254066712,3.171425498801844,3.842427373128637
5,3.758950254066712,3.171425498801844,3.842427373128637
