MDC_Number, CPU_capacity, RAM_capacity,disk_capacity
0,4.17243696886292,4.4223715316167524,3.3708573268318864
1,4.17243696886292,4.4223715316167524,3.3708573268318864
2,4.17243696886292,4.4223715316167524,3.3708573268318864
3,4.17243696886292,4.4223715316167524,3.3708573268318864
4,4.17243696886292,4.4223715316167524,3.3708573268318864
5,4.17243696886292,4.4223715316167524,3.3708573268318864
