MDC_Number, CPU_capacity, RAM_capacity,disk_capacity
0,3.7679751835848827,3.2848402833565844,3.375444079003696
1,3.7679751835848827,3.2848402833565844,3.375444079003696
2,3.7679751835848827,3.2848402833565844,3.375444079003696
3,3.7679751835848827,3.2848402833565844,3.375444079003696
4,3.7679751835848827,3.2848402833565844,3.375444079003696
5,3.7679751835848827,3.2848402833565844,3.375444079003696
