MDC_Number, CPU_capacity, RAM_capacity,disk_capacity
0,4.7335864816444975,4.106552318274828,4.080388665396832
1,4.7335864816444975,4.106552318274828,4.080388665396832
2,4.7335864816444975,4.106552318274828,4.080388665396832
3,4.7335864816444975,4.106552318274828,4.080388665396832
4,4.7335864816444975,4.106552318274828,4.080388665396832
5,4.7335864816444975,4.106552318274828,4.080388665396832
