MDC_Number, CPU_capacity, RAM_capacity,disk_capacity
0,3.9726286803403417,3.4574561408206352,3.8673430125993686
1,3.9726286803403417,3.4574561408206352,3.8673430125993686
2,3.9726286803403417,3.4574561408206352,3.8673430125993686
3,3.9726286803403417,3.4574561408206352,3.8673430125993686
4,3.9726286803403417,3.4574561408206352,3.8673430125993686
5,3.9726286803403417,3.4574561408206352,3.8673430125993686
