MDC_Number, CPU_capacity, RAM_capacity,disk_capacity
0,4.147672572571858,3.692694745445684,3.9064904644380367
1,4.147672572571858,3.692694745445684,3.9064904644380367
2,4.147672572571858,3.692694745445684,3.9064904644380367
3,4.147672572571858,3.692694745445684,3.9064904644380367
4,4.147672572571858,3.692694745445684,3.9064904644380367
5,4.147672572571858,3.692694745445684,3.9064904644380367
