MDC_Number, CPU_capacity, RAM_capacity,disk_capacity
0,3.6080450574913625,3.7341965137323205,4.0944189642607
1,3.6080450574913625,3.7341965137323205,4.0944189642607
2,3.6080450574913625,3.7341965137323205,4.0944189642607
3,3.6080450574913625,3.7341965137323205,4.0944189642607
4,3.6080450574913625,3.7341965137323205,4.0944189642607
5,3.6080450574913625,3.7341965137323205,4.0944189642607
