MDC_Number,CPU_cost,RAM_cost,disk_cost
0,0.672212416831895,0.9828999694430687,0.5349139216556218
1,0.7478742680605536,0.8040230342806477,0.9378559990607807
2,0.7567380816425421,0.6008708866273942,0.5946276281183986
3,0.8384871227926626,0.8127158134909114,0.8674936393226119
4,0.8763216378019005,0.6578346050470383,0.7756728719703762
5,0.9354013919802848,0.7913326758478032,0.7707885161925072
