MDC_Number, CPU_capacity, RAM_capacity,disk_capacity
0,3.644917235058171,3.6068310407452366,3.777795756836715
1,3.644917235058171,3.6068310407452366,3.777795756836715
2,3.644917235058171,3.6068310407452366,3.777795756836715
3,3.644917235058171,3.6068310407452366,3.777795756836715
4,3.644917235058171,3.6068310407452366,3.777795756836715
5,3.644917235058171,3.6068310407452366,3.777795756836715
