MDC_Number, CPU_capacity, RAM_capacity,disk_capacity
0,3.872291602504887,3.7595044793635,4.002908630740002
1,3.872291602504887,3.7595044793635,4.002908630740002
2,3.872291602504887,3.7595044793635,4.002908630740002
3,3.872291602504887,3.7595044793635,4.002908630740002
4,3.872291602504887,3.7595044793635,4.002908630740002
5,3.872291602504887,3.7595044793635,4.002908630740002
