MDC_Number, CPU_capacity, RAM_capacity,disk_capacity
0,3.9190746756685666,3.9000312945701125,3.862813040108342
1,3.9190746756685666,3.9000312945701125,3.862813040108342
2,3.9190746756685666,3.9000312945701125,3.862813040108342
3,3.9190746756685666,3.9000312945701125,3.862813040108342
4,3.9190746756685666,3.9000312945701125,3.862813040108342
5,3.9190746756685666,3.9000312945701125,3.862813040108342
