MDC_Number, CPU_capacity, RAM_capacity,disk_capacity
0,3.80171517359604,4.509836471694606,4.407406358762162
1,3.80171517359604,4.509836471694606,4.407406358762162
2,3.80171517359604,4.509836471694606,4.407406358762162
3,3.80171517359604,4.509836471694606,4.407406358762162
4,3.80171517359604,4.509836471694606,4.407406358762162
5,3.80171517359604,4.509836471694606,4.407406358762162
