MDC_Number, CPU_capacity, RAM_capacity,disk_capacity
0,4.311929172559908,4.005079558881287,3.7423321142402712
1,4.311929172559908,4.005079558881287,3.7423321142402712
2,4.311929172559908,4.005079558881287,3.7423321142402712
3,4.311929172559908,4.005079558881287,3.7423321142402712
4,4.311929172559908,4.005079558881287,3.7423321142402712
5,4.311929172559908,4.005079558881287,3.7423321142402712
