MDC_Number, CPU_capacity, RAM_capacity,disk_capacity
0,4.092825285915897,3.4779684894051868,3.939023904633146
1,4.092825285915897,3.4779684894051868,3.939023904633146
2,4.092825285915897,3.4779684894051868,3.939023904633146
3,4.092825285915897,3.4779684894051868,3.939023904633146
4,4.092825285915897,3.4779684894051868,3.939023904633146
5,4.092825285915897,3.4779684894051868,3.939023904633146
