MDC_Number, CPU_capacity, RAM_capacity,disk_capacity
0,3.7339618921357784,3.69076893091138,3.4549667145356677
1,3.7339618921357784,3.69076893091138,3.4549667145356677
2,3.7339618921357784,3.69076893091138,3.4549667145356677
3,3.7339618921357784,3.69076893091138,3.4549667145356677
4,3.7339618921357784,3.69076893091138,3.4549667145356677
5,3.7339618921357784,3.69076893091138,3.4549667145356677
