MDC_Number, CPU_capacity, RAM_capacity,disk_capacity
0,3.560838650773848,4.0355350556276495,3.8638437903717304
1,3.560838650773848,4.0355350556276495,3.8638437903717304
2,3.560838650773848,4.0355350556276495,3.8638437903717304
3,3.560838650773848,4.0355350556276495,3.8638437903717304
4,3.560838650773848,4.0355350556276495,3.8638437903717304
5,3.560838650773848,4.0355350556276495,3.8638437903717304
