MDC_Number, CPU_capacity, RAM_capacity,disk_capacity
0,3.8723763486886966,3.8069112926361006,3.952464599719538
1,3.8723763486886966,3.8069112926361006,3.952464599719538
2,3.8723763486886966,3.8069112926361006,3.952464599719538
3,3.8723763486886966,3.8069112926361006,3.952464599719538
4,3.8723763486886966,3.8069112926361006,3.952464599719538
5,3.8723763486886966,3.8069112926361006,3.952464599719538
