MDC_Number, CPU_capacity, RAM_capacity,disk_capacity
0,4.280895967511383,3.6773010928963283,3.2311132823644995
1,4.280895967511383,3.6773010928963283,3.2311132823644995
2,4.280895967511383,3.6773010928963283,3.2311132823644995
3,4.280895967511383,3.6773010928963283,3.2311132823644995
4,4.280895967511383,3.6773010928963283,3.2311132823644995
5,4.280895967511383,3.6773010928963283,3.2311132823644995
