MDC_Number, CPU_capacity, RAM_capacity,disk_capacity
0,4.015912689652025,4.1277405783791785,3.1346298497619247
1,4.015912689652025,4.1277405783791785,3.1346298497619247
2,4.015912689652025,4.1277405783791785,3.1346298497619247
3,4.015912689652025,4.1277405783791785,3.1346298497619247
4,4.015912689652025,4.1277405783791785,3.1346298497619247
5,4.015912689652025,4.1277405783791785,3.1346298497619247
