MDC_Number, CPU_capacity, RAM_capacity,disk_capacity
0,4.1345063949422505,4.032643712108781,3.648406521053097
1,4.1345063949422505,4.032643712108781,3.648406521053097
2,4.1345063949422505,4.032643712108781,3.648406521053097
3,4.1345063949422505,4.032643712108781,3.648406521053097
4,4.1345063949422505,4.032643712108781,3.648406521053097
5,4.1345063949422505,4.032643712108781,3.648406521053097
