MDC_Number, CPU_capacity, RAM_capacity,disk_capacity
0,3.5656208062863697,3.9196665481720094,3.953363725631778
1,3.5656208062863697,3.9196665481720094,3.953363725631778
2,3.5656208062863697,3.9196665481720094,3.953363725631778
3,3.5656208062863697,3.9196665481720094,3.953363725631778
4,3.5656208062863697,3.9196665481720094,3.953363725631778
5,3.5656208062863697,3.9196665481720094,3.953363725631778
