MDC_Number, CPU_capacity, RAM_capacity,disk_capacity
0,3.2038790572965055,3.7764768964297053,3.4626016502850256
1,3.2038790572965055,3.7764768964297053,3.4626016502850256
2,3.2038790572965055,3.7764768964297053,3.4626016502850256
3,3.2038790572965055,3.7764768964297053,3.4626016502850256
4,3.2038790572965055,3.7764768964297053,3.4626016502850256
5,3.2038790572965055,3.7764768964297053,3.4626016502850256
