MDC_Number, CPU_capacity, RAM_capacity,disk_capacity
0,3.8405443174641833,3.8318684246890298,3.885418575316477
1,3.8405443174641833,3.8318684246890298,3.885418575316477
2,3.8405443174641833,3.8318684246890298,3.885418575316477
3,3.8405443174641833,3.8318684246890298,3.885418575316477
4,3.8405443174641833,3.8318684246890298,3.885418575316477
5,3.8405443174641833,3.8318684246890298,3.885418575316477
