MDC_Number, CPU_capacity, RAM_capacity,disk_capacity
0,4.334337961314892,3.5915461161678865,4.150721518549706
1,4.334337961314892,3.5915461161678865,4.150721518549706
2,4.334337961314892,3.5915461161678865,4.150721518549706
3,4.334337961314892,3.5915461161678865,4.150721518549706
4,4.334337961314892,3.5915461161678865,4.150721518549706
5,4.334337961314892,3.5915461161678865,4.150721518549706
