MDC_Number, CPU_capacity, RAM_capacity,disk_capacity
0,4.118228231182041,4.472364283492186,3.9387279146859724
1,4.118228231182041,4.472364283492186,3.9387279146859724
2,4.118228231182041,4.472364283492186,3.9387279146859724
3,4.118228231182041,4.472364283492186,3.9387279146859724
4,4.118228231182041,4.472364283492186,3.9387279146859724
5,4.118228231182041,4.472364283492186,3.9387279146859724
