MDC_Number, CPU_capacity, RAM_capacity,disk_capacity
0,4.067750220738567,3.7003899819866013,4.019652755864093
1,4.067750220738567,3.7003899819866013,4.019652755864093
2,4.067750220738567,3.7003899819866013,4.019652755864093
3,4.067750220738567,3.7003899819866013,4.019652755864093
4,4.067750220738567,3.7003899819866013,4.019652755864093
5,4.067750220738567,3.7003899819866013,4.019652755864093
