MDC_Number, CPU_capacity, RAM_capacity,disk_capacity
0,4.2038662064766745,3.475987574802236,4.011519934783948
1,4.2038662064766745,3.475987574802236,4.011519934783948
2,4.2038662064766745,3.475987574802236,4.011519934783948
3,4.2038662064766745,3.475987574802236,4.011519934783948
4,4.2038662064766745,3.475987574802236,4.011519934783948
5,4.2038662064766745,3.475987574802236,4.011519934783948
