MDC_Number, CPU_capacity, RAM_capacity,disk_capacity
0,4.215531424403539,3.878763045211395,3.839469616100417
1,4.215531424403539,3.878763045211395,3.839469616100417
2,4.215531424403539,3.878763045211395,3.839469616100417
3,4.215531424403539,3.878763045211395,3.839469616100417
4,4.215531424403539,3.878763045211395,3.839469616100417
5,4.215531424403539,3.878763045211395,3.839469616100417
