MDC_Number, CPU_capacity, RAM_capacity,disk_capacity
0,3.757650379885134,3.6374702919607693,3.3880500696097213
1,3.757650379885134,3.6374702919607693,3.3880500696097213
2,3.757650379885134,3.6374702919607693,3.3880500696097213
3,3.757650379885134,3.6374702919607693,3.3880500696097213
4,3.757650379885134,3.6374702919607693,3.3880500696097213
5,3.757650379885134,3.6374702919607693,3.3880500696097213
