MDC_Number, CPU_capacity, RAM_capacity,disk_capacity
0,3.6963839688573956,3.6366370536849724,4.649037611000821
1,3.6963839688573956,3.6366370536849724,4.649037611000821
2,3.6963839688573956,3.6366370536849724,4.649037611000821
3,3.6963839688573956,3.6366370536849724,4.649037611000821
4,3.6963839688573956,3.6366370536849724,4.649037611000821
5,3.6963839688573956,3.6366370536849724,4.649037611000821
