MDC_Number, CPU_capacity, RAM_capacity,disk_capacity
0,3.7934323604505655,4.1971763209453785,3.848814517040333
1,3.7934323604505655,4.1971763209453785,3.848814517040333
2,3.7934323604505655,4.1971763209453785,3.848814517040333
3,3.7934323604505655,4.1971763209453785,3.848814517040333
4,3.7934323604505655,4.1971763209453785,3.848814517040333
5,3.7934323604505655,4.1971763209453785,3.848814517040333
