MDC_Number, CPU_capacity, RAM_capacity,disk_capacity
0,3.79738346466767,3.5844121793739623,3.3695291727336043
1,3.79738346466767,3.5844121793739623,3.3695291727336043
2,3.79738346466767,3.5844121793739623,3.3695291727336043
3,3.79738346466767,3.5844121793739623,3.3695291727336043
4,3.79738346466767,3.5844121793739623,3.3695291727336043
5,3.79738346466767,3.5844121793739623,3.3695291727336043
