MDC_Number, CPU_capacity, RAM_capacity,disk_capacity
0,4.206933597581361,3.6880338789259715,3.6182372936466125
1,4.206933597581361,3.6880338789259715,3.6182372936466125
2,4.206933597581361,3.6880338789259715,3.6182372936466125
3,4.206933597581361,3.6880338789259715,3.6182372936466125
4,4.206933597581361,3.6880338789259715,3.6182372936466125
5,4.206933597581361,3.6880338789259715,3.6182372936466125
