MDC_Number,CPU_cost,RAM_cost,disk_cost
0,0.9809282293981276,0.8453689013237331,0.5712117061875945
1,0.6254277409357973,0.8531388343772306,0.9395897872054915
2,0.7114858179198157,0.5268109915656507,0.8791404542657668
3,0.8930999766031582,0.843899181244439,0.881757475843091
4,0.5221608716009056,0.6564339051844433,0.750607927621066
5,0.7463265371234812,0.9306325645838732,0.6536843762670568
