MDC_Number, CPU_capacity, RAM_capacity,disk_capacity
0,3.6010638698573776,3.8614117875166527,3.9803941580838793
1,3.6010638698573776,3.8614117875166527,3.9803941580838793
2,3.6010638698573776,3.8614117875166527,3.9803941580838793
3,3.6010638698573776,3.8614117875166527,3.9803941580838793
4,3.6010638698573776,3.8614117875166527,3.9803941580838793
5,3.6010638698573776,3.8614117875166527,3.9803941580838793
