MDC_Number, CPU_capacity, RAM_capacity,disk_capacity
0,3.7116445760705576,4.266459173670269,3.486785575199571
1,3.7116445760705576,4.266459173670269,3.486785575199571
2,3.7116445760705576,4.266459173670269,3.486785575199571
3,3.7116445760705576,4.266459173670269,3.486785575199571
4,3.7116445760705576,4.266459173670269,3.486785575199571
5,3.7116445760705576,4.266459173670269,3.486785575199571
