MDC_Number, CPU_capacity, RAM_capacity,disk_capacity
0,3.5421473223642064,4.2602565748009065,3.9733322524972485
1,3.5421473223642064,4.2602565748009065,3.9733322524972485
2,3.5421473223642064,4.2602565748009065,3.9733322524972485
3,3.5421473223642064,4.2602565748009065,3.9733322524972485
4,3.5421473223642064,4.2602565748009065,3.9733322524972485
5,3.5421473223642064,4.2602565748009065,3.9733322524972485
