MDC_Number, CPU_capacity, RAM_capacity,disk_capacity
0,3.897201374648017,3.8207732898616027,3.817129175458886
1,3.897201374648017,3.8207732898616027,3.817129175458886
2,3.897201374648017,3.8207732898616027,3.817129175458886
3,3.897201374648017,3.8207732898616027,3.817129175458886
4,3.897201374648017,3.8207732898616027,3.817129175458886
5,3.897201374648017,3.8207732898616027,3.817129175458886
