MDC_Number, CPU_capacity, RAM_capacity,disk_capacity
0,4.573121000883891,4.431198792815819,3.7632444929037705
1,4.573121000883891,4.431198792815819,3.7632444929037705
2,4.573121000883891,4.431198792815819,3.7632444929037705
3,4.573121000883891,4.431198792815819,3.7632444929037705
4,4.573121000883891,4.431198792815819,3.7632444929037705
5,4.573121000883891,4.431198792815819,3.7632444929037705
