MDC_Number, CPU_capacity, RAM_capacity,disk_capacity
0,3.9660190395553663,2.8172340376205995,4.5898788745431345
1,3.9660190395553663,2.8172340376205995,4.5898788745431345
2,3.9660190395553663,2.8172340376205995,4.5898788745431345
3,3.9660190395553663,2.8172340376205995,4.5898788745431345
4,3.9660190395553663,2.8172340376205995,4.5898788745431345
5,3.9660190395553663,2.8172340376205995,4.5898788745431345
