MDC_Number, CPU_capacity, RAM_capacity,disk_capacity
0,4.130606963863253,3.409443415373961,3.7820052173090133
1,4.130606963863253,3.409443415373961,3.7820052173090133
2,4.130606963863253,3.409443415373961,3.7820052173090133
3,4.130606963863253,3.409443415373961,3.7820052173090133
4,4.130606963863253,3.409443415373961,3.7820052173090133
5,4.130606963863253,3.409443415373961,3.7820052173090133
