MDC_Number, CPU_capacity, RAM_capacity,disk_capacity
0,3.5726747816154343,4.399993494174401,3.97888310485548
1,3.5726747816154343,4.399993494174401,3.97888310485548
2,3.5726747816154343,4.399993494174401,3.97888310485548
3,3.5726747816154343,4.399993494174401,3.97888310485548
4,3.5726747816154343,4.399993494174401,3.97888310485548
5,3.5726747816154343,4.399993494174401,3.97888310485548
