MDC_Number, CPU_capacity, RAM_capacity,disk_capacity
0,3.7708570258033713,4.1499547758712385,3.6198169990029503
1,3.7708570258033713,4.1499547758712385,3.6198169990029503
2,3.7708570258033713,4.1499547758712385,3.6198169990029503
3,3.7708570258033713,4.1499547758712385,3.6198169990029503
4,3.7708570258033713,4.1499547758712385,3.6198169990029503
5,3.7708570258033713,4.1499547758712385,3.6198169990029503
