MDC_Number, CPU_capacity, RAM_capacity,disk_capacity
0,4.416535860469487,3.6097787022626404,3.4433033229385606
1,4.416535860469487,3.6097787022626404,3.4433033229385606
2,4.416535860469487,3.6097787022626404,3.4433033229385606
3,4.416535860469487,3.6097787022626404,3.4433033229385606
4,4.416535860469487,3.6097787022626404,3.4433033229385606
5,4.416535860469487,3.6097787022626404,3.4433033229385606
