MDC_Number,CPU_cost,RAM_cost,disk_cost
0,0.9871955766835354,0.9667890647760993,0.7718241682573749
1,0.6884995791710806,0.9752268429683291,0.9064213791438884
2,0.5966569447405392,0.6079755540626272,0.6265311766416248
3,0.5379385361981274,0.5517517274481802,0.7108758023564915
4,0.7329789010743583,0.7644849928077427,0.9504350051722639
5,0.59832245392706,0.5848399724461493,0.7223462639820724
