MDC_Number,CPU_cost,RAM_cost,disk_cost
0,0.5607994120923656,0.7201145400848217,0.5184978427431123
1,0.5660359188286648,0.7590310526378041,0.6799149220732887
2,0.6659702632778859,0.5189324765131325,0.9044599613678537
3,0.6557386804922433,0.8527198207644469,0.6426503130837975
4,0.610288469720045,0.7983690385480781,0.6069446081160833
5,0.6716533701238774,0.8617226646062347,0.9102328567228726
