MDC_Number, CPU_capacity, RAM_capacity,disk_capacity
0,3.1854796321746215,4.822111871376968,4.082801326173369
1,3.1854796321746215,4.822111871376968,4.082801326173369
2,3.1854796321746215,4.822111871376968,4.082801326173369
3,3.1854796321746215,4.822111871376968,4.082801326173369
4,3.1854796321746215,4.822111871376968,4.082801326173369
5,3.1854796321746215,4.822111871376968,4.082801326173369
