MDC_Number, CPU_capacity, RAM_capacity,disk_capacity
0,3.216271010560505,3.8692954950578424,3.731814206348305
1,3.216271010560505,3.8692954950578424,3.731814206348305
2,3.216271010560505,3.8692954950578424,3.731814206348305
3,3.216271010560505,3.8692954950578424,3.731814206348305
4,3.216271010560505,3.8692954950578424,3.731814206348305
5,3.216271010560505,3.8692954950578424,3.731814206348305
