MDC_Number, CPU_capacity, RAM_capacity,disk_capacity
0,3.9967925001468814,3.558473860151273,3.753440183152665
1,3.9967925001468814,3.558473860151273,3.753440183152665
2,3.9967925001468814,3.558473860151273,3.753440183152665
3,3.9967925001468814,3.558473860151273,3.753440183152665
4,3.9967925001468814,3.558473860151273,3.753440183152665
5,3.9967925001468814,3.558473860151273,3.753440183152665
