MDC_Number, CPU_capacity, RAM_capacity,disk_capacity
0,3.9668850890504936,3.5948814972236347,3.882372593361465
1,3.9668850890504936,3.5948814972236347,3.882372593361465
2,3.9668850890504936,3.5948814972236347,3.882372593361465
3,3.9668850890504936,3.5948814972236347,3.882372593361465
4,3.9668850890504936,3.5948814972236347,3.882372593361465
5,3.9668850890504936,3.5948814972236347,3.882372593361465
