MDC_Number, CPU_capacity, RAM_capacity,disk_capacity
0,3.8092053531675147,3.5291567590626634,3.7710686094774974
1,3.8092053531675147,3.5291567590626634,3.7710686094774974
2,3.8092053531675147,3.5291567590626634,3.7710686094774974
3,3.8092053531675147,3.5291567590626634,3.7710686094774974
4,3.8092053531675147,3.5291567590626634,3.7710686094774974
5,3.8092053531675147,3.5291567590626634,3.7710686094774974
