MDC_Number, CPU_capacity, RAM_capacity,disk_capacity
0,3.972957972618128,3.813680073915323,3.7590829994177573
1,3.972957972618128,3.813680073915323,3.7590829994177573
2,3.972957972618128,3.813680073915323,3.7590829994177573
3,3.972957972618128,3.813680073915323,3.7590829994177573
4,3.972957972618128,3.813680073915323,3.7590829994177573
5,3.972957972618128,3.813680073915323,3.7590829994177573
