MDC_Number, CPU_capacity, RAM_capacity,disk_capacity
0,4.429940569719209,3.8108094821515843,3.4687750316982964
1,4.429940569719209,3.8108094821515843,3.4687750316982964
2,4.429940569719209,3.8108094821515843,3.4687750316982964
3,4.429940569719209,3.8108094821515843,3.4687750316982964
4,4.429940569719209,3.8108094821515843,3.4687750316982964
5,4.429940569719209,3.8108094821515843,3.4687750316982964
