MDC_Number, CPU_capacity, RAM_capacity,disk_capacity
0,3.4944062309009825,3.9373093380013557,4.024790852078925
1,3.4944062309009825,3.9373093380013557,4.024790852078925
2,3.4944062309009825,3.9373093380013557,4.024790852078925
3,3.4944062309009825,3.9373093380013557,4.024790852078925
4,3.4944062309009825,3.9373093380013557,4.024790852078925
5,3.4944062309009825,3.9373093380013557,4.024790852078925
