MDC_Number, CPU_capacity, RAM_capacity,disk_capacity
0,4.828495004332711,3.2058233284115514,3.95288368852735
1,4.828495004332711,3.2058233284115514,3.95288368852735
2,4.828495004332711,3.2058233284115514,3.95288368852735
3,4.828495004332711,3.2058233284115514,3.95288368852735
4,4.828495004332711,3.2058233284115514,3.95288368852735
5,4.828495004332711,3.2058233284115514,3.95288368852735
