MDC_Number, CPU_capacity, RAM_capacity,disk_capacity
0,3.4759621540146575,3.7122984923039786,3.5055627737828567
1,3.4759621540146575,3.7122984923039786,3.5055627737828567
2,3.4759621540146575,3.7122984923039786,3.5055627737828567
3,3.4759621540146575,3.7122984923039786,3.5055627737828567
4,3.4759621540146575,3.7122984923039786,3.5055627737828567
5,3.4759621540146575,3.7122984923039786,3.5055627737828567
