MDC_Number, CPU_capacity, RAM_capacity,disk_capacity
0,3.899221947281836,3.6790856053281664,3.7586741309321
1,3.899221947281836,3.6790856053281664,3.7586741309321
2,3.899221947281836,3.6790856053281664,3.7586741309321
3,3.899221947281836,3.6790856053281664,3.7586741309321
4,3.899221947281836,3.6790856053281664,3.7586741309321
5,3.899221947281836,3.6790856053281664,3.7586741309321
