MDC_Number, CPU_capacity, RAM_capacity,disk_capacity
0,4.063850378959607,3.454752286423643,3.8475412184468922
1,4.063850378959607,3.454752286423643,3.8475412184468922
2,4.063850378959607,3.454752286423643,3.8475412184468922
3,4.063850378959607,3.454752286423643,3.8475412184468922
4,4.063850378959607,3.454752286423643,3.8475412184468922
5,4.063850378959607,3.454752286423643,3.8475412184468922
