MDC_Number, CPU_capacity, RAM_capacity,disk_capacity
0,4.55995909616366,3.779410990380095,3.0850750967145646
1,4.55995909616366,3.779410990380095,3.0850750967145646
2,4.55995909616366,3.779410990380095,3.0850750967145646
3,4.55995909616366,3.779410990380095,3.0850750967145646
4,4.55995909616366,3.779410990380095,3.0850750967145646
5,4.55995909616366,3.779410990380095,3.0850750967145646
