MDC_Number, CPU_capacity, RAM_capacity,disk_capacity
0,3.174958186893479,3.446858792770651,4.184984308929884
1,3.174958186893479,3.446858792770651,4.184984308929884
2,3.174958186893479,3.446858792770651,4.184984308929884
3,3.174958186893479,3.446858792770651,4.184984308929884
4,3.174958186893479,3.446858792770651,4.184984308929884
5,3.174958186893479,3.446858792770651,4.184984308929884
