MDC_Number, CPU_capacity, RAM_capacity,disk_capacity
0,3.8095352844595496,4.169749441411499,4.213801119355755
1,3.8095352844595496,4.169749441411499,4.213801119355755
2,3.8095352844595496,4.169749441411499,4.213801119355755
3,3.8095352844595496,4.169749441411499,4.213801119355755
4,3.8095352844595496,4.169749441411499,4.213801119355755
5,3.8095352844595496,4.169749441411499,4.213801119355755
