MDC_Number,CPU_cost,RAM_cost,disk_cost
0,0.6263809259288954,0.6490512693833786,0.5386714993319786
1,0.8896909212577547,0.9389351083289497,0.7534547988353146
2,0.7749856808769712,0.8686615638854341,0.8768200053255011
3,0.9421568156119046,0.834602183328264,0.9739748473586871
4,0.9425142399402451,0.578394218077841,0.7894189905513953
5,0.5892599080221377,0.7106520895878671,0.7965580734180764
