MDC_Number, CPU_capacity, RAM_capacity,disk_capacity
0,3.5875617629086975,4.450281946148427,4.104389755930001
1,3.5875617629086975,4.450281946148427,4.104389755930001
2,3.5875617629086975,4.450281946148427,4.104389755930001
3,3.5875617629086975,4.450281946148427,4.104389755930001
4,3.5875617629086975,4.450281946148427,4.104389755930001
5,3.5875617629086975,4.450281946148427,4.104389755930001
