MDC_Number,CPU_cost,RAM_cost,disk_cost
0,0.804068686548531,0.5305831781286059,0.9758311710957044
1,0.7800867835961169,0.6383299697805283,0.8415212354195756
2,0.5891152053457731,0.8609656032671352,0.6315374848477129
3,0.7756159412350379,0.5946316603258988,0.9724100018737424
4,0.6189478365358376,0.9361677874159451,0.8804499068782133
5,0.8483584405836939,0.5229964540109535,0.9278332229230073
