MDC_Number, CPU_capacity, RAM_capacity,disk_capacity
0,4.130230218918144,4.098343359301998,3.976914741658909
1,4.130230218918144,4.098343359301998,3.976914741658909
2,4.130230218918144,4.098343359301998,3.976914741658909
3,4.130230218918144,4.098343359301998,3.976914741658909
4,4.130230218918144,4.098343359301998,3.976914741658909
5,4.130230218918144,4.098343359301998,3.976914741658909
