MDC_Number, CPU_capacity, RAM_capacity,disk_capacity
0,3.95088875943121,4.014202039323142,3.723654411725224
1,3.95088875943121,4.014202039323142,3.723654411725224
2,3.95088875943121,4.014202039323142,3.723654411725224
3,3.95088875943121,4.014202039323142,3.723654411725224
4,3.95088875943121,4.014202039323142,3.723654411725224
5,3.95088875943121,4.014202039323142,3.723654411725224
