MDC_Number, CPU_capacity, RAM_capacity,disk_capacity
0,4.068281111795218,3.832750034119746,3.292187839859754
1,4.068281111795218,3.832750034119746,3.292187839859754
2,4.068281111795218,3.832750034119746,3.292187839859754
3,4.068281111795218,3.832750034119746,3.292187839859754
4,4.068281111795218,3.832750034119746,3.292187839859754
5,4.068281111795218,3.832750034119746,3.292187839859754
