MDC_Number, CPU_capacity, RAM_capacity,disk_capacity
0,3.8866897365426936,3.9011348413147475,3.7447219012895405
1,3.8866897365426936,3.9011348413147475,3.7447219012895405
2,3.8866897365426936,3.9011348413147475,3.7447219012895405
3,3.8866897365426936,3.9011348413147475,3.7447219012895405
4,3.8866897365426936,3.9011348413147475,3.7447219012895405
5,3.8866897365426936,3.9011348413147475,3.7447219012895405
