MDC_Number,CPU_cost,RAM_cost,disk_cost
0,0.5891979548641884,0.7415724916790831,0.6649517623571407
1,0.7618502737077896,0.9890425885564245,0.8988255168782588
2,0.8391159631037294,0.9867905641528827,0.5327071595346131
3,0.9290258841239825,0.9982894193836842,0.7455688353623424
4,0.9895223559091781,0.8755358340775237,0.7005809411521495
5,0.530391567496113,0.8941894419479948,0.6510729363080301
