MDC_Number, CPU_capacity, RAM_capacity,disk_capacity
0,3.7629305471839123,3.8552262042340377,4.186398567344787
1,3.7629305471839123,3.8552262042340377,4.186398567344787
2,3.7629305471839123,3.8552262042340377,4.186398567344787
3,3.7629305471839123,3.8552262042340377,4.186398567344787
4,3.7629305471839123,3.8552262042340377,4.186398567344787
5,3.7629305471839123,3.8552262042340377,4.186398567344787
