MDC_Number, CPU_capacity, RAM_capacity,disk_capacity
0,3.293887272058419,3.33580721583772,3.4720390111790977
1,3.293887272058419,3.33580721583772,3.4720390111790977
2,3.293887272058419,3.33580721583772,3.4720390111790977
3,3.293887272058419,3.33580721583772,3.4720390111790977
4,3.293887272058419,3.33580721583772,3.4720390111790977
5,3.293887272058419,3.33580721583772,3.4720390111790977
