MDC_Number, CPU_capacity, RAM_capacity,disk_capacity
0,3.9189564922795364,3.9185526043794248,4.153425132366809
1,3.9189564922795364,3.9185526043794248,4.153425132366809
2,3.9189564922795364,3.9185526043794248,4.153425132366809
3,3.9189564922795364,3.9185526043794248,4.153425132366809
4,3.9189564922795364,3.9185526043794248,4.153425132366809
5,3.9189564922795364,3.9185526043794248,4.153425132366809
