MDC_Number, CPU_capacity, RAM_capacity,disk_capacity
0,3.807780006939425,4.354765383151663,4.122809271179217
1,3.807780006939425,4.354765383151663,4.122809271179217
2,3.807780006939425,4.354765383151663,4.122809271179217
3,3.807780006939425,4.354765383151663,4.122809271179217
4,3.807780006939425,4.354765383151663,4.122809271179217
5,3.807780006939425,4.354765383151663,4.122809271179217
