MDC_Number, CPU_capacity, RAM_capacity,disk_capacity
0,4.615407976836302,3.920846783865039,4.060356967666379
1,4.615407976836302,3.920846783865039,4.060356967666379
2,4.615407976836302,3.920846783865039,4.060356967666379
3,4.615407976836302,3.920846783865039,4.060356967666379
4,4.615407976836302,3.920846783865039,4.060356967666379
5,4.615407976836302,3.920846783865039,4.060356967666379
