MDC_Number, CPU_capacity, RAM_capacity,disk_capacity
0,4.036769104853844,4.343352721019627,4.312487068427562
1,4.036769104853844,4.343352721019627,4.312487068427562
2,4.036769104853844,4.343352721019627,4.312487068427562
3,4.036769104853844,4.343352721019627,4.312487068427562
4,4.036769104853844,4.343352721019627,4.312487068427562
5,4.036769104853844,4.343352721019627,4.312487068427562
