MDC_Number, CPU_capacity, RAM_capacity,disk_capacity
0,3.7918070075664896,3.4616013204385667,3.4041208966372607
1,3.7918070075664896,3.4616013204385667,3.4041208966372607
2,3.7918070075664896,3.4616013204385667,3.4041208966372607
3,3.7918070075664896,3.4616013204385667,3.4041208966372607
4,3.7918070075664896,3.4616013204385667,3.4041208966372607
5,3.7918070075664896,3.4616013204385667,3.4041208966372607
