MDC_Number, CPU_capacity, RAM_capacity,disk_capacity
0,4.037427752397315,4.320074522725834,3.59977829821276
1,4.037427752397315,4.320074522725834,3.59977829821276
2,4.037427752397315,4.320074522725834,3.59977829821276
3,4.037427752397315,4.320074522725834,3.59977829821276
4,4.037427752397315,4.320074522725834,3.59977829821276
5,4.037427752397315,4.320074522725834,3.59977829821276
