MDC_Number, CPU_capacity, RAM_capacity,disk_capacity
0,3.6399779636155283,4.100969104755786,3.966682016300003
1,3.6399779636155283,4.100969104755786,3.966682016300003
2,3.6399779636155283,4.100969104755786,3.966682016300003
3,3.6399779636155283,4.100969104755786,3.966682016300003
4,3.6399779636155283,4.100969104755786,3.966682016300003
5,3.6399779636155283,4.100969104755786,3.966682016300003
