MDC_Number, CPU_capacity, RAM_capacity,disk_capacity
0,4.469728319464852,3.7761695498713577,4.055800227289101
1,4.469728319464852,3.7761695498713577,4.055800227289101
2,4.469728319464852,3.7761695498713577,4.055800227289101
3,4.469728319464852,3.7761695498713577,4.055800227289101
4,4.469728319464852,3.7761695498713577,4.055800227289101
5,4.469728319464852,3.7761695498713577,4.055800227289101
