MDC_Number, CPU_capacity, RAM_capacity,disk_capacity
0,3.978425585910776,4.175072333795,3.4622744008450965
1,3.978425585910776,4.175072333795,3.4622744008450965
2,3.978425585910776,4.175072333795,3.4622744008450965
3,3.978425585910776,4.175072333795,3.4622744008450965
4,3.978425585910776,4.175072333795,3.4622744008450965
5,3.978425585910776,4.175072333795,3.4622744008450965
