MDC_Number, CPU_capacity, RAM_capacity,disk_capacity
0,3.4989385220581464,3.3775601619176454,3.7600028397022545
1,3.4989385220581464,3.3775601619176454,3.7600028397022545
2,3.4989385220581464,3.3775601619176454,3.7600028397022545
3,3.4989385220581464,3.3775601619176454,3.7600028397022545
4,3.4989385220581464,3.3775601619176454,3.7600028397022545
5,3.4989385220581464,3.3775601619176454,3.7600028397022545
