MDC_Number, CPU_capacity, RAM_capacity,disk_capacity
0,3.952008148112982,3.859252685204413,3.7786052215124455
1,3.952008148112982,3.859252685204413,3.7786052215124455
2,3.952008148112982,3.859252685204413,3.7786052215124455
3,3.952008148112982,3.859252685204413,3.7786052215124455
4,3.952008148112982,3.859252685204413,3.7786052215124455
5,3.952008148112982,3.859252685204413,3.7786052215124455
