MDC_Number, CPU_capacity, RAM_capacity,disk_capacity
0,3.498192284909632,3.4379168491679435,4.452952201962489
1,3.498192284909632,3.4379168491679435,4.452952201962489
2,3.498192284909632,3.4379168491679435,4.452952201962489
3,3.498192284909632,3.4379168491679435,4.452952201962489
4,3.498192284909632,3.4379168491679435,4.452952201962489
5,3.498192284909632,3.4379168491679435,4.452952201962489
