MDC_Number, CPU_capacity, RAM_capacity,disk_capacity
0,3.821102049594619,3.3761497030386884,3.445622697549797
1,3.821102049594619,3.3761497030386884,3.445622697549797
2,3.821102049594619,3.3761497030386884,3.445622697549797
3,3.821102049594619,3.3761497030386884,3.445622697549797
4,3.821102049594619,3.3761497030386884,3.445622697549797
5,3.821102049594619,3.3761497030386884,3.445622697549797
