MDC_Number,CPU_cost,RAM_cost,disk_cost
0,0.7850354787847891,0.6094703742169585,0.929484577287033
1,0.8405336120463414,0.8491548278188945,0.949294956430337
2,0.8672990666444548,0.8114313359019796,0.7487237868546978
3,0.9665323173365498,0.7419139679275135,0.7353198106409046
4,0.8071279325801946,0.6239096794720003,0.628314813457509
5,0.8266311632468046,0.7385602991306556,0.6059821887394866
