MDC_Number, CPU_capacity, RAM_capacity,disk_capacity
0,4.110248860474307,3.964457251412265,3.722470520170247
1,4.110248860474307,3.964457251412265,3.722470520170247
2,4.110248860474307,3.964457251412265,3.722470520170247
3,4.110248860474307,3.964457251412265,3.722470520170247
4,4.110248860474307,3.964457251412265,3.722470520170247
5,4.110248860474307,3.964457251412265,3.722470520170247
