MDC_Number, CPU_capacity, RAM_capacity,disk_capacity
0,4.2354296616314375,3.588391858881701,4.033049749892469
1,4.2354296616314375,3.588391858881701,4.033049749892469
2,4.2354296616314375,3.588391858881701,4.033049749892469
3,4.2354296616314375,3.588391858881701,4.033049749892469
4,4.2354296616314375,3.588391858881701,4.033049749892469
5,4.2354296616314375,3.588391858881701,4.033049749892469
