MDC_Number, CPU_capacity, RAM_capacity,disk_capacity
0,4.008255322020576,3.5043184538600354,4.782545946053881
1,4.008255322020576,3.5043184538600354,4.782545946053881
2,4.008255322020576,3.5043184538600354,4.782545946053881
3,4.008255322020576,3.5043184538600354,4.782545946053881
4,4.008255322020576,3.5043184538600354,4.782545946053881
5,4.008255322020576,3.5043184538600354,4.782545946053881
