MDC_Number, CPU_capacity, RAM_capacity,disk_capacity
0,4.388590526259651,3.8973862472208047,3.7097839003270043
1,4.388590526259651,3.8973862472208047,3.7097839003270043
2,4.388590526259651,3.8973862472208047,3.7097839003270043
3,4.388590526259651,3.8973862472208047,3.7097839003270043
4,4.388590526259651,3.8973862472208047,3.7097839003270043
5,4.388590526259651,3.8973862472208047,3.7097839003270043
