MDC_Number, CPU_capacity, RAM_capacity,disk_capacity
0,3.3435960922056918,2.9215337744394176,3.606042158328566
1,3.3435960922056918,2.9215337744394176,3.606042158328566
2,3.3435960922056918,2.9215337744394176,3.606042158328566
3,3.3435960922056918,2.9215337744394176,3.606042158328566
4,3.3435960922056918,2.9215337744394176,3.606042158328566
5,3.3435960922056918,2.9215337744394176,3.606042158328566
