MDC_Number, CPU_capacity, RAM_capacity,disk_capacity
0,3.160201108403935,3.7387192326268677,4.927198773078026
1,3.160201108403935,3.7387192326268677,4.927198773078026
2,3.160201108403935,3.7387192326268677,4.927198773078026
3,3.160201108403935,3.7387192326268677,4.927198773078026
4,3.160201108403935,3.7387192326268677,4.927198773078026
5,3.160201108403935,3.7387192326268677,4.927198773078026
