MDC_Number, CPU_capacity, RAM_capacity,disk_capacity
0,3.9910303086809416,3.868089224690578,4.08518725727018
1,3.9910303086809416,3.868089224690578,4.08518725727018
2,3.9910303086809416,3.868089224690578,4.08518725727018
3,3.9910303086809416,3.868089224690578,4.08518725727018
4,3.9910303086809416,3.868089224690578,4.08518725727018
5,3.9910303086809416,3.868089224690578,4.08518725727018
