MDC_Number, CPU_capacity, RAM_capacity,disk_capacity
0,3.8005171717336514,4.098822965000106,3.9941171908790363
1,3.8005171717336514,4.098822965000106,3.9941171908790363
2,3.8005171717336514,4.098822965000106,3.9941171908790363
3,3.8005171717336514,4.098822965000106,3.9941171908790363
4,3.8005171717336514,4.098822965000106,3.9941171908790363
5,3.8005171717336514,4.098822965000106,3.9941171908790363
