MDC_Number, CPU_capacity, RAM_capacity,disk_capacity
0,3.512170254223283,3.652289287092284,4.0648456366213015
1,3.512170254223283,3.652289287092284,4.0648456366213015
2,3.512170254223283,3.652289287092284,4.0648456366213015
3,3.512170254223283,3.652289287092284,4.0648456366213015
4,3.512170254223283,3.652289287092284,4.0648456366213015
5,3.512170254223283,3.652289287092284,4.0648456366213015
