MDC_Number, CPU_capacity, RAM_capacity,disk_capacity
0,3.9891423706077256,4.293344396876108,4.130436074098316
1,3.9891423706077256,4.293344396876108,4.130436074098316
2,3.9891423706077256,4.293344396876108,4.130436074098316
3,3.9891423706077256,4.293344396876108,4.130436074098316
4,3.9891423706077256,4.293344396876108,4.130436074098316
5,3.9891423706077256,4.293344396876108,4.130436074098316
