MDC_Number, CPU_capacity, RAM_capacity,disk_capacity
0,4.172091254733416,3.526989766457148,4.307040526922162
1,4.172091254733416,3.526989766457148,4.307040526922162
2,4.172091254733416,3.526989766457148,4.307040526922162
3,4.172091254733416,3.526989766457148,4.307040526922162
4,4.172091254733416,3.526989766457148,4.307040526922162
5,4.172091254733416,3.526989766457148,4.307040526922162
