MDC_Number, CPU_capacity, RAM_capacity,disk_capacity
0,3.9458682126055282,2.909564989584564,4.577064106662567
1,3.9458682126055282,2.909564989584564,4.577064106662567
2,3.9458682126055282,2.909564989584564,4.577064106662567
3,3.9458682126055282,2.909564989584564,4.577064106662567
4,3.9458682126055282,2.909564989584564,4.577064106662567
5,3.9458682126055282,2.909564989584564,4.577064106662567
