MDC_Number, CPU_capacity, RAM_capacity,disk_capacity
0,4.44978294696293,3.7545905522458844,3.768871612504795
1,4.44978294696293,3.7545905522458844,3.768871612504795
2,4.44978294696293,3.7545905522458844,3.768871612504795
3,4.44978294696293,3.7545905522458844,3.768871612504795
4,4.44978294696293,3.7545905522458844,3.768871612504795
5,4.44978294696293,3.7545905522458844,3.768871612504795
