MDC_Number, CPU_capacity, RAM_capacity,disk_capacity
0,4.3577228100759715,3.9656542996240365,3.916339422114234
1,4.3577228100759715,3.9656542996240365,3.916339422114234
2,4.3577228100759715,3.9656542996240365,3.916339422114234
3,4.3577228100759715,3.9656542996240365,3.916339422114234
4,4.3577228100759715,3.9656542996240365,3.916339422114234
5,4.3577228100759715,3.9656542996240365,3.916339422114234
