MDC_Number, CPU_capacity, RAM_capacity,disk_capacity
0,4.060612743273578,3.528019169207234,4.481145592940162
1,4.060612743273578,3.528019169207234,4.481145592940162
2,4.060612743273578,3.528019169207234,4.481145592940162
3,4.060612743273578,3.528019169207234,4.481145592940162
4,4.060612743273578,3.528019169207234,4.481145592940162
5,4.060612743273578,3.528019169207234,4.481145592940162
