MDC_Number, CPU_capacity, RAM_capacity,disk_capacity
0,4.145103681907607,3.954280033655431,3.995115083313015
1,4.145103681907607,3.954280033655431,3.995115083313015
2,4.145103681907607,3.954280033655431,3.995115083313015
3,4.145103681907607,3.954280033655431,3.995115083313015
4,4.145103681907607,3.954280033655431,3.995115083313015
5,4.145103681907607,3.954280033655431,3.995115083313015
