MDC_Number, CPU_capacity, RAM_capacity,disk_capacity
0,4.81273086889702,3.4127416830221833,4.191532011699908
1,4.81273086889702,3.4127416830221833,4.191532011699908
2,4.81273086889702,3.4127416830221833,4.191532011699908
3,4.81273086889702,3.4127416830221833,4.191532011699908
4,4.81273086889702,3.4127416830221833,4.191532011699908
5,4.81273086889702,3.4127416830221833,4.191532011699908
