MDC_Number, CPU_capacity, RAM_capacity,disk_capacity
0,3.8355014314885496,4.030588309219115,4.050407309165051
1,3.8355014314885496,4.030588309219115,4.050407309165051
2,3.8355014314885496,4.030588309219115,4.050407309165051
3,3.8355014314885496,4.030588309219115,4.050407309165051
4,3.8355014314885496,4.030588309219115,4.050407309165051
5,3.8355014314885496,4.030588309219115,4.050407309165051
