MDC_Number, CPU_capacity, RAM_capacity,disk_capacity
0,4.043797912499633,3.4450981098551616,4.606763244690503
1,4.043797912499633,3.4450981098551616,4.606763244690503
2,4.043797912499633,3.4450981098551616,4.606763244690503
3,4.043797912499633,3.4450981098551616,4.606763244690503
4,4.043797912499633,3.4450981098551616,4.606763244690503
5,4.043797912499633,3.4450981098551616,4.606763244690503
