MDC_Number, CPU_capacity, RAM_capacity,disk_capacity
0,3.6846161424598756,3.987243496294055,4.206540229111319
1,3.6846161424598756,3.987243496294055,4.206540229111319
2,3.6846161424598756,3.987243496294055,4.206540229111319
3,3.6846161424598756,3.987243496294055,4.206540229111319
4,3.6846161424598756,3.987243496294055,4.206540229111319
5,3.6846161424598756,3.987243496294055,4.206540229111319
