MDC_Number, CPU_capacity, RAM_capacity,disk_capacity
0,3.404517617085392,3.786862242241457,4.488768680041483
1,3.404517617085392,3.786862242241457,4.488768680041483
2,3.404517617085392,3.786862242241457,4.488768680041483
3,3.404517617085392,3.786862242241457,4.488768680041483
4,3.404517617085392,3.786862242241457,4.488768680041483
5,3.404517617085392,3.786862242241457,4.488768680041483
