MDC_Number, CPU_capacity, RAM_capacity,disk_capacity
0,3.711677906285377,3.6478170326141064,4.0434402138261305
1,3.711677906285377,3.6478170326141064,4.0434402138261305
2,3.711677906285377,3.6478170326141064,4.0434402138261305
3,3.711677906285377,3.6478170326141064,4.0434402138261305
4,3.711677906285377,3.6478170326141064,4.0434402138261305
5,3.711677906285377,3.6478170326141064,4.0434402138261305
