MDC_Number, CPU_capacity, RAM_capacity,disk_capacity
0,4.060300751495494,4.166802444180307,3.8354670901735703
1,4.060300751495494,4.166802444180307,3.8354670901735703
2,4.060300751495494,4.166802444180307,3.8354670901735703
3,4.060300751495494,4.166802444180307,3.8354670901735703
4,4.060300751495494,4.166802444180307,3.8354670901735703
5,4.060300751495494,4.166802444180307,3.8354670901735703
