MDC_Number, CPU_capacity, RAM_capacity,disk_capacity
0,3.751262213586781,4.894863431845108,3.345976833259844
1,3.751262213586781,4.894863431845108,3.345976833259844
2,3.751262213586781,4.894863431845108,3.345976833259844
3,3.751262213586781,4.894863431845108,3.345976833259844
4,3.751262213586781,4.894863431845108,3.345976833259844
5,3.751262213586781,4.894863431845108,3.345976833259844
