MDC_Number,CPU_cost,RAM_cost,disk_cost
0,0.6055058299206981,0.5532715238506539,0.5626719047004973
1,0.531614373903038,0.7295046970108323,0.5922692280092847
2,0.6110966505415443,0.9381904026673966,0.765705511224066
3,0.9898219186942082,0.726844943419291,0.9171107451865166
4,0.8276813286622577,0.6781317117301144,0.7312841864915989
5,0.5579248068829629,0.8328148543977307,0.6446263344103931
