MDC_Number, CPU_capacity, RAM_capacity,disk_capacity
0,4.090278529181959,3.2839848720182707,3.836887183433478
1,4.090278529181959,3.2839848720182707,3.836887183433478
2,4.090278529181959,3.2839848720182707,3.836887183433478
3,4.090278529181959,3.2839848720182707,3.836887183433478
4,4.090278529181959,3.2839848720182707,3.836887183433478
5,4.090278529181959,3.2839848720182707,3.836887183433478
