MDC_Number, CPU_capacity, RAM_capacity,disk_capacity
0,4.229216302544915,3.9835865996641364,3.496658192629042
1,4.229216302544915,3.9835865996641364,3.496658192629042
2,4.229216302544915,3.9835865996641364,3.496658192629042
3,4.229216302544915,3.9835865996641364,3.496658192629042
4,4.229216302544915,3.9835865996641364,3.496658192629042
5,4.229216302544915,3.9835865996641364,3.496658192629042
