MDC_Number, CPU_capacity, RAM_capacity,disk_capacity
0,3.7998796960267,4.258413876095775,3.9793355257338994
1,3.7998796960267,4.258413876095775,3.9793355257338994
2,3.7998796960267,4.258413876095775,3.9793355257338994
3,3.7998796960267,4.258413876095775,3.9793355257338994
4,3.7998796960267,4.258413876095775,3.9793355257338994
5,3.7998796960267,4.258413876095775,3.9793355257338994
