MDC_Number, CPU_capacity, RAM_capacity,disk_capacity
0,4.26939119347255,3.9572887953082403,4.166954008222557
1,4.26939119347255,3.9572887953082403,4.166954008222557
2,4.26939119347255,3.9572887953082403,4.166954008222557
3,4.26939119347255,3.9572887953082403,4.166954008222557
4,4.26939119347255,3.9572887953082403,4.166954008222557
5,4.26939119347255,3.9572887953082403,4.166954008222557
