MDC_Number, CPU_capacity, RAM_capacity,disk_capacity
0,3.7996643744301184,4.127582041232205,3.6677165944766426
1,3.7996643744301184,4.127582041232205,3.6677165944766426
2,3.7996643744301184,4.127582041232205,3.6677165944766426
3,3.7996643744301184,4.127582041232205,3.6677165944766426
4,3.7996643744301184,4.127582041232205,3.6677165944766426
5,3.7996643744301184,4.127582041232205,3.6677165944766426
