MDC_Number, CPU_capacity, RAM_capacity,disk_capacity
0,3.9586104382313527,4.788859126883859,3.4955563472568234
1,3.9586104382313527,4.788859126883859,3.4955563472568234
2,3.9586104382313527,4.788859126883859,3.4955563472568234
3,3.9586104382313527,4.788859126883859,3.4955563472568234
4,3.9586104382313527,4.788859126883859,3.4955563472568234
5,3.9586104382313527,4.788859126883859,3.4955563472568234
