MDC_Number, CPU_capacity, RAM_capacity,disk_capacity
0,3.627827015630033,3.9822394020703915,3.976006556693985
1,3.627827015630033,3.9822394020703915,3.976006556693985
2,3.627827015630033,3.9822394020703915,3.976006556693985
3,3.627827015630033,3.9822394020703915,3.976006556693985
4,3.627827015630033,3.9822394020703915,3.976006556693985
5,3.627827015630033,3.9822394020703915,3.976006556693985
