MDC_Number, CPU_capacity, RAM_capacity,disk_capacity
0,4.0869598685171304,3.306239046492233,3.774229372394108
1,4.0869598685171304,3.306239046492233,3.774229372394108
2,4.0869598685171304,3.306239046492233,3.774229372394108
3,4.0869598685171304,3.306239046492233,3.774229372394108
4,4.0869598685171304,3.306239046492233,3.774229372394108
5,4.0869598685171304,3.306239046492233,3.774229372394108
