MDC_Number, CPU_capacity, RAM_capacity,disk_capacity
0,3.7349390571563568,4.529554882005937,4.418227467989689
1,3.7349390571563568,4.529554882005937,4.418227467989689
2,3.7349390571563568,4.529554882005937,4.418227467989689
3,3.7349390571563568,4.529554882005937,4.418227467989689
4,3.7349390571563568,4.529554882005937,4.418227467989689
5,3.7349390571563568,4.529554882005937,4.418227467989689
