MDC_Number, CPU_capacity, RAM_capacity,disk_capacity
0,4.0434482213109755,3.9753089118985057,3.9056778923345052
1,4.0434482213109755,3.9753089118985057,3.9056778923345052
2,4.0434482213109755,3.9753089118985057,3.9056778923345052
3,4.0434482213109755,3.9753089118985057,3.9056778923345052
4,4.0434482213109755,3.9753089118985057,3.9056778923345052
5,4.0434482213109755,3.9753089118985057,3.9056778923345052
