MDC_Number, CPU_capacity, RAM_capacity,disk_capacity
0,3.4457307982180794,4.226973431617198,3.746832070829249
1,3.4457307982180794,4.226973431617198,3.746832070829249
2,3.4457307982180794,4.226973431617198,3.746832070829249
3,3.4457307982180794,4.226973431617198,3.746832070829249
4,3.4457307982180794,4.226973431617198,3.746832070829249
5,3.4457307982180794,4.226973431617198,3.746832070829249
