MDC_Number, CPU_capacity, RAM_capacity,disk_capacity
0,3.7406654273579245,3.888809539511883,3.381490093750014
1,3.7406654273579245,3.888809539511883,3.381490093750014
2,3.7406654273579245,3.888809539511883,3.381490093750014
3,3.7406654273579245,3.888809539511883,3.381490093750014
4,3.7406654273579245,3.888809539511883,3.381490093750014
5,3.7406654273579245,3.888809539511883,3.381490093750014
