MDC_Number, CPU_capacity, RAM_capacity,disk_capacity
0,3.661589226552244,3.2357361809227574,3.529398011653125
1,3.661589226552244,3.2357361809227574,3.529398011653125
2,3.661589226552244,3.2357361809227574,3.529398011653125
3,3.661589226552244,3.2357361809227574,3.529398011653125
4,3.661589226552244,3.2357361809227574,3.529398011653125
5,3.661589226552244,3.2357361809227574,3.529398011653125
