MDC_Number, CPU_capacity, RAM_capacity,disk_capacity
0,3.5797890987111587,3.602707258140716,3.8435799786017837
1,3.5797890987111587,3.602707258140716,3.8435799786017837
2,3.5797890987111587,3.602707258140716,3.8435799786017837
3,3.5797890987111587,3.602707258140716,3.8435799786017837
4,3.5797890987111587,3.602707258140716,3.8435799786017837
5,3.5797890987111587,3.602707258140716,3.8435799786017837
