MDC_Number, CPU_capacity, RAM_capacity,disk_capacity
0,3.33822149029452,3.5960365626868476,3.3293379838293355
1,3.33822149029452,3.5960365626868476,3.3293379838293355
2,3.33822149029452,3.5960365626868476,3.3293379838293355
3,3.33822149029452,3.5960365626868476,3.3293379838293355
4,3.33822149029452,3.5960365626868476,3.3293379838293355
5,3.33822149029452,3.5960365626868476,3.3293379838293355
