MDC_Number, CPU_capacity, RAM_capacity,disk_capacity
0,3.7794824212436504,4.344146616393741,4.036978269093339
1,3.7794824212436504,4.344146616393741,4.036978269093339
2,3.7794824212436504,4.344146616393741,4.036978269093339
3,3.7794824212436504,4.344146616393741,4.036978269093339
4,3.7794824212436504,4.344146616393741,4.036978269093339
5,3.7794824212436504,4.344146616393741,4.036978269093339
