MDC_Number,CPU_cost,RAM_cost,disk_cost
0,0.9930357923751444,0.8663232300134227,0.7586577698225434
1,0.9924768594468057,0.7113976957869583,0.7856504035927188
2,0.7724788885887213,0.7853914019552748,0.8642931939364145
3,0.838198085618391,0.9314171508612948,0.6681352464624208
4,0.8688191845645488,0.9109467982870916,0.8086117762033931
5,0.7688375584000815,0.5939328320894643,0.9953416078769844
