MDC_Number, CPU_capacity, RAM_capacity,disk_capacity
0,2.7917911118716687,2.747371562685129,2.6653946468360448
1,2.7917911118716687,2.747371562685129,2.6653946468360448
2,2.7917911118716687,2.747371562685129,2.6653946468360448
3,2.7917911118716687,2.747371562685129,2.6653946468360448
4,2.7917911118716687,2.747371562685129,2.6653946468360448
5,2.7917911118716687,2.747371562685129,2.6653946468360448
