MDC_Number,CPU_cost,RAM_cost,disk_cost
0,0.6774141308423903,0.5876142264800622,0.5292046596730835
1,0.6732517211586024,0.7215143493304443,0.678825523866909
2,0.7205865169574321,0.6428109671419462,0.8893420491627921
3,0.954354458640218,0.541769775744456,0.9307342456380171
4,0.7931201393630114,0.9786629668838198,0.608186234758838
5,0.8886947900716439,0.7869704815016749,0.7848845452107369
