MDC_Number, CPU_capacity, RAM_capacity,disk_capacity
0,2.695865274999755,2.296732073236774,3.0711754964603357
1,2.695865274999755,2.296732073236774,3.0711754964603357
2,2.695865274999755,2.296732073236774,3.0711754964603357
3,2.695865274999755,2.296732073236774,3.0711754964603357
4,2.695865274999755,2.296732073236774,3.0711754964603357
5,2.695865274999755,2.296732073236774,3.0711754964603357
