MDC_Number, CPU_capacity, RAM_capacity,disk_capacity
0,2.6271659286755864,2.5187685038328085,2.457104774564146
1,2.6271659286755864,2.5187685038328085,2.457104774564146
2,2.6271659286755864,2.5187685038328085,2.457104774564146
3,2.6271659286755864,2.5187685038328085,2.457104774564146
4,2.6271659286755864,2.5187685038328085,2.457104774564146
5,2.6271659286755864,2.5187685038328085,2.457104774564146
