MDC_Number,CPU_cost,RAM_cost,disk_cost
0,0.5472905599585682,0.9037732551247866,0.792314671300778
1,0.513833085974592,0.800434222252884,0.7413720792521148
2,0.5014509695834373,0.755070127038043,0.6083848215578824
3,0.8214070325190808,0.9202576966543334,0.8888597826371183
4,0.6838659603050797,0.5482850593604252,0.9286988298841324
5,0.5455050008303755,0.7252308983814424,0.9974996919970966
