MDC_Number, CPU_capacity, RAM_capacity,disk_capacity
0,2.5570009543256993,2.6870588728127434,2.700271539443367
1,2.5570009543256993,2.6870588728127434,2.700271539443367
2,2.5570009543256993,2.6870588728127434,2.700271539443367
3,2.5570009543256993,2.6870588728127434,2.700271539443367
4,2.5570009543256993,2.6870588728127434,2.700271539443367
5,2.5570009543256993,2.6870588728127434,2.700271539443367
