MDC_Number, CPU_capacity, RAM_capacity,disk_capacity
0,2.6645283334312544,2.3723159067675152,2.5022934554351095
1,2.6645283334312544,2.3723159067675152,2.5022934554351095
2,2.6645283334312544,2.3723159067675152,2.5022934554351095
3,2.6645283334312544,2.3723159067675152,2.5022934554351095
4,2.6645283334312544,2.3723159067675152,2.5022934554351095
5,2.6645283334312544,2.3723159067675152,2.5022934554351095
