MDC_Number, CPU_capacity, RAM_capacity,disk_capacity
0,2.8462607956483663,2.6381925302054934,2.7779693388150384
1,2.8462607956483663,2.6381925302054934,2.7779693388150384
2,2.8462607956483663,2.6381925302054934,2.7779693388150384
3,2.8462607956483663,2.6381925302054934,2.7779693388150384
4,2.8462607956483663,2.6381925302054934,2.7779693388150384
5,2.8462607956483663,2.6381925302054934,2.7779693388150384
