MDC_Number, CPU_capacity, RAM_capacity,disk_capacity
0,2.7573449640016103,2.7121327980650114,2.610167305179487
1,2.7573449640016103,2.7121327980650114,2.610167305179487
2,2.7573449640016103,2.7121327980650114,2.610167305179487
3,2.7573449640016103,2.7121327980650114,2.610167305179487
4,2.7573449640016103,2.7121327980650114,2.610167305179487
5,2.7573449640016103,2.7121327980650114,2.610167305179487
