MDC_Number, CPU_capacity, RAM_capacity,disk_capacity
0,2.721102926296787,2.310398584273582,2.6759503892065863
1,2.721102926296787,2.310398584273582,2.6759503892065863
2,2.721102926296787,2.310398584273582,2.6759503892065863
3,2.721102926296787,2.310398584273582,2.6759503892065863
4,2.721102926296787,2.310398584273582,2.6759503892065863
5,2.721102926296787,2.310398584273582,2.6759503892065863
