MDC_Number, CPU_capacity, RAM_capacity,disk_capacity
0,2.6228402793063137,2.2962935151013064,2.8260430742667473
1,2.6228402793063137,2.2962935151013064,2.8260430742667473
2,2.6228402793063137,2.2962935151013064,2.8260430742667473
3,2.6228402793063137,2.2962935151013064,2.8260430742667473
4,2.6228402793063137,2.2962935151013064,2.8260430742667473
5,2.6228402793063137,2.2962935151013064,2.8260430742667473
