MDC_Number,CPU_cost,RAM_cost,disk_cost
0,0.9096663845240257,0.7552475954719067,0.8059765341061884
1,0.5050532917124044,0.8174472251159526,0.695164673806047
2,0.8465407861436689,0.7667956426675908,0.6842369277044548
3,0.5621792641964078,0.5415435611141608,0.9460574693853327
4,0.9641241583249185,0.5459313181276297,0.5247913646248745
5,0.9028340232882085,0.7453350200245705,0.8234721625711994
