MDC_Number,CPU_cost,RAM_cost,disk_cost
0,0.8850617737037598,0.9535351125218925,0.9200424390924736
1,0.7641838623258026,0.6976696201841969,0.8422806944718549
2,0.7817697771272639,0.5116181836187463,0.8408486322126276
3,0.8036041660065785,0.9466559819316712,0.7292216698100773
4,0.5724755985542798,0.7363324059616672,0.6981189930163019
5,0.9235608062941789,0.6619230748994692,0.6694449251417636
