MDC_Number, CPU_capacity, RAM_capacity,disk_capacity
0,2.465875314988845,2.669779060508902,2.724742587626268
1,2.465875314988845,2.669779060508902,2.724742587626268
2,2.465875314988845,2.669779060508902,2.724742587626268
3,2.465875314988845,2.669779060508902,2.724742587626268
4,2.465875314988845,2.669779060508902,2.724742587626268
5,2.465875314988845,2.669779060508902,2.724742587626268
