MDC_Number, CPU_capacity, RAM_capacity,disk_capacity
0,2.4628317270692452,2.33204480527081,2.3250566424484695
1,2.4628317270692452,2.33204480527081,2.3250566424484695
2,2.4628317270692452,2.33204480527081,2.3250566424484695
3,2.4628317270692452,2.33204480527081,2.3250566424484695
4,2.4628317270692452,2.33204480527081,2.3250566424484695
5,2.4628317270692452,2.33204480527081,2.3250566424484695
