MDC_Number,CPU_cost,RAM_cost,disk_cost
0,0.8896409344649612,0.8324948926349764,0.8058876880507224
1,0.6800088806491432,0.882940514258141,0.627833368299267
2,0.8539897861940058,0.7315324466932729,0.5555177530038897
3,0.8368446155450803,0.9270117900198731,0.7999878621320644
4,0.7586921964648587,0.5648241666700351,0.6566390394160015
5,0.5671610029630184,0.8303365274402084,0.7118581233532773
