MDC_Number, CPU_capacity, RAM_capacity,disk_capacity
0,2.3770805375242463,2.6131110321146727,2.6355758170878523
1,2.3770805375242463,2.6131110321146727,2.6355758170878523
2,2.3770805375242463,2.6131110321146727,2.6355758170878523
3,2.3770805375242463,2.6131110321146727,2.6355758170878523
4,2.3770805375242463,2.6131110321146727,2.6355758170878523
5,2.3770805375242463,2.6131110321146727,2.6355758170878523
