MDC_Number, CPU_capacity, RAM_capacity,disk_capacity
0,2.3817831877436224,2.9333289961162676,2.65258873657032
1,2.3817831877436224,2.9333289961162676,2.65258873657032
2,2.3817831877436224,2.9333289961162676,2.65258873657032
3,2.3817831877436224,2.9333289961162676,2.65258873657032
4,2.3817831877436224,2.9333289961162676,2.65258873657032
5,2.3817831877436224,2.9333289961162676,2.65258873657032
