MDC_Number, CPU_capacity, RAM_capacity,disk_capacity
0,2.2971538654787196,2.8179822877447984,2.4978880472194995
1,2.2971538654787196,2.8179822877447984,2.4978880472194995
2,2.2971538654787196,2.8179822877447984,2.4978880472194995
3,2.2971538654787196,2.8179822877447984,2.4978880472194995
4,2.2971538654787196,2.8179822877447984,2.4978880472194995
5,2.2971538654787196,2.8179822877447984,2.4978880472194995
