MDC_Number, CPU_capacity, RAM_capacity,disk_capacity
0,2.144180673707003,2.5795303300385615,2.4878761375655367
1,2.144180673707003,2.5795303300385615,2.4878761375655367
2,2.144180673707003,2.5795303300385615,2.4878761375655367
3,2.144180673707003,2.5795303300385615,2.4878761375655367
4,2.144180673707003,2.5795303300385615,2.4878761375655367
5,2.144180673707003,2.5795303300385615,2.4878761375655367
