MDC_Number, CPU_capacity, RAM_capacity,disk_capacity
0,2.647832839159436,2.6360719369991554,2.167494753029699
1,2.647832839159436,2.6360719369991554,2.167494753029699
2,2.647832839159436,2.6360719369991554,2.167494753029699
3,2.647832839159436,2.6360719369991554,2.167494753029699
4,2.647832839159436,2.6360719369991554,2.167494753029699
5,2.647832839159436,2.6360719369991554,2.167494753029699
