MDC_Number,CPU_cost,RAM_cost,disk_cost
0,0.6719689046913084,0.6135630328901105,0.6103616256315181
1,0.6036920826874219,0.6751009487835784,0.7748874794476159
2,0.7393212913951774,0.6723368277574062,0.5643074162979789
3,0.6457643742096066,0.9280970056654241,0.6561835913888157
4,0.6934429848624737,0.604032061148615,0.7030135143831155
5,0.6872427392858056,0.5229786074086913,0.746052582379143
