MDC_Number, CPU_capacity, RAM_capacity,disk_capacity
0,2.1359193715310036,2.51765126428647,2.308401100190017
1,2.1359193715310036,2.51765126428647,2.308401100190017
2,2.1359193715310036,2.51765126428647,2.308401100190017
3,2.1359193715310036,2.51765126428647,2.308401100190017
4,2.1359193715310036,2.51765126428647,2.308401100190017
5,2.1359193715310036,2.51765126428647,2.308401100190017
