MDC_Number,CPU_cost,RAM_cost,disk_cost
0,0.9498521553709103,0.9719070792325757,0.6260331047786487
1,0.5038370682142235,0.578926791726518,0.9493963856190728
2,0.9850122558261956,0.6680890987404804,0.6293539256841081
3,0.7531713368009336,0.6206164677727781,0.5251973031431021
4,0.9911125982112768,0.5198824728624342,0.931162171865427
5,0.6132030563270507,0.9035878566359485,0.5138457569268058
