MDC_Number, CPU_capacity, RAM_capacity,disk_capacity
0,2.821851796384657,2.722148942079604,2.4037931430334347
1,2.821851796384657,2.722148942079604,2.4037931430334347
2,2.821851796384657,2.722148942079604,2.4037931430334347
3,2.821851796384657,2.722148942079604,2.4037931430334347
4,2.821851796384657,2.722148942079604,2.4037931430334347
5,2.821851796384657,2.722148942079604,2.4037931430334347
