MDC_Number,CPU_cost,RAM_cost,disk_cost
0,0.6360989237207275,0.5852941721106519,0.9786885181844809
1,0.5567336418667025,0.6130024539038765,0.8270633704993131
2,0.8691842244791514,0.6141969224565824,0.6634190443805028
3,0.7281075309457387,0.6567071111745111,0.8047589738028454
4,0.8693873486286823,0.8209714213705556,0.9306086644924965
5,0.9975601425220466,0.857547060470617,0.672713110343024
