MDC_Number,CPU_cost,RAM_cost,disk_cost
0,0.6680653197491002,0.7716078200018975,0.6910161475752302
1,0.9535953740156011,0.8460510434423547,0.8801224133796207
2,0.8992085403902456,0.709630826116433,0.6592883053099965
3,0.8205556303400858,0.8163384139275649,0.8606651351173376
4,0.5085971650139484,0.9525566819725388,0.698569904674212
5,0.6311670054675638,0.6337563375036032,0.5096984188310043
