MDC_Number, CPU_capacity, RAM_capacity,disk_capacity
0,2.5394702354450094,2.3527711727084424,2.5140457396516647
1,2.5394702354450094,2.3527711727084424,2.5140457396516647
2,2.5394702354450094,2.3527711727084424,2.5140457396516647
3,2.5394702354450094,2.3527711727084424,2.5140457396516647
4,2.5394702354450094,2.3527711727084424,2.5140457396516647
5,2.5394702354450094,2.3527711727084424,2.5140457396516647
