MDC_Number,CPU_cost,RAM_cost,disk_cost
0,0.5496820148159878,0.8706823169268167,0.6079169199061691
1,0.8509179815154653,0.5311438422380065,0.5495159619808361
2,0.9560657425513914,0.8896804923962682,0.6319348157718656
3,0.9120793598910739,0.5444463237145747,0.8521469206077923
4,0.8000209638213132,0.986330883781706,0.6344890572685291
5,0.5332670657168208,0.740568717469526,0.5392803748880741
