MDC_Number,CPU_cost,RAM_cost,disk_cost
0,0.8396643652213479,0.5640217122446409,0.7720649537524299
1,0.8370892525046649,0.9552251581028068,0.6805680825434498
2,0.962324788240271,0.5006740057367856,0.5218009999876327
3,0.57181416835636,0.7487276688445554,0.7180502464271646
4,0.9718400523005668,0.6744284920028303,0.5271624445424599
5,0.8117769510045114,0.6553293847415749,0.7997965545252382
