MDC_Number, CPU_capacity, RAM_capacity,disk_capacity
0,2.3917078419391316,2.9668546307656176,2.7362598372866667
1,2.3917078419391316,2.9668546307656176,2.7362598372866667
2,2.3917078419391316,2.9668546307656176,2.7362598372866667
3,2.3917078419391316,2.9668546307656176,2.7362598372866667
4,2.3917078419391316,2.9668546307656176,2.7362598372866667
5,2.3917078419391316,2.9668546307656176,2.7362598372866667
