MDC_Number,CPU_cost,RAM_cost,disk_cost
0,0.9077735901286028,0.5320057805320006,0.8403513354015885
1,0.5170355241549194,0.5844455804631699,0.7116460485220335
2,0.5095749453010594,0.5492244030041111,0.5113812789530725
3,0.7148108297910388,0.8043572674254315,0.9702121886487283
4,0.6461009456683594,0.5165193858741968,0.7452982284849146
5,0.71404694454327,0.5102556453812601,0.968540747916897
