MDC_Number, CPU_capacity, RAM_capacity,disk_capacity
0,2.9486218513347175,2.341000307958233,2.5304987181871126
1,2.9486218513347175,2.341000307958233,2.5304987181871126
2,2.9486218513347175,2.341000307958233,2.5304987181871126
3,2.9486218513347175,2.341000307958233,2.5304987181871126
4,2.9486218513347175,2.341000307958233,2.5304987181871126
5,2.9486218513347175,2.341000307958233,2.5304987181871126
