MDC_Number,CPU_cost,RAM_cost,disk_cost
0,0.9941102576148327,0.751673628407732,0.7478124702439665
1,0.6485732477365991,0.9230101635863992,0.6058478678990262
2,0.5263862037310222,0.5982004253601982,0.5111231671204117
3,0.6618773577323154,0.819614804168699,0.6958920498398451
4,0.5961274117840165,0.7922888142859257,0.6884677413730267
5,0.8235094026259095,0.564434410295579,0.500660054888066
