MDC_Number,CPU_cost,RAM_cost,disk_cost
0,0.5871794324957078,0.5634368777087483,0.6008810296779621
1,0.7245513661563211,0.5563810197332628,0.8169951210481495
2,0.6153029019601127,0.5827295103818043,0.9381310475330027
3,0.5138402869207119,0.5168433176268583,0.6218071093533525
4,0.5963467555386411,0.8917615353254225,0.6667093792071632
5,0.7499372810957028,0.9328127474462506,0.9407067888388139
