MDC_Number, CPU_capacity, RAM_capacity,disk_capacity
0,2.5779417054374494,2.3392869030686314,2.7581057271871363
1,2.5779417054374494,2.3392869030686314,2.7581057271871363
2,2.5779417054374494,2.3392869030686314,2.7581057271871363
3,2.5779417054374494,2.3392869030686314,2.7581057271871363
4,2.5779417054374494,2.3392869030686314,2.7581057271871363
5,2.5779417054374494,2.3392869030686314,2.7581057271871363
