MDC_Number, CPU_capacity, RAM_capacity,disk_capacity
0,2.644012693036911,1.8781560250803995,3.059919249695423
1,2.644012693036911,1.8781560250803995,3.059919249695423
2,2.644012693036911,1.8781560250803995,3.059919249695423
3,2.644012693036911,1.8781560250803995,3.059919249695423
4,2.644012693036911,1.8781560250803995,3.059919249695423
5,2.644012693036911,1.8781560250803995,3.059919249695423
