MDC_Number, CPU_capacity, RAM_capacity,disk_capacity
0,2.599725372672505,2.4813508813343716,2.428954905835837
1,2.599725372672505,2.4813508813343716,2.428954905835837
2,2.599725372672505,2.4813508813343716,2.428954905835837
3,2.599725372672505,2.4813508813343716,2.428954905835837
4,2.599725372672505,2.4813508813343716,2.428954905835837
5,2.599725372672505,2.4813508813343716,2.428954905835837
