MDC_Number, CPU_capacity, RAM_capacity,disk_capacity
0,3.2084872459313467,2.2751611220147887,2.7943546744666055
1,3.2084872459313467,2.2751611220147887,2.7943546744666055
2,3.2084872459313467,2.2751611220147887,2.7943546744666055
3,3.2084872459313467,2.2751611220147887,2.7943546744666055
4,3.2084872459313467,2.2751611220147887,2.7943546744666055
5,3.2084872459313467,2.2751611220147887,2.7943546744666055
