MDC_Number, CPU_capacity, RAM_capacity,disk_capacity
0,2.799333874931953,2.474556949994664,2.2807170276201134
1,2.799333874931953,2.474556949994664,2.2807170276201134
2,2.799333874931953,2.474556949994664,2.2807170276201134
3,2.799333874931953,2.474556949994664,2.2807170276201134
4,2.799333874931953,2.474556949994664,2.2807170276201134
5,2.799333874931953,2.474556949994664,2.2807170276201134
