MDC_Number, CPU_capacity, RAM_capacity,disk_capacity
0,2.519654947495767,2.8960977442624936,2.691318846062226
1,2.519654947495767,2.8960977442624936,2.691318846062226
2,2.519654947495767,2.8960977442624936,2.691318846062226
3,2.519654947495767,2.8960977442624936,2.691318846062226
4,2.519654947495767,2.8960977442624936,2.691318846062226
5,2.519654947495767,2.8960977442624936,2.691318846062226
