MDC_Number, CPU_capacity, RAM_capacity,disk_capacity
0,2.195924848038946,2.2238714772251464,2.3146926741193985
1,2.195924848038946,2.2238714772251464,2.3146926741193985
2,2.195924848038946,2.2238714772251464,2.3146926741193985
3,2.195924848038946,2.2238714772251464,2.3146926741193985
4,2.195924848038946,2.2238714772251464,2.3146926741193985
5,2.195924848038946,2.2238714772251464,2.3146926741193985
