MDC_Number,CPU_cost,RAM_cost,disk_cost
0,0.5245122177008709,0.8310607048817668,0.580549259742997
1,0.7047842082412488,0.5010425967499635,0.5590325798893164
2,0.5866944669545743,0.8571904399049353,0.6314146443183482
3,0.5930280452286588,0.8184414254871487,0.5424739973923691
4,0.7078818728845582,0.7560914551179625,0.8328336236906744
5,0.7409772364922551,0.8936039546793539,0.7294145441171227
