MDC_Number,CPU_cost,RAM_cost,disk_cost
0,0.7565907174457528,0.6224215668435827,0.5051794744701259
1,0.7072111468303228,0.5755910977075667,0.9906189088118478
2,0.9139223717060492,0.5692579365668191,0.7448214733744543
3,0.6318758615830884,0.9228961507018127,0.9748085363848049
4,0.6017343606474959,0.8639025503794177,0.8798923669766423
5,0.6986678742782089,0.8461152093583792,0.7216508687638192
