MDC_Number,CPU_cost,RAM_cost,disk_cost
0,0.5957076024043697,0.5046982331697822,0.5485511065994455
1,0.722071119740588,0.5223985964610627,0.9908743247659382
2,0.5682188132779575,0.5847835219099775,0.7119762596358724
3,0.6908173173621657,0.8918728374106775,0.6039584208787167
4,0.9809068112034525,0.6813621334626722,0.5296697618894621
5,0.6656536145995933,0.6451671182045927,0.5276353125912003
