MDC_Number, CPU_capacity, RAM_capacity,disk_capacity
0,2.4734596603670025,2.56926551980423,2.706603256606285
1,2.4734596603670025,2.56926551980423,2.706603256606285
2,2.4734596603670025,2.56926551980423,2.706603256606285
3,2.4734596603670025,2.56926551980423,2.706603256606285
4,2.4734596603670025,2.56926551980423,2.706603256606285
5,2.4734596603670025,2.56926551980423,2.706603256606285
