MDC_Number,CPU_cost,RAM_cost,disk_cost
0,0.8277888919921739,0.5216097937767699,0.9291712026038678
1,0.5504993947300765,0.5600327383672135,0.7380861965092047
2,0.5975269727809229,0.8538172748832237,0.5329319746914047
3,0.5609962673041997,0.5677847287973135,0.8570431223279732
4,0.5737839375474121,0.6421022787365478,0.9773746981627286
5,0.7935389893523452,0.8419270990180904,0.5553874441228628
