MDC_Number,CPU_cost,RAM_cost,disk_cost
0,0.6243461082458017,0.6926925267033927,0.6814450643241765
1,0.6997514029580245,0.7662193410994999,0.6526159261587202
2,0.5313168865955442,0.6530173687852435,0.9331374062874938
3,0.9686648058560088,0.9617661532986153,0.5007997509573752
4,0.5152668556573046,0.9115736108589197,0.9908696348451465
5,0.5154728669107114,0.509217430044411,0.7217798188399691
