MDC_Number,CPU_cost,RAM_cost,disk_cost
0,0.6978378363381368,0.5848584336905662,0.5426986239831857
1,0.5268113713606024,0.8028113487500056,0.7815448263356359
2,0.6948693015642604,0.6450057532498947,0.6755962697099518
3,0.7611330290746074,0.9500323708449225,0.729844968698371
4,0.8093846338829941,0.5490814273959005,0.8436524344740435
5,0.7698861863657562,0.8883062621442378,0.8990273005516368
