MDC_Number,CPU_cost,RAM_cost,disk_cost
0,0.637838188276431,0.8134028842630536,0.8003246059027713
1,0.8513033671123684,0.8605675201459773,0.9618034079890252
2,0.5460366730110733,0.6546517908451215,0.5159132414957008
3,0.8429829154789448,0.7418968869802708,0.870279247291238
4,0.6530855341906763,0.8600644098540848,0.6719164506580513
5,0.8993868085674801,0.5404791160922464,0.6251044290351313
