MDC_Number,CPU_cost,RAM_cost,disk_cost
0,0.5396146672743615,0.6020081832030046,0.7564798294147708
1,0.5038839697943573,0.7682097363401648,0.7578948847974752
2,0.5551935279446971,0.99790929406342,0.6793724591687901
3,0.9323112292162032,0.6424595082633717,0.8338461867336785
4,0.6277422776267798,0.5007782145675379,0.5830450704943166
5,0.8600508776699005,0.6345797428348232,0.9397773718062845
