MDC_Number, CPU_capacity, RAM_capacity,disk_capacity
0,2.6390736254875686,3.192572751255906,2.3303708981712155
1,2.6390736254875686,3.192572751255906,2.3303708981712155
2,2.6390736254875686,3.192572751255906,2.3303708981712155
3,2.6390736254875686,3.192572751255906,2.3303708981712155
4,2.6390736254875686,3.192572751255906,2.3303708981712155
5,2.6390736254875686,3.192572751255906,2.3303708981712155
