MDC_Number,CPU_cost,RAM_cost,disk_cost
0,0.7624164051414826,0.8416700967745476,0.847743270096263
1,0.9129997895570041,0.8076899334175253,0.6467302454693555
2,0.5274571915714799,0.5701881071775419,0.5302638905308221
3,0.672634251075497,0.5621727229804815,0.8755101417290794
4,0.9545530237209567,0.5521251741239455,0.7650562491871851
5,0.6323933656119448,0.9307717057574212,0.7136400473138664
