MDC_Number,CPU_cost,RAM_cost,disk_cost
0,0.5250423148041699,0.637139794921196,0.9429233254917457
1,0.9959173500286436,0.6238037078184296,0.768388863817675
2,0.827695428279776,0.7406445713563798,0.6982608932722578
3,0.5017545730770275,0.6061069121639717,0.7852903296509336
4,0.8395559156787685,0.8993326245287723,0.8911282934066571
5,0.9154908024031774,0.9857998452751127,0.6045554278301187
