MDC_Number,CPU_cost,RAM_cost,disk_cost
0,0.8000440689910464,0.8880858985729704,0.7150110534877865
1,0.765881926677799,0.5021645740333918,0.8429932121080072
2,0.5050816054666415,0.6367545437732777,0.9166941335175656
3,0.6208129986716604,0.6333925825666671,0.8398699209151013
4,0.6377388803295763,0.7226246573566483,0.5111986825811098
5,0.5578764495211026,0.871376187515396,0.593756827736943
