MDC_Number, CPU_capacity, RAM_capacity,disk_capacity
0,2.648638648412085,2.542453382610215,2.5060553329451714
1,2.648638648412085,2.542453382610215,2.5060553329451714
2,2.648638648412085,2.542453382610215,2.5060553329451714
3,2.648638648412085,2.542453382610215,2.5060553329451714
4,2.648638648412085,2.542453382610215,2.5060553329451714
5,2.648638648412085,2.542453382610215,2.5060553329451714
