MDC_Number, CPU_capacity, RAM_capacity,disk_capacity
0,2.564540154423384,2.904111266190348,2.590284840859806
1,2.564540154423384,2.904111266190348,2.590284840859806
2,2.564540154423384,2.904111266190348,2.590284840859806
3,2.564540154423384,2.904111266190348,2.590284840859806
4,2.564540154423384,2.904111266190348,2.590284840859806
5,2.564540154423384,2.904111266190348,2.590284840859806
