MDC_Number, CPU_capacity, RAM_capacity,disk_capacity
0,2.889558640876595,2.3943640774452577,2.7671476790331373
1,2.889558640876595,2.3943640774452577,2.7671476790331373
2,2.889558640876595,2.3943640774452577,2.7671476790331373
3,2.889558640876595,2.3943640774452577,2.7671476790331373
4,2.889558640876595,2.3943640774452577,2.7671476790331373
5,2.889558640876595,2.3943640774452577,2.7671476790331373
