MDC_Number, CPU_capacity, RAM_capacity,disk_capacity
0,3.2189966695551404,2.1372155522743674,2.6352557923515665
1,3.2189966695551404,2.1372155522743674,2.6352557923515665
2,3.2189966695551404,2.1372155522743674,2.6352557923515665
3,3.2189966695551404,2.1372155522743674,2.6352557923515665
4,3.2189966695551404,2.1372155522743674,2.6352557923515665
5,3.2189966695551404,2.1372155522743674,2.6352557923515665
