MDC_Number, CPU_capacity, RAM_capacity,disk_capacity
0,2.5603628783094554,2.5545789497926865,2.5902790502109845
1,2.5603628783094554,2.5545789497926865,2.5902790502109845
2,2.5603628783094554,2.5545789497926865,2.5902790502109845
3,2.5603628783094554,2.5545789497926865,2.5902790502109845
4,2.5603628783094554,2.5545789497926865,2.5902790502109845
5,2.5603628783094554,2.5545789497926865,2.5902790502109845
