MDC_Number, CPU_capacity, RAM_capacity,disk_capacity
0,2.69161850159821,2.8800496818172228,2.3998521988085066
1,2.69161850159821,2.8800496818172228,2.3998521988085066
2,2.69161850159821,2.8800496818172228,2.3998521988085066
3,2.69161850159821,2.8800496818172228,2.3998521988085066
4,2.69161850159821,2.8800496818172228,2.3998521988085066
5,2.69161850159821,2.8800496818172228,2.3998521988085066
