MDC_Number,CPU_cost,RAM_cost,disk_cost
0,0.7096152478594896,0.9874285303183328,0.8010092476078705
1,0.6918758940566628,0.7963703137045546,0.7884799171251533
2,0.6974266857682005,0.9989518593432944,0.5210539102155778
3,0.9950261235716404,0.5098153546851509,0.5731793016688651
4,0.5002354542530886,0.5936536803628304,0.7207708405639139
5,0.9321669711579719,0.9979178602038954,0.5047876193102065
