MDC_Number, CPU_capacity, RAM_capacity,disk_capacity
0,2.7634024546050706,2.6361866891036203,2.6634100555420095
1,2.7634024546050706,2.6361866891036203,2.6634100555420095
2,2.7634024546050706,2.6361866891036203,2.6634100555420095
3,2.7634024546050706,2.6361866891036203,2.6634100555420095
4,2.7634024546050706,2.6361866891036203,2.6634100555420095
5,2.7634024546050706,2.6361866891036203,2.6634100555420095
