MDC_Number, CPU_capacity, RAM_capacity,disk_capacity
0,2.5336781144891005,2.7325486433334034,2.6627447939193574
1,2.5336781144891005,2.7325486433334034,2.6627447939193574
2,2.5336781144891005,2.7325486433334034,2.6627447939193574
3,2.5336781144891005,2.7325486433334034,2.6627447939193574
4,2.5336781144891005,2.7325486433334034,2.6627447939193574
5,2.5336781144891005,2.7325486433334034,2.6627447939193574
