MDC_Number, CPU_capacity, RAM_capacity,disk_capacity
0,2.8236197744209584,2.3922612392544673,2.6886998332616456
1,2.8236197744209584,2.3922612392544673,2.6886998332616456
2,2.8236197744209584,2.3922612392544673,2.6886998332616456
3,2.8236197744209584,2.3922612392544673,2.6886998332616456
4,2.8236197744209584,2.3922612392544673,2.6886998332616456
5,2.8236197744209584,2.3922612392544673,2.6886998332616456
