MDC_Number, CPU_capacity, RAM_capacity,disk_capacity
0,2.5474013663964126,2.2507664686924587,2.2970817983665315
1,2.5474013663964126,2.2507664686924587,2.2970817983665315
2,2.5474013663964126,2.2507664686924587,2.2970817983665315
3,2.5474013663964126,2.2507664686924587,2.2970817983665315
4,2.5474013663964126,2.2507664686924587,2.2970817983665315
5,2.5474013663964126,2.2507664686924587,2.2970817983665315
