MDC_Number, CPU_capacity, RAM_capacity,disk_capacity
0,2.756337596628167,2.688429141405854,2.4322710140353982
1,2.756337596628167,2.688429141405854,2.4322710140353982
2,2.756337596628167,2.688429141405854,2.4322710140353982
3,2.756337596628167,2.688429141405854,2.4322710140353982
4,2.756337596628167,2.688429141405854,2.4322710140353982
5,2.756337596628167,2.688429141405854,2.4322710140353982
