MDC_Number,CPU_cost,RAM_cost,disk_cost
0,0.8779960055608048,0.9790139961076048,0.7894323866139813
1,0.5417365082841614,0.684783993185144,0.6392634370427208
2,0.9320606846636057,0.654473982268432,0.5898909825054435
3,0.5235140847980013,0.589847533643435,0.9333463931411812
4,0.8369996902396686,0.63877128490436,0.5343159328063234
5,0.7826469682310435,0.6585512914367799,0.9779623700110422
