MDC_Number,CPU_cost,RAM_cost,disk_cost
0,0.7517046990766768,0.6208506730871727,0.9001598908994204
1,0.6233668866040354,0.5270169559956555,0.9547024355179227
2,0.5615254683016961,0.7234187483789454,0.9976660898329617
3,0.8100031178110678,0.7721452750895852,0.6521136055072735
4,0.9387544608476803,0.8542988063550494,0.9771514188122029
5,0.6428486319836059,0.6351078879506158,0.9995543592608797
