MDC_Number,CPU_cost,RAM_cost,disk_cost
0,0.5059787216651597,0.5436091708720621,0.7965614420708427
1,0.5137437398630145,0.7639098615514949,0.9345609799868451
2,0.9978750413408841,0.6748694742685758,0.837834899399884
3,0.6554770488405892,0.6476211137031765,0.5484320839603916
4,0.6080992591969806,0.6620849557305364,0.9642487070206728
5,0.8244497474457189,0.5573331884327206,0.5196826037591002
