MDC_Number, CPU_capacity, RAM_capacity,disk_capacity
0,2.317308102676438,2.474865661535986,2.337041849188571
1,2.317308102676438,2.474865661535986,2.337041849188571
2,2.317308102676438,2.474865661535986,2.337041849188571
3,2.317308102676438,2.474865661535986,2.337041849188571
4,2.317308102676438,2.474865661535986,2.337041849188571
5,2.317308102676438,2.474865661535986,2.337041849188571
