MDC_Number, CPU_capacity, RAM_capacity,disk_capacity
0,3.852744854502127,3.1924854365936772,3.68953023871085
1,3.852744854502127,3.1924854365936772,3.68953023871085
2,3.852744854502127,3.1924854365936772,3.68953023871085
3,3.852744854502127,3.1924854365936772,3.68953023871085
4,3.852744854502127,3.1924854365936772,3.68953023871085
5,3.852744854502127,3.1924854365936772,3.68953023871085
