MDC_Number, CPU_capacity, RAM_capacity,disk_capacity
0,3.5261200791559943,3.195450219754342,3.4509978607657468
1,3.5261200791559943,3.195450219754342,3.4509978607657468
2,3.5261200791559943,3.195450219754342,3.4509978607657468
3,3.5261200791559943,3.195450219754342,3.4509978607657468
4,3.5261200791559943,3.195450219754342,3.4509978607657468
5,3.5261200791559943,3.195450219754342,3.4509978607657468
