MDC_Number, CPU_capacity, RAM_capacity,disk_capacity
0,2.9477246238163635,3.2160990362378485,3.656537444702027
1,2.9477246238163635,3.2160990362378485,3.656537444702027
2,2.9477246238163635,3.2160990362378485,3.656537444702027
3,2.9477246238163635,3.2160990362378485,3.656537444702027
4,2.9477246238163635,3.2160990362378485,3.656537444702027
5,2.9477246238163635,3.2160990362378485,3.656537444702027
