MDC_Number, CPU_capacity, RAM_capacity,disk_capacity
0,3.5888246687976135,3.8400662424229637,3.1998029317446757
1,3.5888246687976135,3.8400662424229637,3.1998029317446757
2,3.5888246687976135,3.8400662424229637,3.1998029317446757
3,3.5888246687976135,3.8400662424229637,3.1998029317446757
4,3.5888246687976135,3.8400662424229637,3.1998029317446757
5,3.5888246687976135,3.8400662424229637,3.1998029317446757
