MDC_Number, CPU_capacity, RAM_capacity,disk_capacity
0,3.1095042532530064,3.055926088149283,3.9581797350777688
1,3.1095042532530064,3.055926088149283,3.9581797350777688
2,3.1095042532530064,3.055926088149283,3.9581797350777688
3,3.1095042532530064,3.055926088149283,3.9581797350777688
4,3.1095042532530064,3.055926088149283,3.9581797350777688
5,3.1095042532530064,3.055926088149283,3.9581797350777688
