MDC_Number,CPU_cost,RAM_cost,disk_cost
0,0.5075951068890374,0.8112568465876003,0.9495966831009528
1,0.585147811274948,0.7382550827500817,0.804317185718441
2,0.8135784447354529,0.9009353273943548,0.9717970739085608
3,0.8807350474699434,0.6827893067839739,0.9547473247044161
4,0.5373023795550687,0.8795893193527372,0.9572110425985821
5,0.7556174241477858,0.8038952695765101,0.8191620141211
