MDC_Number, CPU_capacity, RAM_capacity,disk_capacity
0,3.594176196720867,3.5336079216875604,3.4717136820751158
1,3.594176196720867,3.5336079216875604,3.4717136820751158
2,3.594176196720867,3.5336079216875604,3.4717136820751158
3,3.594176196720867,3.5336079216875604,3.4717136820751158
4,3.594176196720867,3.5336079216875604,3.4717136820751158
5,3.594176196720867,3.5336079216875604,3.4717136820751158
