MDC_Number, CPU_capacity, RAM_capacity,disk_capacity
0,3.7737783089696286,3.687151082155999,3.1525157117458824
1,3.7737783089696286,3.687151082155999,3.1525157117458824
2,3.7737783089696286,3.687151082155999,3.1525157117458824
3,3.7737783089696286,3.687151082155999,3.1525157117458824
4,3.7737783089696286,3.687151082155999,3.1525157117458824
5,3.7737783089696286,3.687151082155999,3.1525157117458824
