MDC_Number, CPU_capacity, RAM_capacity,disk_capacity
0,3.413817171079274,3.4061052663902487,3.4537054002813132
1,3.413817171079274,3.4061052663902487,3.4537054002813132
2,3.413817171079274,3.4061052663902487,3.4537054002813132
3,3.413817171079274,3.4061052663902487,3.4537054002813132
4,3.413817171079274,3.4061052663902487,3.4537054002813132
5,3.413817171079274,3.4061052663902487,3.4537054002813132
