MDC_Number, CPU_capacity, RAM_capacity,disk_capacity
0,4.102584868298935,3.485197141213368,3.609206193481225
1,4.102584868298935,3.485197141213368,3.609206193481225
2,4.102584868298935,3.485197141213368,3.609206193481225
3,4.102584868298935,3.485197141213368,3.609206193481225
4,4.102584868298935,3.485197141213368,3.609206193481225
5,4.102584868298935,3.485197141213368,3.609206193481225
