MDC_Number, CPU_capacity, RAM_capacity,disk_capacity
0,3.6868200645083187,3.2823953292850527,3.472435968389366
1,3.6868200645083187,3.2823953292850527,3.472435968389366
2,3.6868200645083187,3.2823953292850527,3.472435968389366
3,3.6868200645083187,3.2823953292850527,3.472435968389366
4,3.6868200645083187,3.2823953292850527,3.472435968389366
5,3.6868200645083187,3.2823953292850527,3.472435968389366
