MDC_Number, CPU_capacity, RAM_capacity,disk_capacity
0,3.075798296788969,3.2983550489212288,3.462903466370552
1,3.075798296788969,3.2983550489212288,3.462903466370552
2,3.075798296788969,3.2983550489212288,3.462903466370552
3,3.075798296788969,3.2983550489212288,3.462903466370552
4,3.075798296788969,3.2983550489212288,3.462903466370552
5,3.075798296788969,3.2983550489212288,3.462903466370552
