MDC_Number, CPU_capacity, RAM_capacity,disk_capacity
0,3.466300496896674,3.308467841779162,3.2386065411144496
1,3.466300496896674,3.308467841779162,3.2386065411144496
2,3.466300496896674,3.308467841779162,3.2386065411144496
3,3.466300496896674,3.308467841779162,3.2386065411144496
4,3.466300496896674,3.308467841779162,3.2386065411144496
5,3.466300496896674,3.308467841779162,3.2386065411144496
