MDC_Number, CPU_capacity, RAM_capacity,disk_capacity
0,3.795014394197822,3.5175900402739915,3.7039591184200513
1,3.795014394197822,3.5175900402739915,3.7039591184200513
2,3.795014394197822,3.5175900402739915,3.7039591184200513
3,3.795014394197822,3.5175900402739915,3.7039591184200513
4,3.795014394197822,3.5175900402739915,3.7039591184200513
5,3.795014394197822,3.5175900402739915,3.7039591184200513
