MDC_Number, CPU_capacity, RAM_capacity,disk_capacity
0,3.2979462138226703,3.4256873597389736,3.6088043421417133
1,3.2979462138226703,3.4256873597389736,3.6088043421417133
2,3.2979462138226703,3.4256873597389736,3.6088043421417133
3,3.2979462138226703,3.4256873597389736,3.6088043421417133
4,3.2979462138226703,3.4256873597389736,3.6088043421417133
5,3.2979462138226703,3.4256873597389736,3.6088043421417133
