MDC_Number, CPU_capacity, RAM_capacity,disk_capacity
0,3.5697001685795784,3.6691027363370474,2.7863376442328223
1,3.5697001685795784,3.6691027363370474,2.7863376442328223
2,3.5697001685795784,3.6691027363370474,2.7863376442328223
3,3.5697001685795784,3.6691027363370474,2.7863376442328223
4,3.5697001685795784,3.6691027363370474,2.7863376442328223
5,3.5697001685795784,3.6691027363370474,2.7863376442328223
