MDC_Number, CPU_capacity, RAM_capacity,disk_capacity
0,3.747139043914258,3.44778937352124,3.4128618809781486
1,3.747139043914258,3.44778937352124,3.4128618809781486
2,3.747139043914258,3.44778937352124,3.4128618809781486
3,3.747139043914258,3.44778937352124,3.4128618809781486
4,3.747139043914258,3.44778937352124,3.4128618809781486
5,3.747139043914258,3.44778937352124,3.4128618809781486
