MDC_Number, CPU_capacity, RAM_capacity,disk_capacity
0,3.1820347544099192,3.2024064516806363,3.4165155365349187
1,3.1820347544099192,3.2024064516806363,3.4165155365349187
2,3.1820347544099192,3.2024064516806363,3.4165155365349187
3,3.1820347544099192,3.2024064516806363,3.4165155365349187
4,3.1820347544099192,3.2024064516806363,3.4165155365349187
5,3.1820347544099192,3.2024064516806363,3.4165155365349187
