MDC_Number, CPU_capacity, RAM_capacity,disk_capacity
0,3.2071511622145445,3.319285789984285,3.6394835237872893
1,3.2071511622145445,3.319285789984285,3.6394835237872893
2,3.2071511622145445,3.319285789984285,3.6394835237872893
3,3.2071511622145445,3.319285789984285,3.6394835237872893
4,3.2071511622145445,3.319285789984285,3.6394835237872893
5,3.2071511622145445,3.319285789984285,3.6394835237872893
