MDC_Number, CPU_capacity, RAM_capacity,disk_capacity
0,3.7394965311834323,3.2782523368230856,3.216210927685878
1,3.7394965311834323,3.2782523368230856,3.216210927685878
2,3.7394965311834323,3.2782523368230856,3.216210927685878
3,3.7394965311834323,3.2782523368230856,3.216210927685878
4,3.7394965311834323,3.2782523368230856,3.216210927685878
5,3.7394965311834323,3.2782523368230856,3.216210927685878
