MDC_Number, CPU_capacity, RAM_capacity,disk_capacity
0,3.2992692500314464,3.2425040289903166,3.594169078956561
1,3.2992692500314464,3.2425040289903166,3.594169078956561
2,3.2992692500314464,3.2425040289903166,3.594169078956561
3,3.2992692500314464,3.2425040289903166,3.594169078956561
4,3.2992692500314464,3.2425040289903166,3.594169078956561
5,3.2992692500314464,3.2425040289903166,3.594169078956561
