MDC_Number, CPU_capacity, RAM_capacity,disk_capacity
0,3.238683145687837,3.115828769085431,3.8300916369625853
1,3.238683145687837,3.115828769085431,3.8300916369625853
2,3.238683145687837,3.115828769085431,3.8300916369625853
3,3.238683145687837,3.115828769085431,3.8300916369625853
4,3.238683145687837,3.115828769085431,3.8300916369625853
5,3.238683145687837,3.115828769085431,3.8300916369625853
