MDC_Number, CPU_capacity, RAM_capacity,disk_capacity
0,3.3776708409126224,3.7852567787518,3.537187133985688
1,3.3776708409126224,3.7852567787518,3.537187133985688
2,3.3776708409126224,3.7852567787518,3.537187133985688
3,3.3776708409126224,3.7852567787518,3.537187133985688
4,3.3776708409126224,3.7852567787518,3.537187133985688
5,3.3776708409126224,3.7852567787518,3.537187133985688
