MDC_Number, CPU_capacity, RAM_capacity,disk_capacity
0,3.6845366061400946,3.514915585471494,3.5512134073893464
1,3.6845366061400946,3.514915585471494,3.5512134073893464
2,3.6845366061400946,3.514915585471494,3.5512134073893464
3,3.6845366061400946,3.514915585471494,3.5512134073893464
4,3.6845366061400946,3.514915585471494,3.5512134073893464
5,3.6845366061400946,3.514915585471494,3.5512134073893464
