MDC_Number, CPU_capacity, RAM_capacity,disk_capacity
0,3.313856295652076,3.9201539902820906,3.4350423904325016
1,3.313856295652076,3.9201539902820906,3.4350423904325016
2,3.313856295652076,3.9201539902820906,3.4350423904325016
3,3.313856295652076,3.9201539902820906,3.4350423904325016
4,3.313856295652076,3.9201539902820906,3.4350423904325016
5,3.313856295652076,3.9201539902820906,3.4350423904325016
