MDC_Number, CPU_capacity, RAM_capacity,disk_capacity
0,3.3075702943004694,3.711433243597406,2.748939592576315
1,3.3075702943004694,3.711433243597406,2.748939592576315
2,3.3075702943004694,3.711433243597406,2.748939592576315
3,3.3075702943004694,3.711433243597406,2.748939592576315
4,3.3075702943004694,3.711433243597406,2.748939592576315
5,3.3075702943004694,3.711433243597406,2.748939592576315
