MDC_Number, CPU_capacity, RAM_capacity,disk_capacity
0,3.5515195003082276,3.437211860290651,3.6516529513698113
1,3.5515195003082276,3.437211860290651,3.6516529513698113
2,3.5515195003082276,3.437211860290651,3.6516529513698113
3,3.5515195003082276,3.437211860290651,3.6516529513698113
4,3.5515195003082276,3.437211860290651,3.6516529513698113
5,3.5515195003082276,3.437211860290651,3.6516529513698113
