MDC_Number, CPU_capacity, RAM_capacity,disk_capacity
0,3.2816678075277403,3.750221155080761,3.6839397005807863
1,3.2816678075277403,3.750221155080761,3.6839397005807863
2,3.2816678075277403,3.750221155080761,3.6839397005807863
3,3.2816678075277403,3.750221155080761,3.6839397005807863
4,3.2816678075277403,3.750221155080761,3.6839397005807863
5,3.2816678075277403,3.750221155080761,3.6839397005807863
