MDC_Number, CPU_capacity, RAM_capacity,disk_capacity
0,3.3250359354292662,3.4567195906772294,3.005768972222235
1,3.3250359354292662,3.4567195906772294,3.005768972222235
2,3.3250359354292662,3.4567195906772294,3.005768972222235
3,3.3250359354292662,3.4567195906772294,3.005768972222235
4,3.3250359354292662,3.4567195906772294,3.005768972222235
5,3.3250359354292662,3.4567195906772294,3.005768972222235
