MDC_Number, CPU_capacity, RAM_capacity,disk_capacity
0,3.0792749282412015,3.0400587514815047,3.023120328342081
1,3.0792749282412015,3.0400587514815047,3.023120328342081
2,3.0792749282412015,3.0400587514815047,3.023120328342081
3,3.0792749282412015,3.0400587514815047,3.023120328342081
4,3.0792749282412015,3.0400587514815047,3.023120328342081
5,3.0792749282412015,3.0400587514815047,3.023120328342081
