MDC_Number, CPU_capacity, RAM_capacity,disk_capacity
0,3.805240860010118,3.268712082574514,2.872100695435111
1,3.805240860010118,3.268712082574514,2.872100695435111
2,3.805240860010118,3.268712082574514,2.872100695435111
3,3.805240860010118,3.268712082574514,2.872100695435111
4,3.805240860010118,3.268712082574514,2.872100695435111
5,3.805240860010118,3.268712082574514,2.872100695435111
