MDC_Number, CPU_capacity, RAM_capacity,disk_capacity
0,2.9650954142871235,3.359047147472637,3.3016394370679536
1,2.9650954142871235,3.359047147472637,3.3016394370679536
2,2.9650954142871235,3.359047147472637,3.3016394370679536
3,2.9650954142871235,3.359047147472637,3.3016394370679536
4,2.9650954142871235,3.359047147472637,3.3016394370679536
5,2.9650954142871235,3.359047147472637,3.3016394370679536
