MDC_Number, CPU_capacity, RAM_capacity,disk_capacity
0,3.000323136617394,4.198533902623762,4.083676047648444
1,3.000323136617394,4.198533902623762,4.083676047648444
2,3.000323136617394,4.198533902623762,4.083676047648444
3,3.000323136617394,4.198533902623762,4.083676047648444
4,3.000323136617394,4.198533902623762,4.083676047648444
5,3.000323136617394,4.198533902623762,4.083676047648444
