MDC_Number, CPU_capacity, RAM_capacity,disk_capacity
0,3.165189911798976,3.587142271669022,3.4345278136637605
1,3.165189911798976,3.587142271669022,3.4345278136637605
2,3.165189911798976,3.587142271669022,3.4345278136637605
3,3.165189911798976,3.587142271669022,3.4345278136637605
4,3.165189911798976,3.587142271669022,3.4345278136637605
5,3.165189911798976,3.587142271669022,3.4345278136637605
