MDC_Number, CPU_capacity, RAM_capacity,disk_capacity
0,3.3412891147259667,2.8190448878238614,3.4154909983365664
1,3.3412891147259667,2.8190448878238614,3.4154909983365664
2,3.3412891147259667,2.8190448878238614,3.4154909983365664
3,3.3412891147259667,2.8190448878238614,3.4154909983365664
4,3.3412891147259667,2.8190448878238614,3.4154909983365664
5,3.3412891147259667,2.8190448878238614,3.4154909983365664
