MDC_Number, CPU_capacity, RAM_capacity,disk_capacity
0,3.525350257382548,2.5042080334405328,4.079892332927231
1,3.525350257382548,2.5042080334405328,4.079892332927231
2,3.525350257382548,2.5042080334405328,4.079892332927231
3,3.525350257382548,2.5042080334405328,4.079892332927231
4,3.525350257382548,2.5042080334405328,4.079892332927231
5,3.525350257382548,2.5042080334405328,4.079892332927231
