MDC_Number, CPU_capacity, RAM_capacity,disk_capacity
0,3.1889437892521757,3.9558061743541573,3.648346449715556
1,3.1889437892521757,3.9558061743541573,3.648346449715556
2,3.1889437892521757,3.9558061743541573,3.648346449715556
3,3.1889437892521757,3.9558061743541573,3.648346449715556
4,3.1889437892521757,3.9558061743541573,3.648346449715556
5,3.1889437892521757,3.9558061743541573,3.648346449715556
