MDC_Number, CPU_capacity, RAM_capacity,disk_capacity
0,4.277982994575129,3.033548162686385,3.7258062326221406
1,4.277982994575129,3.033548162686385,3.7258062326221406
2,4.277982994575129,3.033548162686385,3.7258062326221406
3,4.277982994575129,3.033548162686385,3.7258062326221406
4,4.277982994575129,3.033548162686385,3.7258062326221406
5,4.277982994575129,3.033548162686385,3.7258062326221406
