MDC_Number, CPU_capacity, RAM_capacity,disk_capacity
0,3.6052823278793475,3.1691045879205504,3.728354930201002
1,3.6052823278793475,3.1691045879205504,3.728354930201002
2,3.6052823278793475,3.1691045879205504,3.728354930201002
3,3.6052823278793475,3.1691045879205504,3.728354930201002
4,3.6052823278793475,3.1691045879205504,3.728354930201002
5,3.6052823278793475,3.1691045879205504,3.728354930201002
