MDC_Number, CPU_capacity, RAM_capacity,disk_capacity
0,3.1380549263777837,3.127901222350254,3.655097348574068
1,3.1380549263777837,3.127901222350254,3.655097348574068
2,3.1380549263777837,3.127901222350254,3.655097348574068
3,3.1380549263777837,3.127901222350254,3.655097348574068
4,3.1380549263777837,3.127901222350254,3.655097348574068
5,3.1380549263777837,3.127901222350254,3.655097348574068
