MDC_Number, CPU_capacity, RAM_capacity,disk_capacity
0,3.3258402272820726,3.6608047411328286,3.8493534665152547
1,3.3258402272820726,3.6608047411328286,3.8493534665152547
2,3.3258402272820726,3.6608047411328286,3.8493534665152547
3,3.3258402272820726,3.6608047411328286,3.8493534665152547
4,3.3258402272820726,3.6608047411328286,3.8493534665152547
5,3.3258402272820726,3.6608047411328286,3.8493534665152547
