MDC_Number, CPU_capacity, RAM_capacity,disk_capacity
0,3.34059586311206,3.362040554768943,3.788165503984846
1,3.34059586311206,3.362040554768943,3.788165503984846
2,3.34059586311206,3.362040554768943,3.788165503984846
3,3.34059586311206,3.362040554768943,3.788165503984846
4,3.34059586311206,3.362040554768943,3.788165503984846
5,3.34059586311206,3.362040554768943,3.788165503984846
