MDC_Number, CPU_capacity, RAM_capacity,disk_capacity
0,3.3859603139266796,3.1370282302779233,3.35206098620222
1,3.3859603139266796,3.1370282302779233,3.35206098620222
2,3.3859603139266796,3.1370282302779233,3.35206098620222
3,3.3859603139266796,3.1370282302779233,3.35206098620222
4,3.3859603139266796,3.1370282302779233,3.35206098620222
5,3.3859603139266796,3.1370282302779233,3.35206098620222
