MDC_Number, CPU_capacity, RAM_capacity,disk_capacity
0,3.419386872564512,3.8721483549204643,3.453713121146408
1,3.419386872564512,3.8721483549204643,3.453713121146408
2,3.419386872564512,3.8721483549204643,3.453713121146408
3,3.419386872564512,3.8721483549204643,3.453713121146408
4,3.419386872564512,3.8721483549204643,3.453713121146408
5,3.419386872564512,3.8721483549204643,3.453713121146408
