MDC_Number, CPU_capacity, RAM_capacity,disk_capacity
0,3.110167575162797,3.0022756994823516,3.342224746402004
1,3.110167575162797,3.0022756994823516,3.342224746402004
2,3.110167575162797,3.0022756994823516,3.342224746402004
3,3.110167575162797,3.0022756994823516,3.342224746402004
4,3.110167575162797,3.0022756994823516,3.342224746402004
5,3.110167575162797,3.0022756994823516,3.342224746402004
