MDC_Number, CPU_capacity, RAM_capacity,disk_capacity
0,3.437255607249933,3.1190492040915085,3.677474302916182
1,3.437255607249933,3.1190492040915085,3.677474302916182
2,3.437255607249933,3.1190492040915085,3.677474302916182
3,3.437255607249933,3.1190492040915085,3.677474302916182
4,3.437255607249933,3.1190492040915085,3.677474302916182
5,3.437255607249933,3.1190492040915085,3.677474302916182
