MDC_Number, CPU_capacity, RAM_capacity,disk_capacity
0,3.479417995795439,3.454889976786513,3.640663076614169
1,3.479417995795439,3.454889976786513,3.640663076614169
2,3.479417995795439,3.454889976786513,3.640663076614169
3,3.479417995795439,3.454889976786513,3.640663076614169
4,3.479417995795439,3.454889976786513,3.640663076614169
5,3.479417995795439,3.454889976786513,3.640663076614169
