MDC_Number, CPU_capacity, RAM_capacity,disk_capacity
0,3.162328727716853,3.3231789149234254,2.986699873782406
1,3.162328727716853,3.3231789149234254,2.986699873782406
2,3.162328727716853,3.3231789149234254,2.986699873782406
3,3.162328727716853,3.3231789149234254,2.986699873782406
4,3.162328727716853,3.3231789149234254,2.986699873782406
5,3.162328727716853,3.3231789149234254,2.986699873782406
