MDC_Number, CPU_capacity, RAM_capacity,disk_capacity
0,3.931495801779624,3.121333743944311,3.3739982909161506
1,3.931495801779624,3.121333743944311,3.3739982909161506
2,3.931495801779624,3.121333743944311,3.3739982909161506
3,3.931495801779624,3.121333743944311,3.3739982909161506
4,3.931495801779624,3.121333743944311,3.3739982909161506
5,3.931495801779624,3.121333743944311,3.3739982909161506
