MDC_Number, CPU_capacity, RAM_capacity,disk_capacity
0,3.5312254936358594,3.07329434739612,3.437638233421661
1,3.5312254936358594,3.07329434739612,3.437638233421661
2,3.5312254936358594,3.07329434739612,3.437638233421661
3,3.5312254936358594,3.07329434739612,3.437638233421661
4,3.5312254936358594,3.07329434739612,3.437638233421661
5,3.5312254936358594,3.07329434739612,3.437638233421661
