MDC_Number, CPU_capacity, RAM_capacity,disk_capacity
0,3.386253586186266,3.7064439479213322,3.7456009949828935
1,3.386253586186266,3.7064439479213322,3.7456009949828935
2,3.386253586186266,3.7064439479213322,3.7456009949828935
3,3.386253586186266,3.7064439479213322,3.7456009949828935
4,3.386253586186266,3.7064439479213322,3.7456009949828935
5,3.386253586186266,3.7064439479213322,3.7456009949828935
