MDC_Number, CPU_capacity, RAM_capacity,disk_capacity
0,3.2429236468188836,3.4671451449684363,3.5010782961080085
1,3.2429236468188836,3.4671451449684363,3.5010782961080085
2,3.2429236468188836,3.4671451449684363,3.5010782961080085
3,3.2429236468188836,3.4671451449684363,3.5010782961080085
4,3.2429236468188836,3.4671451449684363,3.5010782961080085
5,3.2429236468188836,3.4671451449684363,3.5010782961080085
