MDC_Number, CPU_capacity, RAM_capacity,disk_capacity
0,3.5371160703996978,3.892063643990289,3.5895130214932673
1,3.5371160703996978,3.892063643990289,3.5895130214932673
2,3.5371160703996978,3.892063643990289,3.5895130214932673
3,3.5371160703996978,3.892063643990289,3.5895130214932673
4,3.5371160703996978,3.892063643990289,3.5895130214932673
5,3.5371160703996978,3.892063643990289,3.5895130214932673
