MDC_Number, CPU_capacity, RAM_capacity,disk_capacity
0,3.3199458285834282,4.026271006227499,3.9273133048797235
1,3.3199458285834282,4.026271006227499,3.9273133048797235
2,3.3199458285834282,4.026271006227499,3.9273133048797235
3,3.3199458285834282,4.026271006227499,3.9273133048797235
4,3.3199458285834282,4.026271006227499,3.9273133048797235
5,3.3199458285834282,4.026271006227499,3.9273133048797235
