MDC_Number, CPU_capacity, RAM_capacity,disk_capacity
0,3.384693339501711,3.870902562801478,3.664719352159304
1,3.384693339501711,3.870902562801478,3.664719352159304
2,3.384693339501711,3.870902562801478,3.664719352159304
3,3.384693339501711,3.870902562801478,3.664719352159304
4,3.384693339501711,3.870902562801478,3.664719352159304
5,3.384693339501711,3.870902562801478,3.664719352159304
