MDC_Number, CPU_capacity, RAM_capacity,disk_capacity
0,2.847892495374672,3.3568683523819605,3.0778681335866898
1,2.847892495374672,3.3568683523819605,3.0778681335866898
2,2.847892495374672,3.3568683523819605,3.0778681335866898
3,2.847892495374672,3.3568683523819605,3.0778681335866898
4,2.847892495374672,3.3568683523819605,3.0778681335866898
5,2.847892495374672,3.3568683523819605,3.0778681335866898
