MDC_Number, CPU_capacity, RAM_capacity,disk_capacity
0,3.588239204314528,3.860757974239669,3.833321838602277
1,3.588239204314528,3.860757974239669,3.833321838602277
2,3.588239204314528,3.860757974239669,3.833321838602277
3,3.588239204314528,3.860757974239669,3.833321838602277
4,3.588239204314528,3.860757974239669,3.833321838602277
5,3.588239204314528,3.860757974239669,3.833321838602277
