MDC_Number, CPU_capacity, RAM_capacity,disk_capacity
0,3.5315181978827805,3.389937843480287,3.341407110593562
1,3.5315181978827805,3.389937843480287,3.341407110593562
2,3.5315181978827805,3.389937843480287,3.341407110593562
3,3.5315181978827805,3.389937843480287,3.341407110593562
4,3.5315181978827805,3.389937843480287,3.341407110593562
5,3.5315181978827805,3.389937843480287,3.341407110593562
