MDC_Number, CPU_capacity, RAM_capacity,disk_capacity
0,3.9009693566752457,3.464343330862938,3.2975856891795594
1,3.9009693566752457,3.464343330862938,3.2975856891795594
2,3.9009693566752457,3.464343330862938,3.2975856891795594
3,3.9009693566752457,3.464343330862938,3.2975856891795594
4,3.9009693566752457,3.464343330862938,3.2975856891795594
5,3.9009693566752457,3.464343330862938,3.2975856891795594
