MDC_Number, CPU_capacity, RAM_capacity,disk_capacity
0,3.613743913603978,3.867754118386938,3.20307621951294
1,3.613743913603978,3.867754118386938,3.20307621951294
2,3.613743913603978,3.867754118386938,3.20307621951294
3,3.613743913603978,3.867754118386938,3.20307621951294
4,3.613743913603978,3.867754118386938,3.20307621951294
5,3.613743913603978,3.867754118386938,3.20307621951294
