MDC_Number, CPU_capacity, RAM_capacity,disk_capacity
0,3.7218590879487636,3.3839972032536956,3.6504463382413386
1,3.7218590879487636,3.3839972032536956,3.6504463382413386
2,3.7218590879487636,3.3839972032536956,3.6504463382413386
3,3.7218590879487636,3.3839972032536956,3.6504463382413386
4,3.7218590879487636,3.3839972032536956,3.6504463382413386
5,3.7218590879487636,3.3839972032536956,3.6504463382413386
