MDC_Number, CPU_capacity, RAM_capacity,disk_capacity
0,3.6123114479640956,3.0708909212654607,3.4200366386194596
1,3.6123114479640956,3.0708909212654607,3.4200366386194596
2,3.6123114479640956,3.0708909212654607,3.4200366386194596
3,3.6123114479640956,3.0708909212654607,3.4200366386194596
4,3.6123114479640956,3.0708909212654607,3.4200366386194596
5,3.6123114479640956,3.0708909212654607,3.4200366386194596
