MDC_Number, CPU_capacity, RAM_capacity,disk_capacity
0,3.2107536507882153,3.941882178441663,3.016035908427341
1,3.2107536507882153,3.941882178441663,3.016035908427341
2,3.2107536507882153,3.941882178441663,3.016035908427341
3,3.2107536507882153,3.941882178441663,3.016035908427341
4,3.2107536507882153,3.941882178441663,3.016035908427341
5,3.2107536507882153,3.941882178441663,3.016035908427341
