MDC_Number, CPU_capacity, RAM_capacity,disk_capacity
0,3.7367699613125995,3.089766733157543,3.5657954975857318
1,3.7367699613125995,3.089766733157543,3.5657954975857318
2,3.7367699613125995,3.089766733157543,3.5657954975857318
3,3.7367699613125995,3.089766733157543,3.5657954975857318
4,3.7367699613125995,3.089766733157543,3.5657954975857318
5,3.7367699613125995,3.089766733157543,3.5657954975857318
