MDC_Number, CPU_capacity, RAM_capacity,disk_capacity
0,4.053296974367698,3.359476435893418,2.742288974857391
1,4.053296974367698,3.359476435893418,2.742288974857391
2,4.053296974367698,3.359476435893418,2.742288974857391
3,4.053296974367698,3.359476435893418,2.742288974857391
4,4.053296974367698,3.359476435893418,2.742288974857391
5,4.053296974367698,3.359476435893418,2.742288974857391
