MDC_Number, CPU_capacity, RAM_capacity,disk_capacity
0,3.759303380039925,3.5409658663681216,3.10814061567026
1,3.759303380039925,3.5409658663681216,3.10814061567026
2,3.759303380039925,3.5409658663681216,3.10814061567026
3,3.759303380039925,3.5409658663681216,3.10814061567026
4,3.759303380039925,3.5409658663681216,3.10814061567026
5,3.759303380039925,3.5409658663681216,3.10814061567026
