MDC_Number, CPU_capacity, RAM_capacity,disk_capacity
0,3.9166928737691658,3.7183448605512623,3.5081494985851216
1,3.9166928737691658,3.7183448605512623,3.5081494985851216
2,3.9166928737691658,3.7183448605512623,3.5081494985851216
3,3.9166928737691658,3.7183448605512623,3.5081494985851216
4,3.9166928737691658,3.7183448605512623,3.5081494985851216
5,3.9166928737691658,3.7183448605512623,3.5081494985851216
