MDC_Number, CPU_capacity, RAM_capacity,disk_capacity
0,3.2064129323231043,3.3333605518013223,3.226589671478835
1,3.2064129323231043,3.3333605518013223,3.226589671478835
2,3.2064129323231043,3.3333605518013223,3.226589671478835
3,3.2064129323231043,3.3333605518013223,3.226589671478835
4,3.2064129323231043,3.3333605518013223,3.226589671478835
5,3.2064129323231043,3.3333605518013223,3.226589671478835
