MDC_Number, CPU_capacity, RAM_capacity,disk_capacity
0,3.3754519685934845,3.186144159443522,2.995137042429871
1,3.3754519685934845,3.186144159443522,2.995137042429871
2,3.3754519685934845,3.186144159443522,2.995137042429871
3,3.3754519685934845,3.186144159443522,2.995137042429871
4,3.3754519685934845,3.186144159443522,2.995137042429871
5,3.3754519685934845,3.186144159443522,2.995137042429871
