MDC_Number, CPU_capacity, RAM_capacity,disk_capacity
0,2.9604831492062478,3.2591972979762867,3.661391546192651
1,2.9604831492062478,3.2591972979762867,3.661391546192651
2,2.9604831492062478,3.2591972979762867,3.661391546192651
3,2.9604831492062478,3.2591972979762867,3.661391546192651
4,2.9604831492062478,3.2591972979762867,3.661391546192651
5,2.9604831492062478,3.2591972979762867,3.661391546192651
