MDC_Number, CPU_capacity, RAM_capacity,disk_capacity
0,3.6606473166062585,3.975434918659721,3.5010914797208645
1,3.6606473166062585,3.975434918659721,3.5010914797208645
2,3.6606473166062585,3.975434918659721,3.5010914797208645
3,3.6606473166062585,3.975434918659721,3.5010914797208645
4,3.6606473166062585,3.975434918659721,3.5010914797208645
5,3.6606473166062585,3.975434918659721,3.5010914797208645
