MDC_Number, CPU_capacity, RAM_capacity,disk_capacity
0,3.45694545954833,3.174376749511615,3.0495100658732905
1,3.45694545954833,3.174376749511615,3.0495100658732905
2,3.45694545954833,3.174376749511615,3.0495100658732905
3,3.45694545954833,3.174376749511615,3.0495100658732905
4,3.45694545954833,3.174376749511615,3.0495100658732905
5,3.45694545954833,3.174376749511615,3.0495100658732905
