MDC_Number, CPU_capacity, RAM_capacity,disk_capacity
0,3.28783375331846,3.5597054140118694,3.6329901168350243
1,3.28783375331846,3.5597054140118694,3.6329901168350243
2,3.28783375331846,3.5597054140118694,3.6329901168350243
3,3.28783375331846,3.5597054140118694,3.6329901168350243
4,3.28783375331846,3.5597054140118694,3.6329901168350243
5,3.28783375331846,3.5597054140118694,3.6329901168350243
