MDC_Number, CPU_capacity, RAM_capacity,disk_capacity
0,2.927899797385262,2.965161969633529,3.086256898825865
1,2.927899797385262,2.965161969633529,3.086256898825865
2,2.927899797385262,2.965161969633529,3.086256898825865
3,2.927899797385262,2.965161969633529,3.086256898825865
4,2.927899797385262,2.965161969633529,3.086256898825865
5,2.927899797385262,2.965161969633529,3.086256898825865
