MDC_Number, CPU_capacity, RAM_capacity,disk_capacity
0,3.0454963276128657,3.0917391513293966,3.329262563461142
1,3.0454963276128657,3.0917391513293966,3.329262563461142
2,3.0454963276128657,3.0917391513293966,3.329262563461142
3,3.0454963276128657,3.0917391513293966,3.329262563461142
4,3.0454963276128657,3.0917391513293966,3.329262563461142
5,3.0454963276128657,3.0917391513293966,3.329262563461142
