MDC_Number, CPU_capacity, RAM_capacity,disk_capacity
0,3.6535545426438283,3.523962001255347,3.308862684595775
1,3.6535545426438283,3.523962001255347,3.308862684595775
2,3.6535545426438283,3.523962001255347,3.308862684595775
3,3.6535545426438283,3.523962001255347,3.308862684595775
4,3.6535545426438283,3.523962001255347,3.308862684595775
5,3.6535545426438283,3.523962001255347,3.308862684595775
