MDC_Number, CPU_capacity, RAM_capacity,disk_capacity
0,3.6052679477353595,3.5042713748452714,4.052192798758627
1,3.6052679477353595,3.5042713748452714,4.052192798758627
2,3.6052679477353595,3.5042713748452714,4.052192798758627
3,3.6052679477353595,3.5042713748452714,4.052192798758627
4,3.6052679477353595,3.5042713748452714,4.052192798758627
5,3.6052679477353595,3.5042713748452714,4.052192798758627
