MDC_Number, CPU_capacity, RAM_capacity,disk_capacity
0,3.3881066121545866,3.653568716360964,3.378849048450764
1,3.3881066121545866,3.653568716360964,3.378849048450764
2,3.3881066121545866,3.653568716360964,3.378849048450764
3,3.3881066121545866,3.653568716360964,3.378849048450764
4,3.3881066121545866,3.653568716360964,3.378849048450764
5,3.3881066121545866,3.653568716360964,3.378849048450764
