MDC_Number, CPU_capacity, RAM_capacity,disk_capacity
0,3.0631266370034895,3.0092226325091804,3.272820008484069
1,3.0631266370034895,3.0092226325091804,3.272820008484069
2,3.0631266370034895,3.0092226325091804,3.272820008484069
3,3.0631266370034895,3.0092226325091804,3.272820008484069
4,3.0631266370034895,3.0092226325091804,3.272820008484069
5,3.0631266370034895,3.0092226325091804,3.272820008484069
