MDC_Number, CPU_capacity, RAM_capacity,disk_capacity
0,3.738448550450094,3.4488867696106933,3.4895509238906954
1,3.738448550450094,3.4488867696106933,3.4895509238906954
2,3.738448550450094,3.4488867696106933,3.4895509238906954
3,3.738448550450094,3.4488867696106933,3.4895509238906954
4,3.738448550450094,3.4488867696106933,3.4895509238906954
5,3.738448550450094,3.4488867696106933,3.4895509238906954
