MDC_Number, CPU_capacity, RAM_capacity,disk_capacity
0,3.7648263658946117,3.18968165233929,3.584933111015528
1,3.7648263658946117,3.18968165233929,3.584933111015528
2,3.7648263658946117,3.18968165233929,3.584933111015528
3,3.7648263658946117,3.18968165233929,3.584933111015528
4,3.7648263658946117,3.18968165233929,3.584933111015528
5,3.7648263658946117,3.18968165233929,3.584933111015528
