MDC_Number, CPU_capacity, RAM_capacity,disk_capacity
0,3.2024325742710333,3.827666770153438,3.2436906952546476
1,3.2024325742710333,3.827666770153438,3.2436906952546476
2,3.2024325742710333,3.827666770153438,3.2436906952546476
3,3.2024325742710333,3.827666770153438,3.2436906952546476
4,3.2024325742710333,3.827666770153438,3.2436906952546476
5,3.2024325742710333,3.827666770153438,3.2436906952546476
