MDC_Number,CPU_cost,RAM_cost,disk_cost
0,0.5605757361744506,0.6537229579568717,0.5799824276184664
1,0.5257997429937296,0.9276531947657191,0.5981618014219652
2,0.8894287944554602,0.7697553509657802,0.9941750806283087
3,0.5337682457400463,0.8419438098351244,0.8295592594441406
4,0.8339551934578221,0.9455306548543843,0.5056132605658813
5,0.783317428115143,0.544410010060274,0.5660924317321283
