MDC_Number, CPU_capacity, RAM_capacity,disk_capacity
0,2.809067651914609,3.3233059845572157,4.379732242736024
1,2.809067651914609,3.3233059845572157,4.379732242736024
2,2.809067651914609,3.3233059845572157,4.379732242736024
3,2.809067651914609,3.3233059845572157,4.379732242736024
4,2.809067651914609,3.3233059845572157,4.379732242736024
5,2.809067651914609,3.3233059845572157,4.379732242736024
