MDC_Number, CPU_capacity, RAM_capacity,disk_capacity
0,3.379302376529813,4.008743530395205,3.9176945411219215
1,3.379302376529813,4.008743530395205,3.9176945411219215
2,3.379302376529813,4.008743530395205,3.9176945411219215
3,3.379302376529813,4.008743530395205,3.9176945411219215
4,3.379302376529813,4.008743530395205,3.9176945411219215
5,3.379302376529813,4.008743530395205,3.9176945411219215
