MDC_Number, CPU_capacity, RAM_capacity,disk_capacity
0,2.8315374508218856,4.286321663446194,3.6291567343763287
1,2.8315374508218856,4.286321663446194,3.6291567343763287
2,2.8315374508218856,4.286321663446194,3.6291567343763287
3,2.8315374508218856,4.286321663446194,3.6291567343763287
4,2.8315374508218856,4.286321663446194,3.6291567343763287
5,2.8315374508218856,4.286321663446194,3.6291567343763287
