MDC_Number, CPU_capacity, RAM_capacity,disk_capacity
0,3.832825931164363,3.560070719005589,3.326517434880241
1,3.832825931164363,3.560070719005589,3.326517434880241
2,3.832825931164363,3.560070719005589,3.326517434880241
3,3.832825931164363,3.560070719005589,3.326517434880241
4,3.832825931164363,3.560070719005589,3.326517434880241
5,3.832825931164363,3.560070719005589,3.326517434880241
