MDC_Number, CPU_capacity, RAM_capacity,disk_capacity
0,3.275214348853223,3.544216441150271,3.7391468703211723
1,3.275214348853223,3.544216441150271,3.7391468703211723
2,3.275214348853223,3.544216441150271,3.7391468703211723
3,3.275214348853223,3.544216441150271,3.7391468703211723
4,3.275214348853223,3.544216441150271,3.7391468703211723
5,3.275214348853223,3.544216441150271,3.7391468703211723
