MDC_Number, CPU_capacity, RAM_capacity,disk_capacity
0,3.2778769082064096,3.342917075801774,3.880250020995147
1,3.2778769082064096,3.342917075801774,3.880250020995147
2,3.2778769082064096,3.342917075801774,3.880250020995147
3,3.2778769082064096,3.342917075801774,3.880250020995147
4,3.2778769082064096,3.342917075801774,3.880250020995147
5,3.2778769082064096,3.342917075801774,3.880250020995147
