MDC_Number,CPU_cost,RAM_cost,disk_cost
0,0.7287892533476088,0.8549063150158054,0.9457354396457162
1,0.6537220470582982,0.8316422542736374,0.7841121144111156
2,0.9993664856926124,0.5179464504650011,0.9081508406190383
3,0.833746671325966,0.6421818212035143,0.7021749976976847
4,0.8495329854652829,0.5964702593385852,0.5937838569623906
5,0.5583831869816468,0.8829729606196486,0.5909491233270612
