MDC_Number, CPU_capacity, RAM_capacity,disk_capacity
0,3.442112309945508,3.383921149009867,3.513301866417367
1,3.442112309945508,3.383921149009867,3.513301866417367
2,3.442112309945508,3.383921149009867,3.513301866417367
3,3.442112309945508,3.383921149009867,3.513301866417367
4,3.442112309945508,3.383921149009867,3.513301866417367
5,3.442112309945508,3.383921149009867,3.513301866417367
