MDC_Number, CPU_capacity, RAM_capacity,disk_capacity
0,4.064996445230125,3.93884337139184,3.3451062159144627
1,4.064996445230125,3.93884337139184,3.3451062159144627
2,4.064996445230125,3.93884337139184,3.3451062159144627
3,4.064996445230125,3.93884337139184,3.3451062159144627
4,4.064996445230125,3.93884337139184,3.3451062159144627
5,4.064996445230125,3.93884337139184,3.3451062159144627
