MDC_Number, CPU_capacity, RAM_capacity,disk_capacity
0,3.5944870333330066,3.0623094309823657,4.094900661947114
1,3.5944870333330066,3.0623094309823657,4.094900661947114
2,3.5944870333330066,3.0623094309823657,4.094900661947114
3,3.5944870333330066,3.0623094309823657,4.094900661947114
4,3.5944870333330066,3.0623094309823657,4.094900661947114
5,3.5944870333330066,3.0623094309823657,4.094900661947114
