MDC_Number, CPU_capacity, RAM_capacity,disk_capacity
0,3.3493112742976736,2.9198580296502974,3.000394736892174
1,3.3493112742976736,2.9198580296502974,3.000394736892174
2,3.3493112742976736,2.9198580296502974,3.000394736892174
3,3.3493112742976736,2.9198580296502974,3.000394736892174
4,3.3493112742976736,2.9198580296502974,3.000394736892174
5,3.3493112742976736,2.9198580296502974,3.000394736892174
