MDC_Number, CPU_capacity, RAM_capacity,disk_capacity
0,3.4787144197393935,3.2233623377286444,3.5687738499709605
1,3.4787144197393935,3.2233623377286444,3.5687738499709605
2,3.4787144197393935,3.2233623377286444,3.5687738499709605
3,3.4787144197393935,3.2233623377286444,3.5687738499709605
4,3.4787144197393935,3.2233623377286444,3.5687738499709605
5,3.4787144197393935,3.2233623377286444,3.5687738499709605
