MDC_Number, CPU_capacity, RAM_capacity,disk_capacity
0,3.6094335495765137,3.1360170392953193,3.9832405270579216
1,3.6094335495765137,3.1360170392953193,3.9832405270579216
2,3.6094335495765137,3.1360170392953193,3.9832405270579216
3,3.6094335495765137,3.1360170392953193,3.9832405270579216
4,3.6094335495765137,3.1360170392953193,3.9832405270579216
5,3.6094335495765137,3.1360170392953193,3.9832405270579216
