MDC_Number, CPU_capacity, RAM_capacity,disk_capacity
0,3.3965351551952168,3.001021958256612,3.0627757311553756
1,3.3965351551952168,3.001021958256612,3.0627757311553756
2,3.3965351551952168,3.001021958256612,3.0627757311553756
3,3.3965351551952168,3.001021958256612,3.0627757311553756
4,3.3965351551952168,3.001021958256612,3.0627757311553756
5,3.3965351551952168,3.001021958256612,3.0627757311553756
