MDC_Number, CPU_capacity, RAM_capacity,disk_capacity
0,3.5475824966052816,3.438301533058292,3.6312775620179374
1,3.5475824966052816,3.438301533058292,3.6312775620179374
2,3.5475824966052816,3.438301533058292,3.6312775620179374
3,3.5475824966052816,3.438301533058292,3.6312775620179374
4,3.5475824966052816,3.438301533058292,3.6312775620179374
5,3.5475824966052816,3.438301533058292,3.6312775620179374
