MDC_Number, CPU_capacity, RAM_capacity,disk_capacity
0,3.5459043294290895,3.8163061305565407,3.671498732531837
1,3.5459043294290895,3.8163061305565407,3.671498732531837
2,3.5459043294290895,3.8163061305565407,3.671498732531837
3,3.5459043294290895,3.8163061305565407,3.671498732531837
4,3.5459043294290895,3.8163061305565407,3.671498732531837
5,3.5459043294290895,3.8163061305565407,3.671498732531837
