MDC_Number, CPU_capacity, RAM_capacity,disk_capacity
0,3.3344553009660274,4.3509897171956515,2.974201629564306
1,3.3344553009660274,4.3509897171956515,2.974201629564306
2,3.3344553009660274,4.3509897171956515,2.974201629564306
3,3.3344553009660274,4.3509897171956515,2.974201629564306
4,3.3344553009660274,4.3509897171956515,2.974201629564306
5,3.3344553009660274,4.3509897171956515,2.974201629564306
