MDC_Number, CPU_capacity, RAM_capacity,disk_capacity
0,3.442036980004344,3.3417817594342227,3.558141005102224
1,3.442036980004344,3.3417817594342227,3.558141005102224
2,3.442036980004344,3.3417817594342227,3.558141005102224
3,3.442036980004344,3.3417817594342227,3.558141005102224
4,3.442036980004344,3.3417817594342227,3.558141005102224
5,3.442036980004344,3.3417817594342227,3.558141005102224
