MDC_Number, CPU_capacity, RAM_capacity,disk_capacity
0,3.308193528009454,2.9383978520988094,3.8551840153354124
1,3.308193528009454,2.9383978520988094,3.8551840153354124
2,3.308193528009454,2.9383978520988094,3.8551840153354124
3,3.308193528009454,2.9383978520988094,3.8551840153354124
4,3.308193528009454,2.9383978520988094,3.8551840153354124
5,3.308193528009454,2.9383978520988094,3.8551840153354124
