MDC_Number, CPU_capacity, RAM_capacity,disk_capacity
0,2.529646557319314,3.4316484176422115,3.294401859428538
1,2.529646557319314,3.4316484176422115,3.294401859428538
2,2.529646557319314,3.4316484176422115,3.294401859428538
3,2.529646557319314,3.4316484176422115,3.294401859428538
4,2.529646557319314,3.4316484176422115,3.294401859428538
5,2.529646557319314,3.4316484176422115,3.294401859428538
