MDC_Number, CPU_capacity, RAM_capacity,disk_capacity
0,4.291995559406854,2.8496207363658232,3.5136743898020892
1,4.291995559406854,2.8496207363658232,3.5136743898020892
2,4.291995559406854,2.8496207363658232,3.5136743898020892
3,4.291995559406854,2.8496207363658232,3.5136743898020892
4,4.291995559406854,2.8496207363658232,3.5136743898020892
5,4.291995559406854,2.8496207363658232,3.5136743898020892
