MDC_Number, CPU_capacity, RAM_capacity,disk_capacity
0,3.1485753976570727,3.786894733156361,3.5318508911086655
1,3.1485753976570727,3.786894733156361,3.5318508911086655
2,3.1485753976570727,3.786894733156361,3.5318508911086655
3,3.1485753976570727,3.786894733156361,3.5318508911086655
4,3.1485753976570727,3.786894733156361,3.5318508911086655
5,3.1485753976570727,3.786894733156361,3.5318508911086655
