MDC_Number, CPU_capacity, RAM_capacity,disk_capacity
0,3.502887904900782,3.3583580051104116,3.2761396994188616
1,3.502887904900782,3.3583580051104116,3.2761396994188616
2,3.502887904900782,3.3583580051104116,3.2761396994188616
3,3.502887904900782,3.3583580051104116,3.2761396994188616
4,3.502887904900782,3.3583580051104116,3.2761396994188616
5,3.502887904900782,3.3583580051104116,3.2761396994188616
