MDC_Number, CPU_capacity, RAM_capacity,disk_capacity
0,3.562893619573845,3.1149497367644763,4.251151952047894
1,3.562893619573845,3.1149497367644763,4.251151952047894
2,3.562893619573845,3.1149497367644763,4.251151952047894
3,3.562893619573845,3.1149497367644763,4.251151952047894
4,3.562893619573845,3.1149497367644763,4.251151952047894
5,3.562893619573845,3.1149497367644763,4.251151952047894
