MDC_Number, CPU_capacity, RAM_capacity,disk_capacity
0,3.0628718206382928,3.757309716993065,3.330517396292666
1,3.0628718206382928,3.757309716993065,3.330517396292666
2,3.0628718206382928,3.757309716993065,3.330517396292666
3,3.0628718206382928,3.757309716993065,3.330517396292666
4,3.0628718206382928,3.757309716993065,3.330517396292666
5,3.0628718206382928,3.757309716993065,3.330517396292666
