MDC_Number, CPU_capacity, RAM_capacity,disk_capacity
0,3.512896131655984,3.430446831292812,3.3587601968999516
1,3.512896131655984,3.430446831292812,3.3587601968999516
2,3.512896131655984,3.430446831292812,3.3587601968999516
3,3.512896131655984,3.430446831292812,3.3587601968999516
4,3.512896131655984,3.430446831292812,3.3587601968999516
5,3.512896131655984,3.430446831292812,3.3587601968999516
