MDC_Number,CPU_cost,RAM_cost,disk_cost
0,0.8586518948093982,0.760847411446125,0.7684408619088325
1,0.5899126110319728,0.9094535016250151,0.8892371306412012
2,0.9678769956928848,0.7042958838215831,0.9791061790953888
3,0.9526932070369751,0.7879140410351151,0.9434402755828448
4,0.7853303724559424,0.6305306579741546,0.823630605265729
5,0.9047644134893658,0.8300436221852213,0.8516607673719635
