MDC_Number, CPU_capacity, RAM_capacity,disk_capacity
0,3.4641789996871264,3.3962429243214247,3.3930037115190097
1,3.4641789996871264,3.3962429243214247,3.3930037115190097
2,3.4641789996871264,3.3962429243214247,3.3930037115190097
3,3.4641789996871264,3.3962429243214247,3.3930037115190097
4,3.4641789996871264,3.3962429243214247,3.3930037115190097
5,3.4641789996871264,3.3962429243214247,3.3930037115190097
