MDC_Number, CPU_capacity, RAM_capacity,disk_capacity
0,3.1061388719119845,3.499830522667872,3.5775918685146006
1,3.1061388719119845,3.499830522667872,3.5775918685146006
2,3.1061388719119845,3.499830522667872,3.5775918685146006
3,3.1061388719119845,3.499830522667872,3.5775918685146006
4,3.1061388719119845,3.499830522667872,3.5775918685146006
5,3.1061388719119845,3.499830522667872,3.5775918685146006
