MDC_Number, CPU_capacity, RAM_capacity,disk_capacity
0,2.7591726648516075,2.9902315535497426,4.024834416099851
1,2.7591726648516075,2.9902315535497426,4.024834416099851
2,2.7591726648516075,2.9902315535497426,4.024834416099851
3,2.7591726648516075,2.9902315535497426,4.024834416099851
4,2.7591726648516075,2.9902315535497426,4.024834416099851
5,2.7591726648516075,2.9902315535497426,4.024834416099851
