MDC_Number, CPU_capacity, RAM_capacity,disk_capacity
0,3.0262378818536817,3.366099770881295,3.9900166044813186
1,3.0262378818536817,3.366099770881295,3.9900166044813186
2,3.0262378818536817,3.366099770881295,3.9900166044813186
3,3.0262378818536817,3.366099770881295,3.9900166044813186
4,3.0262378818536817,3.366099770881295,3.9900166044813186
5,3.0262378818536817,3.366099770881295,3.9900166044813186
