MDC_Number, CPU_capacity, RAM_capacity,disk_capacity
0,3.175710916991497,3.9111053281550237,3.53678498209376
1,3.175710916991497,3.9111053281550237,3.53678498209376
2,3.175710916991497,3.9111053281550237,3.53678498209376
3,3.175710916991497,3.9111053281550237,3.53678498209376
4,3.175710916991497,3.9111053281550237,3.53678498209376
5,3.175710916991497,3.9111053281550237,3.53678498209376
