MDC_Number, CPU_capacity, RAM_capacity,disk_capacity
0,3.8596232732194355,3.271467163958386,3.3001110189775087
1,3.8596232732194355,3.271467163958386,3.3001110189775087
2,3.8596232732194355,3.271467163958386,3.3001110189775087
3,3.8596232732194355,3.271467163958386,3.3001110189775087
4,3.8596232732194355,3.271467163958386,3.3001110189775087
5,3.8596232732194355,3.271467163958386,3.3001110189775087
