MDC_Number, CPU_capacity, RAM_capacity,disk_capacity
0,3.285674638984352,3.2325662699421978,4.132477876445175
1,3.285674638984352,3.2325662699421978,4.132477876445175
2,3.285674638984352,3.2325662699421978,4.132477876445175
3,3.285674638984352,3.2325662699421978,4.132477876445175
4,3.285674638984352,3.2325662699421978,4.132477876445175
5,3.285674638984352,3.2325662699421978,4.132477876445175
