MDC_Number, CPU_capacity, RAM_capacity,disk_capacity
0,3.6043644551292084,3.1605508150332686,2.6850235243354956
1,3.6043644551292084,3.1605508150332686,2.6850235243354956
2,3.6043644551292084,3.1605508150332686,2.6850235243354956
3,3.6043644551292084,3.1605508150332686,2.6850235243354956
4,3.6043644551292084,3.1605508150332686,2.6850235243354956
5,3.6043644551292084,3.1605508150332686,2.6850235243354956
