MDC_Number, CPU_capacity, RAM_capacity,disk_capacity
0,3.1219291148651407,3.246479366304252,3.613196121441157
1,3.1219291148651407,3.246479366304252,3.613196121441157
2,3.1219291148651407,3.246479366304252,3.613196121441157
3,3.1219291148651407,3.246479366304252,3.613196121441157
4,3.1219291148651407,3.246479366304252,3.613196121441157
5,3.1219291148651407,3.246479366304252,3.613196121441157
