MDC_Number, CPU_capacity, RAM_capacity,disk_capacity
0,3.389632268165293,3.08242471175046,3.6775602071149276
1,3.389632268165293,3.08242471175046,3.6775602071149276
2,3.389632268165293,3.08242471175046,3.6775602071149276
3,3.389632268165293,3.08242471175046,3.6775602071149276
4,3.389632268165293,3.08242471175046,3.6775602071149276
5,3.389632268165293,3.08242471175046,3.6775602071149276
