MDC_Number,CPU_cost,RAM_cost,disk_cost
0,0.6799113716382487,0.6481341416798363,0.9024199155010943
1,0.609794640555201,0.7554264240224637,0.9439422156175284
2,0.5982255211347425,0.8262908587123863,0.7255241181938918
3,0.5513129331879483,0.5360522424911187,0.6597553042561786
4,0.5656823483047684,0.8800062714668171,0.7529681491939543
5,0.8362494768389945,0.5971221185135644,0.9500419152427628
