MDC_Number,CPU_cost,RAM_cost,disk_cost
0,0.5014170327362757,0.8726756326037066,0.96402101325389
1,0.608068875445269,0.5992028903587866,0.5454190641005648
2,0.6163166510309155,0.5297568821736197,0.7060270903695209
3,0.6419232300328843,0.6167919541096307,0.8037116217609275
4,0.8459535880849767,0.9235203609236722,0.6983675765373951
5,0.654154976191161,0.880122006972816,0.6403206567893848
