MDC_Number, CPU_capacity, RAM_capacity,disk_capacity
0,3.511901119494409,3.5681795905094598,3.3099150326446436
1,3.511901119494409,3.5681795905094598,3.3099150326446436
2,3.511901119494409,3.5681795905094598,3.3099150326446436
3,3.511901119494409,3.5681795905094598,3.3099150326446436
4,3.511901119494409,3.5681795905094598,3.3099150326446436
5,3.511901119494409,3.5681795905094598,3.3099150326446436
