MDC_Number, CPU_capacity, RAM_capacity,disk_capacity
0,3.541061229096641,3.484014446334714,3.5544127602608357
1,3.541061229096641,3.484014446334714,3.5544127602608357
2,3.541061229096641,3.484014446334714,3.5544127602608357
3,3.541061229096641,3.484014446334714,3.5544127602608357
4,3.541061229096641,3.484014446334714,3.5544127602608357
5,3.541061229096641,3.484014446334714,3.5544127602608357
