MDC_Number, CPU_capacity, RAM_capacity,disk_capacity
0,4.5116344131874575,4.03402561643547,4.452792277421961
1,4.5116344131874575,4.03402561643547,4.452792277421961
2,4.5116344131874575,4.03402561643547,4.452792277421961
3,4.5116344131874575,4.03402561643547,4.452792277421961
4,4.5116344131874575,4.03402561643547,4.452792277421961
5,4.5116344131874575,4.03402561643547,4.452792277421961
