MDC_Number, CPU_capacity, RAM_capacity,disk_capacity
0,3.0526777915154204,3.093345108005538,3.0131942680708366
1,3.0526777915154204,3.093345108005538,3.0131942680708366
2,3.0526777915154204,3.093345108005538,3.0131942680708366
3,3.0526777915154204,3.093345108005538,3.0131942680708366
4,3.0526777915154204,3.093345108005538,3.0131942680708366
5,3.0526777915154204,3.093345108005538,3.0131942680708366
