MDC_Number, CPU_capacity, RAM_capacity,disk_capacity
0,3.377479443937883,3.6689618144286267,3.260192528423682
1,3.377479443937883,3.6689618144286267,3.260192528423682
2,3.377479443937883,3.6689618144286267,3.260192528423682
3,3.377479443937883,3.6689618144286267,3.260192528423682
4,3.377479443937883,3.6689618144286267,3.260192528423682
5,3.377479443937883,3.6689618144286267,3.260192528423682
