MDC_Number, CPU_capacity, RAM_capacity,disk_capacity
0,3.6091562235515506,3.70382439482694,3.409304080154285
1,3.6091562235515506,3.70382439482694,3.409304080154285
2,3.6091562235515506,3.70382439482694,3.409304080154285
3,3.6091562235515506,3.70382439482694,3.409304080154285
4,3.6091562235515506,3.70382439482694,3.409304080154285
5,3.6091562235515506,3.70382439482694,3.409304080154285
