MDC_Number, CPU_capacity, RAM_capacity,disk_capacity
0,3.616249877151305,3.406888919217552,2.9263891909864483
1,3.616249877151305,3.406888919217552,2.9263891909864483
2,3.616249877151305,3.406888919217552,2.9263891909864483
3,3.616249877151305,3.406888919217552,2.9263891909864483
4,3.616249877151305,3.406888919217552,2.9263891909864483
5,3.616249877151305,3.406888919217552,2.9263891909864483
