MDC_Number, CPU_capacity, RAM_capacity,disk_capacity
0,3.3671662644730085,3.5786174419310295,3.379991092807673
1,3.3671662644730085,3.5786174419310295,3.379991092807673
2,3.3671662644730085,3.5786174419310295,3.379991092807673
3,3.3671662644730085,3.5786174419310295,3.379991092807673
4,3.3671662644730085,3.5786174419310295,3.379991092807673
5,3.3671662644730085,3.5786174419310295,3.379991092807673
