MDC_Number, CPU_capacity, RAM_capacity,disk_capacity
0,3.1842077284943047,2.9576371452121677,3.725390851746972
1,3.1842077284943047,2.9576371452121677,3.725390851746972
2,3.1842077284943047,2.9576371452121677,3.725390851746972
3,3.1842077284943047,2.9576371452121677,3.725390851746972
4,3.1842077284943047,2.9576371452121677,3.725390851746972
5,3.1842077284943047,2.9576371452121677,3.725390851746972
