MDC_Number, CPU_capacity, RAM_capacity,disk_capacity
0,2.8956923047085343,3.2035029859775115,3.627834447634891
1,2.8956923047085343,3.2035029859775115,3.627834447634891
2,2.8956923047085343,3.2035029859775115,3.627834447634891
3,2.8956923047085343,3.2035029859775115,3.627834447634891
4,2.8956923047085343,3.2035029859775115,3.627834447634891
5,2.8956923047085343,3.2035029859775115,3.627834447634891
