MDC_Number, CPU_capacity, RAM_capacity,disk_capacity
0,3.8877695813893554,3.2203189077085805,3.2359946658727625
1,3.8877695813893554,3.2203189077085805,3.2359946658727625
2,3.8877695813893554,3.2203189077085805,3.2359946658727625
3,3.8877695813893554,3.2203189077085805,3.2359946658727625
4,3.8877695813893554,3.2203189077085805,3.2359946658727625
5,3.8877695813893554,3.2203189077085805,3.2359946658727625
