MDC_Number, CPU_capacity, RAM_capacity,disk_capacity
0,3.9377249508615186,3.387386206356964,3.0833555837318194
1,3.9377249508615186,3.387386206356964,3.0833555837318194
2,3.9377249508615186,3.387386206356964,3.0833555837318194
3,3.9377249508615186,3.387386206356964,3.0833555837318194
4,3.9377249508615186,3.387386206356964,3.0833555837318194
5,3.9377249508615186,3.387386206356964,3.0833555837318194
