MDC_Number, CPU_capacity, RAM_capacity,disk_capacity
0,3.748553568518627,3.3090464837347633,3.5413550719061835
1,3.748553568518627,3.3090464837347633,3.5413550719061835
2,3.748553568518627,3.3090464837347633,3.5413550719061835
3,3.748553568518627,3.3090464837347633,3.5413550719061835
4,3.748553568518627,3.3090464837347633,3.5413550719061835
5,3.748553568518627,3.3090464837347633,3.5413550719061835
