MDC_Number, CPU_capacity, RAM_capacity,disk_capacity
0,3.2355359676582474,3.645305870894032,3.5259395700444474
1,3.2355359676582474,3.645305870894032,3.5259395700444474
2,3.2355359676582474,3.645305870894032,3.5259395700444474
3,3.2355359676582474,3.645305870894032,3.5259395700444474
4,3.2355359676582474,3.645305870894032,3.5259395700444474
5,3.2355359676582474,3.645305870894032,3.5259395700444474
