MDC_Number, CPU_capacity, RAM_capacity,disk_capacity
0,3.0044269589759924,3.2296871830861953,3.7397007629564367
1,3.0044269589759924,3.2296871830861953,3.7397007629564367
2,3.0044269589759924,3.2296871830861953,3.7397007629564367
3,3.0044269589759924,3.2296871830861953,3.7397007629564367
4,3.0044269589759924,3.2296871830861953,3.7397007629564367
5,3.0044269589759924,3.2296871830861953,3.7397007629564367
