MDC_Number, CPU_capacity, RAM_capacity,disk_capacity
0,2.826773686999566,3.5398249774597312,2.875515570636166
1,2.826773686999566,3.5398249774597312,2.875515570636166
2,2.826773686999566,3.5398249774597312,2.875515570636166
3,2.826773686999566,3.5398249774597312,2.875515570636166
4,2.826773686999566,3.5398249774597312,2.875515570636166
5,2.826773686999566,3.5398249774597312,2.875515570636166
