MDC_Number, CPU_capacity, RAM_capacity,disk_capacity
0,3.4093346057675995,3.5827451637503245,3.600362052591157
1,3.4093346057675995,3.5827451637503245,3.600362052591157
2,3.4093346057675995,3.5827451637503245,3.600362052591157
3,3.4093346057675995,3.5827451637503245,3.600362052591157
4,3.4093346057675995,3.5827451637503245,3.600362052591157
5,3.4093346057675995,3.5827451637503245,3.600362052591157
