MDC_Number, CPU_capacity, RAM_capacity,disk_capacity
0,3.7085255597630358,3.135102014628576,3.828480468375255
1,3.7085255597630358,3.135102014628576,3.828480468375255
2,3.7085255597630358,3.135102014628576,3.828480468375255
3,3.7085255597630358,3.135102014628576,3.828480468375255
4,3.7085255597630358,3.135102014628576,3.828480468375255
5,3.7085255597630358,3.135102014628576,3.828480468375255
