MDC_Number, CPU_capacity, RAM_capacity,disk_capacity
0,3.6281372350623826,3.08053144569811,3.5679338522754485
1,3.6281372350623826,3.08053144569811,3.5679338522754485
2,3.6281372350623826,3.08053144569811,3.5679338522754485
3,3.6281372350623826,3.08053144569811,3.5679338522754485
4,3.6281372350623826,3.08053144569811,3.5679338522754485
5,3.6281372350623826,3.08053144569811,3.5679338522754485
