MDC_Number, CPU_capacity, RAM_capacity,disk_capacity
0,2.967307991372907,3.1964769446105312,2.9594115411816317
1,2.967307991372907,3.1964769446105312,2.9594115411816317
2,2.967307991372907,3.1964769446105312,2.9594115411816317
3,2.967307991372907,3.1964769446105312,2.9594115411816317
4,2.967307991372907,3.1964769446105312,2.9594115411816317
5,2.967307991372907,3.1964769446105312,2.9594115411816317
