MDC_Number, CPU_capacity, RAM_capacity,disk_capacity
0,3.465975064250521,3.2702983158472594,3.3410436719396444
1,3.465975064250521,3.2702983158472594,3.3410436719396444
2,3.465975064250521,3.2702983158472594,3.3410436719396444
3,3.465975064250521,3.2702983158472594,3.3410436719396444
4,3.465975064250521,3.2702983158472594,3.3410436719396444
5,3.465975064250521,3.2702983158472594,3.3410436719396444
