MDC_Number, CPU_capacity, RAM_capacity,disk_capacity
0,3.454835321371283,3.467675414501998,3.328641690035147
1,3.454835321371283,3.467675414501998,3.328641690035147
2,3.454835321371283,3.467675414501998,3.328641690035147
3,3.454835321371283,3.467675414501998,3.328641690035147
4,3.454835321371283,3.467675414501998,3.328641690035147
5,3.454835321371283,3.467675414501998,3.328641690035147
