MDC_Number, CPU_capacity, RAM_capacity,disk_capacity
0,3.7223881491622253,3.663162083580172,3.553859529114727
1,3.7223881491622253,3.663162083580172,3.553859529114727
2,3.7223881491622253,3.663162083580172,3.553859529114727
3,3.7223881491622253,3.663162083580172,3.553859529114727
4,3.7223881491622253,3.663162083580172,3.553859529114727
5,3.7223881491622253,3.663162083580172,3.553859529114727
