MDC_Number, CPU_capacity, RAM_capacity,disk_capacity
0,3.675116795504223,3.584572188541139,3.2430280187138645
1,3.675116795504223,3.584572188541139,3.2430280187138645
2,3.675116795504223,3.584572188541139,3.2430280187138645
3,3.675116795504223,3.584572188541139,3.2430280187138645
4,3.675116795504223,3.584572188541139,3.2430280187138645
5,3.675116795504223,3.584572188541139,3.2430280187138645
