MDC_Number, CPU_capacity, RAM_capacity,disk_capacity
0,3.137460212759814,3.2462863226341714,3.7637477512835495
1,3.137460212759814,3.2462863226341714,3.7637477512835495
2,3.137460212759814,3.2462863226341714,3.7637477512835495
3,3.137460212759814,3.2462863226341714,3.7637477512835495
4,3.137460212759814,3.2462863226341714,3.7637477512835495
5,3.137460212759814,3.2462863226341714,3.7637477512835495
