MDC_Number,CPU_cost,RAM_cost,disk_cost
0,0.5414962990866246,0.8520233755027469,0.5402864747282727
1,0.834268932327412,0.9039569308035962,0.7760851240316505
2,0.771064673407124,0.8113427213572435,0.6069205441736583
3,0.9645294274618096,0.8938256125342783,0.6127732998901068
4,0.6244216571635063,0.6473710527685403,0.734392425665833
5,0.6886234875673414,0.720520469293062,0.6203946846141142
