MDC_Number, CPU_capacity, RAM_capacity,disk_capacity
0,3.163522491217483,3.1671856910237626,3.2126095769124072
1,3.163522491217483,3.1671856910237626,3.2126095769124072
2,3.163522491217483,3.1671856910237626,3.2126095769124072
3,3.163522491217483,3.1671856910237626,3.2126095769124072
4,3.163522491217483,3.1671856910237626,3.2126095769124072
5,3.163522491217483,3.1671856910237626,3.2126095769124072
