MDC_Number, CPU_capacity, RAM_capacity,disk_capacity
0,2.8221850550164262,3.063874482462801,3.7199860523821195
1,2.8221850550164262,3.063874482462801,3.7199860523821195
2,2.8221850550164262,3.063874482462801,3.7199860523821195
3,2.8221850550164262,3.063874482462801,3.7199860523821195
4,2.8221850550164262,3.063874482462801,3.7199860523821195
5,2.8221850550164262,3.063874482462801,3.7199860523821195
