MDC_Number, CPU_capacity, RAM_capacity,disk_capacity
0,3.530443785545915,3.514762582665541,2.889993004039599
1,3.530443785545915,3.514762582665541,2.889993004039599
2,3.530443785545915,3.514762582665541,2.889993004039599
3,3.530443785545915,3.514762582665541,2.889993004039599
4,3.530443785545915,3.514762582665541,2.889993004039599
5,3.530443785545915,3.514762582665541,2.889993004039599
