MDC_Number,CPU_cost,RAM_cost,disk_cost
0,0.7782969717254111,0.922055905380078,0.6621555280594572
1,0.8735342619206721,0.5356500104129986,0.7071199733234035
2,0.9437045216873651,0.5765883860253349,0.5600171273333674
3,0.5053452673157591,0.9726566925296615,0.9790822961875687
4,0.8315353373742982,0.7796666983827185,0.7609933585750241
5,0.9672464428742953,0.6714693964615618,0.9532407656261492
