MDC_Number, CPU_capacity, RAM_capacity,disk_capacity
0,3.7102871239237487,3.1196205073661463,3.471151272609628
1,3.7102871239237487,3.1196205073661463,3.471151272609628
2,3.7102871239237487,3.1196205073661463,3.471151272609628
3,3.7102871239237487,3.1196205073661463,3.471151272609628
4,3.7102871239237487,3.1196205073661463,3.471151272609628
5,3.7102871239237487,3.1196205073661463,3.471151272609628
