MDC_Number, CPU_capacity, RAM_capacity,disk_capacity
0,3.340133671009008,3.2333069261873506,3.011600061875308
1,3.340133671009008,3.2333069261873506,3.011600061875308
2,3.340133671009008,3.2333069261873506,3.011600061875308
3,3.340133671009008,3.2333069261873506,3.011600061875308
4,3.340133671009008,3.2333069261873506,3.011600061875308
5,3.340133671009008,3.2333069261873506,3.011600061875308
