MDC_Number, CPU_capacity, RAM_capacity,disk_capacity
0,3.5515274566296684,3.6620137426758603,3.7879894963080147
1,3.5515274566296684,3.6620137426758603,3.7879894963080147
2,3.5515274566296684,3.6620137426758603,3.7879894963080147
3,3.5515274566296684,3.6620137426758603,3.7879894963080147
4,3.5515274566296684,3.6620137426758603,3.7879894963080147
5,3.5515274566296684,3.6620137426758603,3.7879894963080147
