MDC_Number, CPU_capacity, RAM_capacity,disk_capacity
0,3.4310965105940365,3.2792467343890865,3.1128342647718723
1,3.4310965105940365,3.2792467343890865,3.1128342647718723
2,3.4310965105940365,3.2792467343890865,3.1128342647718723
3,3.4310965105940365,3.2792467343890865,3.1128342647718723
4,3.4310965105940365,3.2792467343890865,3.1128342647718723
5,3.4310965105940365,3.2792467343890865,3.1128342647718723
