MDC_Number, CPU_capacity, RAM_capacity,disk_capacity
0,3.378237485985468,3.643398191111205,3.550326391892477
1,3.378237485985468,3.643398191111205,3.550326391892477
2,3.378237485985468,3.643398191111205,3.550326391892477
3,3.378237485985468,3.643398191111205,3.550326391892477
4,3.378237485985468,3.643398191111205,3.550326391892477
5,3.378237485985468,3.643398191111205,3.550326391892477
