MDC_Number, CPU_capacity, RAM_capacity,disk_capacity
0,3.6157779739898377,3.2892355395436454,3.5730246718791934
1,3.6157779739898377,3.2892355395436454,3.5730246718791934
2,3.6157779739898377,3.2892355395436454,3.5730246718791934
3,3.6157779739898377,3.2892355395436454,3.5730246718791934
4,3.6157779739898377,3.2892355395436454,3.5730246718791934
5,3.6157779739898377,3.2892355395436454,3.5730246718791934
