MDC_Number, CPU_capacity, RAM_capacity,disk_capacity
0,3.2837756360923276,3.1093930736944135,3.100075523264626
1,3.2837756360923276,3.1093930736944135,3.100075523264626
2,3.2837756360923276,3.1093930736944135,3.100075523264626
3,3.2837756360923276,3.1093930736944135,3.100075523264626
4,3.2837756360923276,3.1093930736944135,3.100075523264626
5,3.2837756360923276,3.1093930736944135,3.100075523264626
