MDC_Number, CPU_capacity, RAM_capacity,disk_capacity
0,3.25474597915755,2.8762099385980067,3.137242677025
1,3.25474597915755,2.8762099385980067,3.137242677025
2,3.25474597915755,2.8762099385980067,3.137242677025
3,3.25474597915755,2.8762099385980067,3.137242677025
4,3.25474597915755,2.8762099385980067,3.137242677025
5,3.25474597915755,2.8762099385980067,3.137242677025
