MDC_Number, CPU_capacity, RAM_capacity,disk_capacity
0,3.351872911825219,3.6888486896633235,3.2176151102248447
1,3.351872911825219,3.6888486896633235,3.2176151102248447
2,3.351872911825219,3.6888486896633235,3.2176151102248447
3,3.351872911825219,3.6888486896633235,3.2176151102248447
4,3.351872911825219,3.6888486896633235,3.2176151102248447
5,3.351872911825219,3.6888486896633235,3.2176151102248447
