MDC_Number, CPU_capacity, RAM_capacity,disk_capacity
0,3.638066920814131,3.091527546137944,3.50135458189613
1,3.638066920814131,3.091527546137944,3.50135458189613
2,3.638066920814131,3.091527546137944,3.50135458189613
3,3.638066920814131,3.091527546137944,3.50135458189613
4,3.638066920814131,3.091527546137944,3.50135458189613
5,3.638066920814131,3.091527546137944,3.50135458189613
