MDC_Number, CPU_capacity, RAM_capacity,disk_capacity
0,3.37049511783688,3.0769789515009482,3.025885241455343
1,3.37049511783688,3.0769789515009482,3.025885241455343
2,3.37049511783688,3.0769789515009482,3.025885241455343
3,3.37049511783688,3.0769789515009482,3.025885241455343
4,3.37049511783688,3.0769789515009482,3.025885241455343
5,3.37049511783688,3.0769789515009482,3.025885241455343
