MDC_Number, CPU_capacity, RAM_capacity,disk_capacity
0,3.6716506345451148,3.030616369221299,3.3617824153857896
1,3.6716506345451148,3.030616369221299,3.3617824153857896
2,3.6716506345451148,3.030616369221299,3.3617824153857896
3,3.6716506345451148,3.030616369221299,3.3617824153857896
4,3.6716506345451148,3.030616369221299,3.3617824153857896
5,3.6716506345451148,3.030616369221299,3.3617824153857896
