MDC_Number, CPU_capacity, RAM_capacity,disk_capacity
0,3.200945662095447,3.432366033348136,3.538128140519004
1,3.200945662095447,3.432366033348136,3.538128140519004
2,3.200945662095447,3.432366033348136,3.538128140519004
3,3.200945662095447,3.432366033348136,3.538128140519004
4,3.200945662095447,3.432366033348136,3.538128140519004
5,3.200945662095447,3.432366033348136,3.538128140519004
