MDC_Number, CPU_capacity, RAM_capacity,disk_capacity
0,3.9258096537506555,3.2086921797890136,3.060714064834276
1,3.9258096537506555,3.2086921797890136,3.060714064834276
2,3.9258096537506555,3.2086921797890136,3.060714064834276
3,3.9258096537506555,3.2086921797890136,3.060714064834276
4,3.9258096537506555,3.2086921797890136,3.060714064834276
5,3.9258096537506555,3.2086921797890136,3.060714064834276
