MDC_Number, CPU_capacity, RAM_capacity,disk_capacity
0,3.7088328612114845,3.930996916992669,2.9963176238505658
1,3.7088328612114845,3.930996916992669,2.9963176238505658
2,3.7088328612114845,3.930996916992669,2.9963176238505658
3,3.7088328612114845,3.930996916992669,2.9963176238505658
4,3.7088328612114845,3.930996916992669,2.9963176238505658
5,3.7088328612114845,3.930996916992669,2.9963176238505658
