MDC_Number, CPU_capacity, RAM_capacity,disk_capacity
0,3.3806931677945435,3.627358725793988,3.610004087272609
1,3.3806931677945435,3.627358725793988,3.610004087272609
2,3.3806931677945435,3.627358725793988,3.610004087272609
3,3.3806931677945435,3.627358725793988,3.610004087272609
4,3.3806931677945435,3.627358725793988,3.610004087272609
5,3.3806931677945435,3.627358725793988,3.610004087272609
