MDC_Number, CPU_capacity, RAM_capacity,disk_capacity
0,3.4282699604004807,3.7184209486400768,3.401565173550331
1,3.4282699604004807,3.7184209486400768,3.401565173550331
2,3.4282699604004807,3.7184209486400768,3.401565173550331
3,3.4282699604004807,3.7184209486400768,3.401565173550331
4,3.4282699604004807,3.7184209486400768,3.401565173550331
5,3.4282699604004807,3.7184209486400768,3.401565173550331
