MDC_Number, CPU_capacity, RAM_capacity,disk_capacity
0,3.299239623173829,3.7924081543735717,3.099364955732952
1,3.299239623173829,3.7924081543735717,3.099364955732952
2,3.299239623173829,3.7924081543735717,3.099364955732952
3,3.299239623173829,3.7924081543735717,3.099364955732952
4,3.299239623173829,3.7924081543735717,3.099364955732952
5,3.299239623173829,3.7924081543735717,3.099364955732952
