MDC_Number, CPU_capacity, RAM_capacity,disk_capacity
0,3.4348308860507197,3.52721997322927,3.6214697048890416
1,3.4348308860507197,3.52721997322927,3.6214697048890416
2,3.4348308860507197,3.52721997322927,3.6214697048890416
3,3.4348308860507197,3.52721997322927,3.6214697048890416
4,3.4348308860507197,3.52721997322927,3.6214697048890416
5,3.4348308860507197,3.52721997322927,3.6214697048890416
