MDC_Number, CPU_capacity, RAM_capacity,disk_capacity
0,3.36281575309151,3.001685913582854,3.2136941789497353
1,3.36281575309151,3.001685913582854,3.2136941789497353
2,3.36281575309151,3.001685913582854,3.2136941789497353
3,3.36281575309151,3.001685913582854,3.2136941789497353
4,3.36281575309151,3.001685913582854,3.2136941789497353
5,3.36281575309151,3.001685913582854,3.2136941789497353
